序号,全称,级别,类型,级别标签,类型标签,组合标签,细分标签,上级,省,地理大区,备注
1,全国政协,国家级,全国,国家级,全国,"国家级政协,全国政协",,,,全国,
2,北京市政协,省级,直辖市,省级,直辖市,"省级政协,直辖市政协",,,北京市,华北,
3,北京市东城区政协,县级,市辖区,县级,市辖区,"县级政协,市辖区政协,区政协",,北京市,北京市,华北,
4,北京市西城区政协,县级,市辖区,县级,市辖区,"县级政协,市辖区政协,区政协",,北京市,北京市,华北,
5,北京市朝阳区政协,县级,市辖区,县级,市辖区,"县级政协,市辖区政协,区政协",,北京市,北京市,华北,
6,北京市丰台区政协,县级,市辖区,县级,市辖区,"县级政协,市辖区政协,区政协",,北京市,北京市,华北,
7,北京市石景山区政协,县级,市辖区,县级,市辖区,"县级政协,市辖区政协,区政协",,北京市,北京市,华北,
8,北京市海淀区政协,县级,市辖区,县级,市辖区,"县级政协,市辖区政协,区政协",,北京市,北京市,华北,
9,北京市门头沟区政协,县级,市辖区,县级,市辖区,"县级政协,市辖区政协,区政协",,北京市,北京市,华北,
10,北京市房山区政协,县级,市辖区,县级,市辖区,"县级政协,市辖区政协,区政协",,北京市,北京市,华北,
11,北京市通州区政协,县级,市辖区,县级,市辖区,"县级政协,市辖区政协,区政协",,北京市,北京市,华北,
12,北京市顺义区政协,县级,市辖区,县级,市辖区,"县级政协,市辖区政协,区政协",,北京市,北京市,华北,
13,北京市昌平区政协,县级,市辖区,县级,市辖区,"县级政协,市辖区政协,区政协",,北京市,北京市,华北,
14,北京市大兴区政协,县级,市辖区,县级,市辖区,"县级政协,市辖区政协,区政协",,北京市,北京市,华北,
15,北京市怀柔区政协,县级,市辖区,县级,市辖区,"县级政协,市辖区政协,区政协",,北京市,北京市,华北,
16,北京市平谷区政协,县级,市辖区,县级,市辖区,"县级政协,市辖区政协,区政协",,北京市,北京市,华北,
17,北京市密云区政协,县级,市辖区,县级,市辖区,"县级政协,市辖区政协,区政协",,北京市,北京市,华北,
18,北京市延庆区政协,县级,市辖区,县级,市辖区,"县级政协,市辖区政协,区政协",,北京市,北京市,华北,
19,天津市政协,省级,直辖市,省级,直辖市,"省级政协,直辖市政协",,,天津市,华北,
20,天津市和平区政协,县级,市辖区,县级,市辖区,"县级政协,市辖区政协,区政协",,天津市,天津市,华北,
21,天津市河东区政协,县级,市辖区,县级,市辖区,"县级政协,市辖区政协,区政协",,天津市,天津市,华北,
22,天津市河西区政协,县级,市辖区,县级,市辖区,"县级政协,市辖区政协,区政协",,天津市,天津市,华北,
23,天津市南开区政协,县级,市辖区,县级,市辖区,"县级政协,市辖区政协,区政协",,天津市,天津市,华北,
24,天津市河北区政协,县级,市辖区,县级,市辖区,"县级政协,市辖区政协,区政协",,天津市,天津市,华北,
25,天津市红桥区政协,县级,市辖区,县级,市辖区,"县级政协,市辖区政协,区政协",,天津市,天津市,华北,
26,天津市东丽区政协,县级,市辖区,县级,市辖区,"县级政协,市辖区政协,区政协",,天津市,天津市,华北,
27,天津市西青区政协,县级,市辖区,县级,市辖区,"县级政协,市辖区政协,区政协",,天津市,天津市,华北,
28,天津市津南区政协,县级,市辖区,县级,市辖区,"县级政协,市辖区政协,区政协",,天津市,天津市,华北,
29,天津市北辰区政协,县级,市辖区,县级,市辖区,"县级政协,市辖区政协,区政协",,天津市,天津市,华北,
30,天津市武清区政协,县级,市辖区,县级,市辖区,"县级政协,市辖区政协,区政协",,天津市,天津市,华北,
31,天津市宝坻区政协,县级,市辖区,县级,市辖区,"县级政协,市辖区政协,区政协",,天津市,天津市,华北,
32,天津市滨海新区政协,县级,市辖区,县级,市辖区,"县级政协,市辖区政协,区政协",,天津市,天津市,华北,疑似功能区（含「新区」），通常无独立政协委员会，请核实
33,天津市宁河区政协,县级,市辖区,县级,市辖区,"县级政协,市辖区政协,区政协",,天津市,天津市,华北,
34,天津市静海区政协,县级,市辖区,县级,市辖区,"县级政协,市辖区政协,区政协",,天津市,天津市,华北,
35,天津市蓟州区政协,县级,市辖区,县级,市辖区,"县级政协,市辖区政协,区政协",,天津市,天津市,华北,
36,河北省政协,省级,省,省级,省,"省级政协,省政协",,,河北省,华北,
37,石家庄市政协,地级,地级市,地级,地级市,"地级政协,地级市政协",,石家庄市,河北省,华北,
38,石家庄市长安区政协,县级,市辖区,县级,市辖区,"县级政协,市辖区政协,区政协",,石家庄市,河北省,华北,
39,石家庄市桥西区政协,县级,市辖区,县级,市辖区,"县级政协,市辖区政协,区政协",,石家庄市,河北省,华北,
40,石家庄市新华区政协,县级,市辖区,县级,市辖区,"县级政协,市辖区政协,区政协",,石家庄市,河北省,华北,
41,石家庄市井陉矿区政协,县级,市辖区,县级,市辖区,"县级政协,市辖区政协,区政协",,石家庄市,河北省,华北,
42,石家庄市裕华区政协,县级,市辖区,县级,市辖区,"县级政协,市辖区政协,区政协",,石家庄市,河北省,华北,
43,石家庄市藁城区政协,县级,市辖区,县级,市辖区,"县级政协,市辖区政协,区政协",,石家庄市,河北省,华北,
44,石家庄市鹿泉区政协,县级,市辖区,县级,市辖区,"县级政协,市辖区政协,区政协",,石家庄市,河北省,华北,
45,石家庄市栾城区政协,县级,市辖区,县级,市辖区,"县级政协,市辖区政协,区政协",,石家庄市,河北省,华北,
46,石家庄市井陉县政协,县级,县,县级,县,"县级政协,县政协",,石家庄市,河北省,华北,
47,石家庄市正定县政协,县级,县,县级,县,"县级政协,县政协",,石家庄市,河北省,华北,
48,石家庄市行唐县政协,县级,县,县级,县,"县级政协,县政协",,石家庄市,河北省,华北,
49,石家庄市灵寿县政协,县级,县,县级,县,"县级政协,县政协",,石家庄市,河北省,华北,
50,石家庄市高邑县政协,县级,县,县级,县,"县级政协,县政协",,石家庄市,河北省,华北,
51,石家庄市深泽县政协,县级,县,县级,县,"县级政协,县政协",,石家庄市,河北省,华北,
52,石家庄市赞皇县政协,县级,县,县级,县,"县级政协,县政协",,石家庄市,河北省,华北,
53,石家庄市无极县政协,县级,县,县级,县,"县级政协,县政协",,石家庄市,河北省,华北,
54,石家庄市平山县政协,县级,县,县级,县,"县级政协,县政协",,石家庄市,河北省,华北,
55,石家庄市元氏县政协,县级,县,县级,县,"县级政协,县政协",,石家庄市,河北省,华北,
56,石家庄市赵县政协,县级,县,县级,县,"县级政协,县政协",,石家庄市,河北省,华北,
57,石家庄市石家庄高新技术产业开发区政协,县级,市辖区,县级,市辖区,"县级政协,市辖区政协,区政协",,石家庄市,河北省,华北,疑似功能区（含「开发区」），通常无独立政协委员会，请核实
58,石家庄市石家庄循环化工园区政协,县级,市辖区,县级,市辖区,"县级政协,市辖区政协,区政协",,石家庄市,河北省,华北,
59,石家庄市辛集市政协,县级,县级市,县级,县级市,"县级政协,县级市政协",,石家庄市,河北省,华北,
60,石家庄市晋州市政协,县级,县级市,县级,县级市,"县级政协,县级市政协",,石家庄市,河北省,华北,
61,石家庄市新乐市政协,县级,县级市,县级,县级市,"县级政协,县级市政协",,石家庄市,河北省,华北,
62,唐山市政协,地级,地级市,地级,地级市,"地级政协,地级市政协",,唐山市,河北省,华北,
63,唐山市路南区政协,县级,市辖区,县级,市辖区,"县级政协,市辖区政协,区政协",,唐山市,河北省,华北,
64,唐山市路北区政协,县级,市辖区,县级,市辖区,"县级政协,市辖区政协,区政协",,唐山市,河北省,华北,
65,唐山市古冶区政协,县级,市辖区,县级,市辖区,"县级政协,市辖区政协,区政协",,唐山市,河北省,华北,
66,唐山市开平区政协,县级,市辖区,县级,市辖区,"县级政协,市辖区政协,区政协",,唐山市,河北省,华北,
67,唐山市丰南区政协,县级,市辖区,县级,市辖区,"县级政协,市辖区政协,区政协",,唐山市,河北省,华北,
68,唐山市丰润区政协,县级,市辖区,县级,市辖区,"县级政协,市辖区政协,区政协",,唐山市,河北省,华北,
69,唐山市曹妃甸区政协,县级,市辖区,县级,市辖区,"县级政协,市辖区政协,区政协",,唐山市,河北省,华北,
70,唐山市滦南县政协,县级,县,县级,县,"县级政协,县政协",,唐山市,河北省,华北,
71,唐山市乐亭县政协,县级,县,县级,县,"县级政协,县政协",,唐山市,河北省,华北,
72,唐山市迁西县政协,县级,县,县级,县,"县级政协,县政协",,唐山市,河北省,华北,
73,唐山市玉田县政协,县级,县,县级,县,"县级政协,县政协",,唐山市,河北省,华北,
74,唐山市河北唐山芦台经济开发区政协,县级,市辖区,县级,市辖区,"县级政协,市辖区政协,区政协",,唐山市,河北省,华北,疑似功能区（含「开发区」），通常无独立政协委员会，请核实
75,唐山市唐山市汉沽管理区政协,县级,市辖区,县级,市辖区,"县级政协,市辖区政协,区政协",,唐山市,河北省,华北,疑似功能区（含「管理区」），通常无独立政协委员会，请核实
76,唐山市唐山高新技术产业开发区政协,县级,市辖区,县级,市辖区,"县级政协,市辖区政协,区政协",,唐山市,河北省,华北,疑似功能区（含「开发区」），通常无独立政协委员会，请核实
77,唐山市河北唐山海港经济开发区政协,县级,市辖区,县级,市辖区,"县级政协,市辖区政协,区政协",,唐山市,河北省,华北,疑似功能区（含「开发区」），通常无独立政协委员会，请核实
78,唐山市遵化市政协,县级,县级市,县级,县级市,"县级政协,县级市政协",,唐山市,河北省,华北,
79,唐山市迁安市政协,县级,县级市,县级,县级市,"县级政协,县级市政协",,唐山市,河北省,华北,
80,唐山市滦州市政协,县级,县级市,县级,县级市,"县级政协,县级市政协",,唐山市,河北省,华北,
81,秦皇岛市政协,地级,地级市,地级,地级市,"地级政协,地级市政协",,秦皇岛市,河北省,华北,
82,秦皇岛市海港区政协,县级,市辖区,县级,市辖区,"县级政协,市辖区政协,区政协",,秦皇岛市,河北省,华北,
83,秦皇岛市山海关区政协,县级,市辖区,县级,市辖区,"县级政协,市辖区政协,区政协",,秦皇岛市,河北省,华北,
84,秦皇岛市北戴河区政协,县级,市辖区,县级,市辖区,"县级政协,市辖区政协,区政协",,秦皇岛市,河北省,华北,
85,秦皇岛市抚宁区政协,县级,市辖区,县级,市辖区,"县级政协,市辖区政协,区政协",,秦皇岛市,河北省,华北,
86,秦皇岛市青龙满族自治县政协,县级,自治县,县级,自治县,"县级政协,自治县政协",,秦皇岛市,河北省,华北,
87,秦皇岛市昌黎县政协,县级,县,县级,县,"县级政协,县政协",,秦皇岛市,河北省,华北,
88,秦皇岛市卢龙县政协,县级,县,县级,县,"县级政协,县政协",,秦皇岛市,河北省,华北,
89,秦皇岛市秦皇岛市经济技术开发区政协,县级,市辖区,县级,市辖区,"县级政协,市辖区政协,区政协",,秦皇岛市,河北省,华北,疑似功能区（含「开发区」），通常无独立政协委员会，请核实
90,秦皇岛市北戴河新区政协,县级,市辖区,县级,市辖区,"县级政协,市辖区政协,区政协",,秦皇岛市,河北省,华北,疑似功能区（含「新区」），通常无独立政协委员会，请核实
91,邯郸市政协,地级,地级市,地级,地级市,"地级政协,地级市政协",,邯郸市,河北省,华北,
92,邯郸市邯山区政协,县级,市辖区,县级,市辖区,"县级政协,市辖区政协,区政协",,邯郸市,河北省,华北,
93,邯郸市丛台区政协,县级,市辖区,县级,市辖区,"县级政协,市辖区政协,区政协",,邯郸市,河北省,华北,
94,邯郸市复兴区政协,县级,市辖区,县级,市辖区,"县级政协,市辖区政协,区政协",,邯郸市,河北省,华北,
95,邯郸市峰峰矿区政协,县级,市辖区,县级,市辖区,"县级政协,市辖区政协,区政协",,邯郸市,河北省,华北,
96,邯郸市肥乡区政协,县级,市辖区,县级,市辖区,"县级政协,市辖区政协,区政协",,邯郸市,河北省,华北,
97,邯郸市永年区政协,县级,市辖区,县级,市辖区,"县级政协,市辖区政协,区政协",,邯郸市,河北省,华北,
98,邯郸市临漳县政协,县级,县,县级,县,"县级政协,县政协",,邯郸市,河北省,华北,
99,邯郸市成安县政协,县级,县,县级,县,"县级政协,县政协",,邯郸市,河北省,华北,
100,邯郸市大名县政协,县级,县,县级,县,"县级政协,县政协",,邯郸市,河北省,华北,
101,邯郸市涉县政协,县级,县,县级,县,"县级政协,县政协",,邯郸市,河北省,华北,
102,邯郸市磁县政协,县级,县,县级,县,"县级政协,县政协",,邯郸市,河北省,华北,
103,邯郸市邱县政协,县级,县,县级,县,"县级政协,县政协",,邯郸市,河北省,华北,
104,邯郸市鸡泽县政协,县级,县,县级,县,"县级政协,县政协",,邯郸市,河北省,华北,
105,邯郸市广平县政协,县级,县,县级,县,"县级政协,县政协",,邯郸市,河北省,华北,
106,邯郸市馆陶县政协,县级,县,县级,县,"县级政协,县政协",,邯郸市,河北省,华北,
107,邯郸市魏县政协,县级,县,县级,县,"县级政协,县政协",,邯郸市,河北省,华北,
108,邯郸市曲周县政协,县级,县,县级,县,"县级政协,县政协",,邯郸市,河北省,华北,
109,邯郸市邯郸经济技术开发区政协,县级,市辖区,县级,市辖区,"县级政协,市辖区政协,区政协",,邯郸市,河北省,华北,疑似功能区（含「开发区」），通常无独立政协委员会，请核实
110,邯郸市邯郸冀南新区政协,县级,市辖区,县级,市辖区,"县级政协,市辖区政协,区政协",,邯郸市,河北省,华北,疑似功能区（含「新区」），通常无独立政协委员会，请核实
111,邯郸市武安市政协,县级,县级市,县级,县级市,"县级政协,县级市政协",,邯郸市,河北省,华北,
112,邢台市政协,地级,地级市,地级,地级市,"地级政协,地级市政协",,邢台市,河北省,华北,
113,邢台市襄都区政协,县级,市辖区,县级,市辖区,"县级政协,市辖区政协,区政协",,邢台市,河北省,华北,
114,邢台市信都区政协,县级,市辖区,县级,市辖区,"县级政协,市辖区政协,区政协",,邢台市,河北省,华北,
115,邢台市任泽区政协,县级,市辖区,县级,市辖区,"县级政协,市辖区政协,区政协",,邢台市,河北省,华北,
116,邢台市南和区政协,县级,市辖区,县级,市辖区,"县级政协,市辖区政协,区政协",,邢台市,河北省,华北,
117,邢台市临城县政协,县级,县,县级,县,"县级政协,县政协",,邢台市,河北省,华北,
118,邢台市内丘县政协,县级,县,县级,县,"县级政协,县政协",,邢台市,河北省,华北,
119,邢台市柏乡县政协,县级,县,县级,县,"县级政协,县政协",,邢台市,河北省,华北,
120,邢台市隆尧县政协,县级,县,县级,县,"县级政协,县政协",,邢台市,河北省,华北,
121,邢台市宁晋县政协,县级,县,县级,县,"县级政协,县政协",,邢台市,河北省,华北,
122,邢台市巨鹿县政协,县级,县,县级,县,"县级政协,县政协",,邢台市,河北省,华北,
123,邢台市新河县政协,县级,县,县级,县,"县级政协,县政协",,邢台市,河北省,华北,
124,邢台市广宗县政协,县级,县,县级,县,"县级政协,县政协",,邢台市,河北省,华北,
125,邢台市平乡县政协,县级,县,县级,县,"县级政协,县政协",,邢台市,河北省,华北,
126,邢台市威县政协,县级,县,县级,县,"县级政协,县政协",,邢台市,河北省,华北,
127,邢台市清河县政协,县级,县,县级,县,"县级政协,县政协",,邢台市,河北省,华北,
128,邢台市临西县政协,县级,县,县级,县,"县级政协,县政协",,邢台市,河北省,华北,
129,邢台市河北邢台经济开发区政协,县级,市辖区,县级,市辖区,"县级政协,市辖区政协,区政协",,邢台市,河北省,华北,疑似功能区（含「开发区」），通常无独立政协委员会，请核实
130,邢台市南宫市政协,县级,县级市,县级,县级市,"县级政协,县级市政协",,邢台市,河北省,华北,
131,邢台市沙河市政协,县级,县级市,县级,县级市,"县级政协,县级市政协",,邢台市,河北省,华北,
132,保定市政协,地级,地级市,地级,地级市,"地级政协,地级市政协",,保定市,河北省,华北,
133,保定市竞秀区政协,县级,市辖区,县级,市辖区,"县级政协,市辖区政协,区政协",,保定市,河北省,华北,
134,保定市莲池区政协,县级,市辖区,县级,市辖区,"县级政协,市辖区政协,区政协",,保定市,河北省,华北,
135,保定市满城区政协,县级,市辖区,县级,市辖区,"县级政协,市辖区政协,区政协",,保定市,河北省,华北,
136,保定市清苑区政协,县级,市辖区,县级,市辖区,"县级政协,市辖区政协,区政协",,保定市,河北省,华北,
137,保定市徐水区政协,县级,市辖区,县级,市辖区,"县级政协,市辖区政协,区政协",,保定市,河北省,华北,
138,保定市涞水县政协,县级,县,县级,县,"县级政协,县政协",,保定市,河北省,华北,
139,保定市阜平县政协,县级,县,县级,县,"县级政协,县政协",,保定市,河北省,华北,
140,保定市定兴县政协,县级,县,县级,县,"县级政协,县政协",,保定市,河北省,华北,
141,保定市唐县政协,县级,县,县级,县,"县级政协,县政协",,保定市,河北省,华北,
142,保定市高阳县政协,县级,县,县级,县,"县级政协,县政协",,保定市,河北省,华北,
143,保定市容城县政协,县级,县,县级,县,"县级政协,县政协",,保定市,河北省,华北,
144,保定市涞源县政协,县级,县,县级,县,"县级政协,县政协",,保定市,河北省,华北,
145,保定市望都县政协,县级,县,县级,县,"县级政协,县政协",,保定市,河北省,华北,
146,保定市安新县政协,县级,县,县级,县,"县级政协,县政协",,保定市,河北省,华北,
147,保定市易县政协,县级,县,县级,县,"县级政协,县政协",,保定市,河北省,华北,
148,保定市曲阳县政协,县级,县,县级,县,"县级政协,县政协",,保定市,河北省,华北,
149,保定市蠡县政协,县级,县,县级,县,"县级政协,县政协",,保定市,河北省,华北,
150,保定市顺平县政协,县级,县,县级,县,"县级政协,县政协",,保定市,河北省,华北,
151,保定市博野县政协,县级,县,县级,县,"县级政协,县政协",,保定市,河北省,华北,
152,保定市雄县政协,县级,县,县级,县,"县级政协,县政协",,保定市,河北省,华北,
153,保定市保定高新技术产业开发区政协,县级,市辖区,县级,市辖区,"县级政协,市辖区政协,区政协",,保定市,河北省,华北,疑似功能区（含「开发区」），通常无独立政协委员会，请核实
154,保定市涿州市政协,县级,县级市,县级,县级市,"县级政协,县级市政协",,保定市,河北省,华北,
155,保定市定州市政协,县级,县级市,县级,县级市,"县级政协,县级市政协",,保定市,河北省,华北,
156,保定市安国市政协,县级,县级市,县级,县级市,"县级政协,县级市政协",,保定市,河北省,华北,
157,保定市高碑店市政协,县级,县级市,县级,县级市,"县级政协,县级市政协",,保定市,河北省,华北,
158,张家口市政协,地级,地级市,地级,地级市,"地级政协,地级市政协",,张家口市,河北省,华北,
159,张家口市桥东区政协,县级,市辖区,县级,市辖区,"县级政协,市辖区政协,区政协",,张家口市,河北省,华北,
160,张家口市桥西区政协,县级,市辖区,县级,市辖区,"县级政协,市辖区政协,区政协",,张家口市,河北省,华北,
161,张家口市宣化区政协,县级,市辖区,县级,市辖区,"县级政协,市辖区政协,区政协",,张家口市,河北省,华北,
162,张家口市下花园区政协,县级,市辖区,县级,市辖区,"县级政协,市辖区政协,区政协",,张家口市,河北省,华北,
163,张家口市万全区政协,县级,市辖区,县级,市辖区,"县级政协,市辖区政协,区政协",,张家口市,河北省,华北,
164,张家口市崇礼区政协,县级,市辖区,县级,市辖区,"县级政协,市辖区政协,区政协",,张家口市,河北省,华北,
165,张家口市张北县政协,县级,县,县级,县,"县级政协,县政协",,张家口市,河北省,华北,
166,张家口市康保县政协,县级,县,县级,县,"县级政协,县政协",,张家口市,河北省,华北,
167,张家口市沽源县政协,县级,县,县级,县,"县级政协,县政协",,张家口市,河北省,华北,
168,张家口市尚义县政协,县级,县,县级,县,"县级政协,县政协",,张家口市,河北省,华北,
169,张家口市蔚县政协,县级,县,县级,县,"县级政协,县政协",,张家口市,河北省,华北,
170,张家口市阳原县政协,县级,县,县级,县,"县级政协,县政协",,张家口市,河北省,华北,
171,张家口市怀安县政协,县级,县,县级,县,"县级政协,县政协",,张家口市,河北省,华北,
172,张家口市怀来县政协,县级,县,县级,县,"县级政协,县政协",,张家口市,河北省,华北,
173,张家口市涿鹿县政协,县级,县,县级,县,"县级政协,县政协",,张家口市,河北省,华北,
174,张家口市赤城县政协,县级,县,县级,县,"县级政协,县政协",,张家口市,河北省,华北,
175,张家口市张家口经济开发区政协,县级,市辖区,县级,市辖区,"县级政协,市辖区政协,区政协",,张家口市,河北省,华北,疑似功能区（含「开发区」），通常无独立政协委员会，请核实
176,张家口市张家口市察北管理区政协,县级,市辖区,县级,市辖区,"县级政协,市辖区政协,区政协",,张家口市,河北省,华北,疑似功能区（含「管理区」），通常无独立政协委员会，请核实
177,张家口市张家口市塞北管理区政协,县级,市辖区,县级,市辖区,"县级政协,市辖区政协,区政协",,张家口市,河北省,华北,疑似功能区（含「管理区」），通常无独立政协委员会，请核实
178,承德市政协,地级,地级市,地级,地级市,"地级政协,地级市政协",,承德市,河北省,华北,
179,承德市双桥区政协,县级,市辖区,县级,市辖区,"县级政协,市辖区政协,区政协",,承德市,河北省,华北,
180,承德市双滦区政协,县级,市辖区,县级,市辖区,"县级政协,市辖区政协,区政协",,承德市,河北省,华北,
181,承德市鹰手营子矿区政协,县级,市辖区,县级,市辖区,"县级政协,市辖区政协,区政协",,承德市,河北省,华北,
182,承德市承德县政协,县级,县,县级,县,"县级政协,县政协",,承德市,河北省,华北,
183,承德市兴隆县政协,县级,县,县级,县,"县级政协,县政协",,承德市,河北省,华北,
184,承德市滦平县政协,县级,县,县级,县,"县级政协,县政协",,承德市,河北省,华北,
185,承德市隆化县政协,县级,县,县级,县,"县级政协,县政协",,承德市,河北省,华北,
186,承德市丰宁满族自治县政协,县级,自治县,县级,自治县,"县级政协,自治县政协",,承德市,河北省,华北,
187,承德市宽城满族自治县政协,县级,自治县,县级,自治县,"县级政协,自治县政协",,承德市,河北省,华北,
188,承德市围场满族蒙古族自治县政协,县级,自治县,县级,自治县,"县级政协,自治县政协",,承德市,河北省,华北,
189,承德市承德高新技术产业开发区政协,县级,市辖区,县级,市辖区,"县级政协,市辖区政协,区政协",,承德市,河北省,华北,疑似功能区（含「开发区」），通常无独立政协委员会，请核实
190,承德市平泉市政协,县级,县级市,县级,县级市,"县级政协,县级市政协",,承德市,河北省,华北,
191,沧州市政协,地级,地级市,地级,地级市,"地级政协,地级市政协",,沧州市,河北省,华北,
192,沧州市新华区政协,县级,市辖区,县级,市辖区,"县级政协,市辖区政协,区政协",,沧州市,河北省,华北,
193,沧州市运河区政协,县级,市辖区,县级,市辖区,"县级政协,市辖区政协,区政协",,沧州市,河北省,华北,
194,沧州市沧县政协,县级,县,县级,县,"县级政协,县政协",,沧州市,河北省,华北,
195,沧州市青县政协,县级,县,县级,县,"县级政协,县政协",,沧州市,河北省,华北,
196,沧州市东光县政协,县级,县,县级,县,"县级政协,县政协",,沧州市,河北省,华北,
197,沧州市海兴县政协,县级,县,县级,县,"县级政协,县政协",,沧州市,河北省,华北,
198,沧州市盐山县政协,县级,县,县级,县,"县级政协,县政协",,沧州市,河北省,华北,
199,沧州市肃宁县政协,县级,县,县级,县,"县级政协,县政协",,沧州市,河北省,华北,
200,沧州市南皮县政协,县级,县,县级,县,"县级政协,县政协",,沧州市,河北省,华北,
201,沧州市吴桥县政协,县级,县,县级,县,"县级政协,县政协",,沧州市,河北省,华北,
202,沧州市献县政协,县级,县,县级,县,"县级政协,县政协",,沧州市,河北省,华北,
203,沧州市孟村回族自治县政协,县级,自治县,县级,自治县,"县级政协,自治县政协",,沧州市,河北省,华北,
204,沧州市河北沧州经济开发区政协,县级,市辖区,县级,市辖区,"县级政协,市辖区政协,区政协",,沧州市,河北省,华北,疑似功能区（含「开发区」），通常无独立政协委员会，请核实
205,沧州市沧州高新技术产业开发区政协,县级,市辖区,县级,市辖区,"县级政协,市辖区政协,区政协",,沧州市,河北省,华北,疑似功能区（含「开发区」），通常无独立政协委员会，请核实
206,沧州市沧州渤海新区政协,县级,市辖区,县级,市辖区,"县级政协,市辖区政协,区政协",,沧州市,河北省,华北,疑似功能区（含「新区」），通常无独立政协委员会，请核实
207,沧州市泊头市政协,县级,县级市,县级,县级市,"县级政协,县级市政协",,沧州市,河北省,华北,
208,沧州市任丘市政协,县级,县级市,县级,县级市,"县级政协,县级市政协",,沧州市,河北省,华北,
209,沧州市黄骅市政协,县级,县级市,县级,县级市,"县级政协,县级市政协",,沧州市,河北省,华北,
210,沧州市河间市政协,县级,县级市,县级,县级市,"县级政协,县级市政协",,沧州市,河北省,华北,
211,廊坊市政协,地级,地级市,地级,地级市,"地级政协,地级市政协",,廊坊市,河北省,华北,
212,廊坊市安次区政协,县级,市辖区,县级,市辖区,"县级政协,市辖区政协,区政协",,廊坊市,河北省,华北,
213,廊坊市广阳区政协,县级,市辖区,县级,市辖区,"县级政协,市辖区政协,区政协",,廊坊市,河北省,华北,
214,廊坊市固安县政协,县级,县,县级,县,"县级政协,县政协",,廊坊市,河北省,华北,
215,廊坊市永清县政协,县级,县,县级,县,"县级政协,县政协",,廊坊市,河北省,华北,
216,廊坊市香河县政协,县级,县,县级,县,"县级政协,县政协",,廊坊市,河北省,华北,
217,廊坊市大城县政协,县级,县,县级,县,"县级政协,县政协",,廊坊市,河北省,华北,
218,廊坊市文安县政协,县级,县,县级,县,"县级政协,县政协",,廊坊市,河北省,华北,
219,廊坊市大厂回族自治县政协,县级,自治县,县级,自治县,"县级政协,自治县政协",,廊坊市,河北省,华北,
220,廊坊市廊坊经济技术开发区政协,县级,市辖区,县级,市辖区,"县级政协,市辖区政协,区政协",,廊坊市,河北省,华北,疑似功能区（含「开发区」），通常无独立政协委员会，请核实
221,廊坊市霸州市政协,县级,县级市,县级,县级市,"县级政协,县级市政协",,廊坊市,河北省,华北,
222,廊坊市三河市政协,县级,县级市,县级,县级市,"县级政协,县级市政协",,廊坊市,河北省,华北,
223,衡水市政协,地级,地级市,地级,地级市,"地级政协,地级市政协",,衡水市,河北省,华北,
224,衡水市桃城区政协,县级,市辖区,县级,市辖区,"县级政协,市辖区政协,区政协",,衡水市,河北省,华北,
225,衡水市冀州区政协,县级,市辖区,县级,市辖区,"县级政协,市辖区政协,区政协",,衡水市,河北省,华北,
226,衡水市枣强县政协,县级,县,县级,县,"县级政协,县政协",,衡水市,河北省,华北,
227,衡水市武邑县政协,县级,县,县级,县,"县级政协,县政协",,衡水市,河北省,华北,
228,衡水市武强县政协,县级,县,县级,县,"县级政协,县政协",,衡水市,河北省,华北,
229,衡水市饶阳县政协,县级,县,县级,县,"县级政协,县政协",,衡水市,河北省,华北,
230,衡水市安平县政协,县级,县,县级,县,"县级政协,县政协",,衡水市,河北省,华北,
231,衡水市故城县政协,县级,县,县级,县,"县级政协,县政协",,衡水市,河北省,华北,
232,衡水市景县政协,县级,县,县级,县,"县级政协,县政协",,衡水市,河北省,华北,
233,衡水市阜城县政协,县级,县,县级,县,"县级政协,县政协",,衡水市,河北省,华北,
234,衡水市河北衡水高新技术产业开发区政协,县级,市辖区,县级,市辖区,"县级政协,市辖区政协,区政协",,衡水市,河北省,华北,疑似功能区（含「开发区」），通常无独立政协委员会，请核实
235,衡水市衡水滨湖新区政协,县级,市辖区,县级,市辖区,"县级政协,市辖区政协,区政协",,衡水市,河北省,华北,疑似功能区（含「新区」），通常无独立政协委员会，请核实
236,衡水市深州市政协,县级,县级市,县级,县级市,"县级政协,县级市政协",,衡水市,河北省,华北,
237,山西省政协,省级,省,省级,省,"省级政协,省政协",,,山西省,华北,
238,太原市政协,地级,地级市,地级,地级市,"地级政协,地级市政协",,太原市,山西省,华北,
239,太原市小店区政协,县级,市辖区,县级,市辖区,"县级政协,市辖区政协,区政协",,太原市,山西省,华北,
240,太原市迎泽区政协,县级,市辖区,县级,市辖区,"县级政协,市辖区政协,区政协",,太原市,山西省,华北,
241,太原市杏花岭区政协,县级,市辖区,县级,市辖区,"县级政协,市辖区政协,区政协",,太原市,山西省,华北,
242,太原市尖草坪区政协,县级,市辖区,县级,市辖区,"县级政协,市辖区政协,区政协",,太原市,山西省,华北,
243,太原市万柏林区政协,县级,市辖区,县级,市辖区,"县级政协,市辖区政协,区政协",,太原市,山西省,华北,
244,太原市晋源区政协,县级,市辖区,县级,市辖区,"县级政协,市辖区政协,区政协",,太原市,山西省,华北,
245,太原市清徐县政协,县级,县,县级,县,"县级政协,县政协",,太原市,山西省,华北,
246,太原市阳曲县政协,县级,县,县级,县,"县级政协,县政协",,太原市,山西省,华北,
247,太原市娄烦县政协,县级,县,县级,县,"县级政协,县政协",,太原市,山西省,华北,
248,太原市山西转型综合改革示范区政协,县级,市辖区,县级,市辖区,"县级政协,市辖区政协,区政协",,太原市,山西省,华北,疑似功能区（含「示范区」），通常无独立政协委员会，请核实
249,太原市古交市政协,县级,县级市,县级,县级市,"县级政协,县级市政协",,太原市,山西省,华北,
250,大同市政协,地级,地级市,地级,地级市,"地级政协,地级市政协",,大同市,山西省,华北,
251,大同市新荣区政协,县级,市辖区,县级,市辖区,"县级政协,市辖区政协,区政协",,大同市,山西省,华北,
252,大同市平城区政协,县级,市辖区,县级,市辖区,"县级政协,市辖区政协,区政协",,大同市,山西省,华北,
253,大同市云冈区政协,县级,市辖区,县级,市辖区,"县级政协,市辖区政协,区政协",,大同市,山西省,华北,
254,大同市云州区政协,县级,市辖区,县级,市辖区,"县级政协,市辖区政协,区政协",,大同市,山西省,华北,
255,大同市阳高县政协,县级,县,县级,县,"县级政协,县政协",,大同市,山西省,华北,
256,大同市天镇县政协,县级,县,县级,县,"县级政协,县政协",,大同市,山西省,华北,
257,大同市广灵县政协,县级,县,县级,县,"县级政协,县政协",,大同市,山西省,华北,
258,大同市灵丘县政协,县级,县,县级,县,"县级政协,县政协",,大同市,山西省,华北,
259,大同市浑源县政协,县级,县,县级,县,"县级政协,县政协",,大同市,山西省,华北,
260,大同市左云县政协,县级,县,县级,县,"县级政协,县政协",,大同市,山西省,华北,
261,大同市山西大同经济开发区政协,县级,市辖区,县级,市辖区,"县级政协,市辖区政协,区政协",,大同市,山西省,华北,疑似功能区（含「开发区」），通常无独立政协委员会，请核实
262,阳泉市政协,地级,地级市,地级,地级市,"地级政协,地级市政协",,阳泉市,山西省,华北,
263,阳泉市城区政协,县级,市辖区,县级,市辖区,"县级政协,市辖区政协,区政协",,阳泉市,山西省,华北,
264,阳泉市矿区政协,县级,市辖区,县级,市辖区,"县级政协,市辖区政协,区政协",,阳泉市,山西省,华北,
265,阳泉市郊区政协,县级,市辖区,县级,市辖区,"县级政协,市辖区政协,区政协",,阳泉市,山西省,华北,
266,阳泉市平定县政协,县级,县,县级,县,"县级政协,县政协",,阳泉市,山西省,华北,
267,阳泉市盂县政协,县级,县,县级,县,"县级政协,县政协",,阳泉市,山西省,华北,
268,长治市政协,地级,地级市,地级,地级市,"地级政协,地级市政协",,长治市,山西省,华北,
269,长治市潞州区政协,县级,市辖区,县级,市辖区,"县级政协,市辖区政协,区政协",,长治市,山西省,华北,
270,长治市上党区政协,县级,市辖区,县级,市辖区,"县级政协,市辖区政协,区政协",,长治市,山西省,华北,
271,长治市屯留区政协,县级,市辖区,县级,市辖区,"县级政协,市辖区政协,区政协",,长治市,山西省,华北,
272,长治市潞城区政协,县级,市辖区,县级,市辖区,"县级政协,市辖区政协,区政协",,长治市,山西省,华北,
273,长治市襄垣县政协,县级,县,县级,县,"县级政协,县政协",,长治市,山西省,华北,
274,长治市平顺县政协,县级,县,县级,县,"县级政协,县政协",,长治市,山西省,华北,
275,长治市黎城县政协,县级,县,县级,县,"县级政协,县政协",,长治市,山西省,华北,
276,长治市壶关县政协,县级,县,县级,县,"县级政协,县政协",,长治市,山西省,华北,
277,长治市长子县政协,县级,县,县级,县,"县级政协,县政协",,长治市,山西省,华北,
278,长治市武乡县政协,县级,县,县级,县,"县级政协,县政协",,长治市,山西省,华北,
279,长治市沁县政协,县级,县,县级,县,"县级政协,县政协",,长治市,山西省,华北,
280,长治市沁源县政协,县级,县,县级,县,"县级政协,县政协",,长治市,山西省,华北,
281,晋城市政协,地级,地级市,地级,地级市,"地级政协,地级市政协",,晋城市,山西省,华北,
282,晋城市城区政协,县级,市辖区,县级,市辖区,"县级政协,市辖区政协,区政协",,晋城市,山西省,华北,
283,晋城市沁水县政协,县级,县,县级,县,"县级政协,县政协",,晋城市,山西省,华北,
284,晋城市阳城县政协,县级,县,县级,县,"县级政协,县政协",,晋城市,山西省,华北,
285,晋城市陵川县政协,县级,县,县级,县,"县级政协,县政协",,晋城市,山西省,华北,
286,晋城市泽州县政协,县级,县,县级,县,"县级政协,县政协",,晋城市,山西省,华北,
287,晋城市高平市政协,县级,县级市,县级,县级市,"县级政协,县级市政协",,晋城市,山西省,华北,
288,朔州市政协,地级,地级市,地级,地级市,"地级政协,地级市政协",,朔州市,山西省,华北,
289,朔州市朔城区政协,县级,市辖区,县级,市辖区,"县级政协,市辖区政协,区政协",,朔州市,山西省,华北,
290,朔州市平鲁区政协,县级,市辖区,县级,市辖区,"县级政协,市辖区政协,区政协",,朔州市,山西省,华北,
291,朔州市山阴县政协,县级,县,县级,县,"县级政协,县政协",,朔州市,山西省,华北,
292,朔州市应县政协,县级,县,县级,县,"县级政协,县政协",,朔州市,山西省,华北,
293,朔州市右玉县政协,县级,县,县级,县,"县级政协,县政协",,朔州市,山西省,华北,
294,朔州市山西朔州经济开发区政协,县级,市辖区,县级,市辖区,"县级政协,市辖区政协,区政协",,朔州市,山西省,华北,疑似功能区（含「开发区」），通常无独立政协委员会，请核实
295,朔州市怀仁市政协,县级,县级市,县级,县级市,"县级政协,县级市政协",,朔州市,山西省,华北,
296,晋中市政协,地级,地级市,地级,地级市,"地级政协,地级市政协",,晋中市,山西省,华北,
297,晋中市榆次区政协,县级,市辖区,县级,市辖区,"县级政协,市辖区政协,区政协",,晋中市,山西省,华北,
298,晋中市太谷区政协,县级,市辖区,县级,市辖区,"县级政协,市辖区政协,区政协",,晋中市,山西省,华北,
299,晋中市榆社县政协,县级,县,县级,县,"县级政协,县政协",,晋中市,山西省,华北,
300,晋中市左权县政协,县级,县,县级,县,"县级政协,县政协",,晋中市,山西省,华北,
301,晋中市和顺县政协,县级,县,县级,县,"县级政协,县政协",,晋中市,山西省,华北,
302,晋中市昔阳县政协,县级,县,县级,县,"县级政协,县政协",,晋中市,山西省,华北,
303,晋中市寿阳县政协,县级,县,县级,县,"县级政协,县政协",,晋中市,山西省,华北,
304,晋中市祁县政协,县级,县,县级,县,"县级政协,县政协",,晋中市,山西省,华北,
305,晋中市平遥县政协,县级,县,县级,县,"县级政协,县政协",,晋中市,山西省,华北,
306,晋中市灵石县政协,县级,县,县级,县,"县级政协,县政协",,晋中市,山西省,华北,
307,晋中市介休市政协,县级,县级市,县级,县级市,"县级政协,县级市政协",,晋中市,山西省,华北,
308,运城市政协,地级,地级市,地级,地级市,"地级政协,地级市政协",,运城市,山西省,华北,
309,运城市盐湖区政协,县级,市辖区,县级,市辖区,"县级政协,市辖区政协,区政协",,运城市,山西省,华北,
310,运城市临猗县政协,县级,县,县级,县,"县级政协,县政协",,运城市,山西省,华北,
311,运城市万荣县政协,县级,县,县级,县,"县级政协,县政协",,运城市,山西省,华北,
312,运城市闻喜县政协,县级,县,县级,县,"县级政协,县政协",,运城市,山西省,华北,
313,运城市稷山县政协,县级,县,县级,县,"县级政协,县政协",,运城市,山西省,华北,
314,运城市新绛县政协,县级,县,县级,县,"县级政协,县政协",,运城市,山西省,华北,
315,运城市绛县政协,县级,县,县级,县,"县级政协,县政协",,运城市,山西省,华北,
316,运城市垣曲县政协,县级,县,县级,县,"县级政协,县政协",,运城市,山西省,华北,
317,运城市夏县政协,县级,县,县级,县,"县级政协,县政协",,运城市,山西省,华北,
318,运城市平陆县政协,县级,县,县级,县,"县级政协,县政协",,运城市,山西省,华北,
319,运城市芮城县政协,县级,县,县级,县,"县级政协,县政协",,运城市,山西省,华北,
320,运城市永济市政协,县级,县级市,县级,县级市,"县级政协,县级市政协",,运城市,山西省,华北,
321,运城市河津市政协,县级,县级市,县级,县级市,"县级政协,县级市政协",,运城市,山西省,华北,
322,忻州市政协,地级,地级市,地级,地级市,"地级政协,地级市政协",,忻州市,山西省,华北,
323,忻州市忻府区政协,县级,市辖区,县级,市辖区,"县级政协,市辖区政协,区政协",,忻州市,山西省,华北,
324,忻州市定襄县政协,县级,县,县级,县,"县级政协,县政协",,忻州市,山西省,华北,
325,忻州市五台县政协,县级,县,县级,县,"县级政协,县政协",,忻州市,山西省,华北,
326,忻州市代县政协,县级,县,县级,县,"县级政协,县政协",,忻州市,山西省,华北,
327,忻州市繁峙县政协,县级,县,县级,县,"县级政协,县政协",,忻州市,山西省,华北,
328,忻州市宁武县政协,县级,县,县级,县,"县级政协,县政协",,忻州市,山西省,华北,
329,忻州市静乐县政协,县级,县,县级,县,"县级政协,县政协",,忻州市,山西省,华北,
330,忻州市神池县政协,县级,县,县级,县,"县级政协,县政协",,忻州市,山西省,华北,
331,忻州市五寨县政协,县级,县,县级,县,"县级政协,县政协",,忻州市,山西省,华北,
332,忻州市岢岚县政协,县级,县,县级,县,"县级政协,县政协",,忻州市,山西省,华北,
333,忻州市河曲县政协,县级,县,县级,县,"县级政协,县政协",,忻州市,山西省,华北,
334,忻州市保德县政协,县级,县,县级,县,"县级政协,县政协",,忻州市,山西省,华北,
335,忻州市偏关县政协,县级,县,县级,县,"县级政协,县政协",,忻州市,山西省,华北,
336,忻州市五台山风景名胜区政协,县级,市辖区,县级,市辖区,"县级政协,市辖区政协,区政协",,忻州市,山西省,华北,
337,忻州市原平市政协,县级,县级市,县级,县级市,"县级政协,县级市政协",,忻州市,山西省,华北,
338,临汾市政协,地级,地级市,地级,地级市,"地级政协,地级市政协",,临汾市,山西省,华北,
339,临汾市尧都区政协,县级,市辖区,县级,市辖区,"县级政协,市辖区政协,区政协",,临汾市,山西省,华北,
340,临汾市曲沃县政协,县级,县,县级,县,"县级政协,县政协",,临汾市,山西省,华北,
341,临汾市翼城县政协,县级,县,县级,县,"县级政协,县政协",,临汾市,山西省,华北,
342,临汾市襄汾县政协,县级,县,县级,县,"县级政协,县政协",,临汾市,山西省,华北,
343,临汾市洪洞县政协,县级,县,县级,县,"县级政协,县政协",,临汾市,山西省,华北,
344,临汾市古县政协,县级,县,县级,县,"县级政协,县政协",,临汾市,山西省,华北,
345,临汾市安泽县政协,县级,县,县级,县,"县级政协,县政协",,临汾市,山西省,华北,
346,临汾市浮山县政协,县级,县,县级,县,"县级政协,县政协",,临汾市,山西省,华北,
347,临汾市吉县政协,县级,县,县级,县,"县级政协,县政协",,临汾市,山西省,华北,
348,临汾市乡宁县政协,县级,县,县级,县,"县级政协,县政协",,临汾市,山西省,华北,
349,临汾市大宁县政协,县级,县,县级,县,"县级政协,县政协",,临汾市,山西省,华北,
350,临汾市隰县政协,县级,县,县级,县,"县级政协,县政协",,临汾市,山西省,华北,
351,临汾市永和县政协,县级,县,县级,县,"县级政协,县政协",,临汾市,山西省,华北,
352,临汾市蒲县政协,县级,县,县级,县,"县级政协,县政协",,临汾市,山西省,华北,
353,临汾市汾西县政协,县级,县,县级,县,"县级政协,县政协",,临汾市,山西省,华北,
354,临汾市侯马市政协,县级,县级市,县级,县级市,"县级政协,县级市政协",,临汾市,山西省,华北,
355,临汾市霍州市政协,县级,县级市,县级,县级市,"县级政协,县级市政协",,临汾市,山西省,华北,
356,吕梁市政协,地级,地级市,地级,地级市,"地级政协,地级市政协",,吕梁市,山西省,华北,
357,吕梁市离石区政协,县级,市辖区,县级,市辖区,"县级政协,市辖区政协,区政协",,吕梁市,山西省,华北,
358,吕梁市文水县政协,县级,县,县级,县,"县级政协,县政协",,吕梁市,山西省,华北,
359,吕梁市交城县政协,县级,县,县级,县,"县级政协,县政协",,吕梁市,山西省,华北,
360,吕梁市兴县政协,县级,县,县级,县,"县级政协,县政协",,吕梁市,山西省,华北,
361,吕梁市临县政协,县级,县,县级,县,"县级政协,县政协",,吕梁市,山西省,华北,
362,吕梁市柳林县政协,县级,县,县级,县,"县级政协,县政协",,吕梁市,山西省,华北,
363,吕梁市石楼县政协,县级,县,县级,县,"县级政协,县政协",,吕梁市,山西省,华北,
364,吕梁市岚县政协,县级,县,县级,县,"县级政协,县政协",,吕梁市,山西省,华北,
365,吕梁市方山县政协,县级,县,县级,县,"县级政协,县政协",,吕梁市,山西省,华北,
366,吕梁市中阳县政协,县级,县,县级,县,"县级政协,县政协",,吕梁市,山西省,华北,
367,吕梁市交口县政协,县级,县,县级,县,"县级政协,县政协",,吕梁市,山西省,华北,
368,吕梁市孝义市政协,县级,县级市,县级,县级市,"县级政协,县级市政协",,吕梁市,山西省,华北,
369,吕梁市汾阳市政协,县级,县级市,县级,县级市,"县级政协,县级市政协",,吕梁市,山西省,华北,
370,内蒙古自治区政协,省级,自治区,省级,自治区,"省级政协,自治区政协",民族自治区,,内蒙古自治区,华北,
371,呼和浩特市政协,地级,地级市,地级,地级市,"地级政协,地级市政协",,呼和浩特市,内蒙古自治区,华北,
372,呼和浩特市新城区政协,县级,市辖区,县级,市辖区,"县级政协,市辖区政协,区政协",,呼和浩特市,内蒙古自治区,华北,
373,呼和浩特市回民区政协,县级,市辖区,县级,市辖区,"县级政协,市辖区政协,区政协",,呼和浩特市,内蒙古自治区,华北,
374,呼和浩特市玉泉区政协,县级,市辖区,县级,市辖区,"县级政协,市辖区政协,区政协",,呼和浩特市,内蒙古自治区,华北,
375,呼和浩特市赛罕区政协,县级,市辖区,县级,市辖区,"县级政协,市辖区政协,区政协",,呼和浩特市,内蒙古自治区,华北,
376,呼和浩特市土默特左旗政协,县级,旗,县级,旗,"县级政协,旗政协",,呼和浩特市,内蒙古自治区,华北,
377,呼和浩特市托克托县政协,县级,县,县级,县,"县级政协,县政协",,呼和浩特市,内蒙古自治区,华北,
378,呼和浩特市和林格尔县政协,县级,县,县级,县,"县级政协,县政协",,呼和浩特市,内蒙古自治区,华北,
379,呼和浩特市清水河县政协,县级,县,县级,县,"县级政协,县政协",,呼和浩特市,内蒙古自治区,华北,
380,呼和浩特市武川县政协,县级,县,县级,县,"县级政协,县政协",,呼和浩特市,内蒙古自治区,华北,
381,呼和浩特市呼和浩特经济技术开发区政协,县级,市辖区,县级,市辖区,"县级政协,市辖区政协,区政协",,呼和浩特市,内蒙古自治区,华北,疑似功能区（含「开发区」），通常无独立政协委员会，请核实
382,包头市政协,地级,地级市,地级,地级市,"地级政协,地级市政协",,包头市,内蒙古自治区,华北,
383,包头市东河区政协,县级,市辖区,县级,市辖区,"县级政协,市辖区政协,区政协",,包头市,内蒙古自治区,华北,
384,包头市昆都仑区政协,县级,市辖区,县级,市辖区,"县级政协,市辖区政协,区政协",,包头市,内蒙古自治区,华北,
385,包头市青山区政协,县级,市辖区,县级,市辖区,"县级政协,市辖区政协,区政协",,包头市,内蒙古自治区,华北,
386,包头市石拐区政协,县级,市辖区,县级,市辖区,"县级政协,市辖区政协,区政协",,包头市,内蒙古自治区,华北,
387,包头市白云鄂博矿区政协,县级,市辖区,县级,市辖区,"县级政协,市辖区政协,区政协",,包头市,内蒙古自治区,华北,
388,包头市九原区政协,县级,市辖区,县级,市辖区,"县级政协,市辖区政协,区政协",,包头市,内蒙古自治区,华北,
389,包头市土默特右旗政协,县级,旗,县级,旗,"县级政协,旗政协",,包头市,内蒙古自治区,华北,
390,包头市固阳县政协,县级,县,县级,县,"县级政协,县政协",,包头市,内蒙古自治区,华北,
391,包头市达尔罕茂明安联合旗政协,县级,旗,县级,旗,"县级政协,旗政协",,包头市,内蒙古自治区,华北,
392,包头市包头稀土高新技术产业开发区政协,县级,市辖区,县级,市辖区,"县级政协,市辖区政协,区政协",,包头市,内蒙古自治区,华北,疑似功能区（含「开发区」），通常无独立政协委员会，请核实
393,乌海市政协,地级,地级市,地级,地级市,"地级政协,地级市政协",,乌海市,内蒙古自治区,华北,
394,乌海市海勃湾区政协,县级,市辖区,县级,市辖区,"县级政协,市辖区政协,区政协",,乌海市,内蒙古自治区,华北,
395,乌海市海南区政协,县级,市辖区,县级,市辖区,"县级政协,市辖区政协,区政协",,乌海市,内蒙古自治区,华北,
396,乌海市乌达区政协,县级,市辖区,县级,市辖区,"县级政协,市辖区政协,区政协",,乌海市,内蒙古自治区,华北,
397,赤峰市政协,地级,地级市,地级,地级市,"地级政协,地级市政协",,赤峰市,内蒙古自治区,华北,
398,赤峰市红山区政协,县级,市辖区,县级,市辖区,"县级政协,市辖区政协,区政协",,赤峰市,内蒙古自治区,华北,
399,赤峰市元宝山区政协,县级,市辖区,县级,市辖区,"县级政协,市辖区政协,区政协",,赤峰市,内蒙古自治区,华北,
400,赤峰市松山区政协,县级,市辖区,县级,市辖区,"县级政协,市辖区政协,区政协",,赤峰市,内蒙古自治区,华北,
401,赤峰市阿鲁科尔沁旗政协,县级,旗,县级,旗,"县级政协,旗政协",,赤峰市,内蒙古自治区,华北,
402,赤峰市巴林左旗政协,县级,旗,县级,旗,"县级政协,旗政协",,赤峰市,内蒙古自治区,华北,
403,赤峰市巴林右旗政协,县级,旗,县级,旗,"县级政协,旗政协",,赤峰市,内蒙古自治区,华北,
404,赤峰市林西县政协,县级,县,县级,县,"县级政协,县政协",,赤峰市,内蒙古自治区,华北,
405,赤峰市克什克腾旗政协,县级,旗,县级,旗,"县级政协,旗政协",,赤峰市,内蒙古自治区,华北,
406,赤峰市翁牛特旗政协,县级,旗,县级,旗,"县级政协,旗政协",,赤峰市,内蒙古自治区,华北,
407,赤峰市喀喇沁旗政协,县级,旗,县级,旗,"县级政协,旗政协",,赤峰市,内蒙古自治区,华北,
408,赤峰市宁城县政协,县级,县,县级,县,"县级政协,县政协",,赤峰市,内蒙古自治区,华北,
409,赤峰市敖汉旗政协,县级,旗,县级,旗,"县级政协,旗政协",,赤峰市,内蒙古自治区,华北,
410,通辽市政协,地级,地级市,地级,地级市,"地级政协,地级市政协",,通辽市,内蒙古自治区,华北,
411,通辽市科尔沁区政协,县级,市辖区,县级,市辖区,"县级政协,市辖区政协,区政协",,通辽市,内蒙古自治区,华北,
412,通辽市科尔沁左翼中旗政协,县级,旗,县级,旗,"县级政协,旗政协",,通辽市,内蒙古自治区,华北,
413,通辽市科尔沁左翼后旗政协,县级,旗,县级,旗,"县级政协,旗政协",,通辽市,内蒙古自治区,华北,
414,通辽市开鲁县政协,县级,县,县级,县,"县级政协,县政协",,通辽市,内蒙古自治区,华北,
415,通辽市库伦旗政协,县级,旗,县级,旗,"县级政协,旗政协",,通辽市,内蒙古自治区,华北,
416,通辽市奈曼旗政协,县级,旗,县级,旗,"县级政协,旗政协",,通辽市,内蒙古自治区,华北,
417,通辽市扎鲁特旗政协,县级,旗,县级,旗,"县级政协,旗政协",,通辽市,内蒙古自治区,华北,
418,通辽市通辽经济技术开发区政协,县级,市辖区,县级,市辖区,"县级政协,市辖区政协,区政协",,通辽市,内蒙古自治区,华北,疑似功能区（含「开发区」），通常无独立政协委员会，请核实
419,通辽市霍林郭勒市政协,县级,县级市,县级,县级市,"县级政协,县级市政协",,通辽市,内蒙古自治区,华北,
420,鄂尔多斯市政协,地级,地级市,地级,地级市,"地级政协,地级市政协",,鄂尔多斯市,内蒙古自治区,华北,
421,鄂尔多斯市东胜区政协,县级,市辖区,县级,市辖区,"县级政协,市辖区政协,区政协",,鄂尔多斯市,内蒙古自治区,华北,
422,鄂尔多斯市康巴什区政协,县级,市辖区,县级,市辖区,"县级政协,市辖区政协,区政协",,鄂尔多斯市,内蒙古自治区,华北,
423,鄂尔多斯市达拉特旗政协,县级,旗,县级,旗,"县级政协,旗政协",,鄂尔多斯市,内蒙古自治区,华北,
424,鄂尔多斯市准格尔旗政协,县级,旗,县级,旗,"县级政协,旗政协",,鄂尔多斯市,内蒙古自治区,华北,
425,鄂尔多斯市鄂托克前旗政协,县级,旗,县级,旗,"县级政协,旗政协",,鄂尔多斯市,内蒙古自治区,华北,
426,鄂尔多斯市鄂托克旗政协,县级,旗,县级,旗,"县级政协,旗政协",,鄂尔多斯市,内蒙古自治区,华北,
427,鄂尔多斯市杭锦旗政协,县级,旗,县级,旗,"县级政协,旗政协",,鄂尔多斯市,内蒙古自治区,华北,
428,鄂尔多斯市乌审旗政协,县级,旗,县级,旗,"县级政协,旗政协",,鄂尔多斯市,内蒙古自治区,华北,
429,鄂尔多斯市伊金霍洛旗政协,县级,旗,县级,旗,"县级政协,旗政协",,鄂尔多斯市,内蒙古自治区,华北,
430,呼伦贝尔市政协,地级,地级市,地级,地级市,"地级政协,地级市政协",,呼伦贝尔市,内蒙古自治区,华北,
431,呼伦贝尔市海拉尔区政协,县级,市辖区,县级,市辖区,"县级政协,市辖区政协,区政协",,呼伦贝尔市,内蒙古自治区,华北,
432,呼伦贝尔市扎赉诺尔区政协,县级,市辖区,县级,市辖区,"县级政协,市辖区政协,区政协",,呼伦贝尔市,内蒙古自治区,华北,
433,呼伦贝尔市阿荣旗政协,县级,旗,县级,旗,"县级政协,旗政协",,呼伦贝尔市,内蒙古自治区,华北,
434,呼伦贝尔市莫力达瓦达斡尔族自治旗政协,县级,旗,县级,旗,"县级政协,旗政协",,呼伦贝尔市,内蒙古自治区,华北,
435,呼伦贝尔市鄂伦春自治旗政协,县级,旗,县级,旗,"县级政协,旗政协",,呼伦贝尔市,内蒙古自治区,华北,
436,呼伦贝尔市鄂温克族自治旗政协,县级,旗,县级,旗,"县级政协,旗政协",,呼伦贝尔市,内蒙古自治区,华北,
437,呼伦贝尔市陈巴尔虎旗政协,县级,旗,县级,旗,"县级政协,旗政协",,呼伦贝尔市,内蒙古自治区,华北,
438,呼伦贝尔市新巴尔虎左旗政协,县级,旗,县级,旗,"县级政协,旗政协",,呼伦贝尔市,内蒙古自治区,华北,
439,呼伦贝尔市新巴尔虎右旗政协,县级,旗,县级,旗,"县级政协,旗政协",,呼伦贝尔市,内蒙古自治区,华北,
440,呼伦贝尔市满洲里市政协,县级,县级市,县级,县级市,"县级政协,县级市政协",,呼伦贝尔市,内蒙古自治区,华北,
441,呼伦贝尔市牙克石市政协,县级,县级市,县级,县级市,"县级政协,县级市政协",,呼伦贝尔市,内蒙古自治区,华北,
442,呼伦贝尔市扎兰屯市政协,县级,县级市,县级,县级市,"县级政协,县级市政协",,呼伦贝尔市,内蒙古自治区,华北,
443,呼伦贝尔市额尔古纳市政协,县级,县级市,县级,县级市,"县级政协,县级市政协",,呼伦贝尔市,内蒙古自治区,华北,
444,呼伦贝尔市根河市政协,县级,县级市,县级,县级市,"县级政协,县级市政协",,呼伦贝尔市,内蒙古自治区,华北,
445,巴彦淖尔市政协,地级,地级市,地级,地级市,"地级政协,地级市政协",,巴彦淖尔市,内蒙古自治区,华北,
446,巴彦淖尔市临河区政协,县级,市辖区,县级,市辖区,"县级政协,市辖区政协,区政协",,巴彦淖尔市,内蒙古自治区,华北,
447,巴彦淖尔市五原县政协,县级,县,县级,县,"县级政协,县政协",,巴彦淖尔市,内蒙古自治区,华北,
448,巴彦淖尔市磴口县政协,县级,县,县级,县,"县级政协,县政协",,巴彦淖尔市,内蒙古自治区,华北,
449,巴彦淖尔市乌拉特前旗政协,县级,旗,县级,旗,"县级政协,旗政协",,巴彦淖尔市,内蒙古自治区,华北,
450,巴彦淖尔市乌拉特中旗政协,县级,旗,县级,旗,"县级政协,旗政协",,巴彦淖尔市,内蒙古自治区,华北,
451,巴彦淖尔市乌拉特后旗政协,县级,旗,县级,旗,"县级政协,旗政协",,巴彦淖尔市,内蒙古自治区,华北,
452,巴彦淖尔市杭锦后旗政协,县级,旗,县级,旗,"县级政协,旗政协",,巴彦淖尔市,内蒙古自治区,华北,
453,乌兰察布市政协,地级,地级市,地级,地级市,"地级政协,地级市政协",,乌兰察布市,内蒙古自治区,华北,
454,乌兰察布市集宁区政协,县级,市辖区,县级,市辖区,"县级政协,市辖区政协,区政协",,乌兰察布市,内蒙古自治区,华北,
455,乌兰察布市卓资县政协,县级,县,县级,县,"县级政协,县政协",,乌兰察布市,内蒙古自治区,华北,
456,乌兰察布市化德县政协,县级,县,县级,县,"县级政协,县政协",,乌兰察布市,内蒙古自治区,华北,
457,乌兰察布市商都县政协,县级,县,县级,县,"县级政协,县政协",,乌兰察布市,内蒙古自治区,华北,
458,乌兰察布市兴和县政协,县级,县,县级,县,"县级政协,县政协",,乌兰察布市,内蒙古自治区,华北,
459,乌兰察布市凉城县政协,县级,县,县级,县,"县级政协,县政协",,乌兰察布市,内蒙古自治区,华北,
460,乌兰察布市察哈尔右翼前旗政协,县级,旗,县级,旗,"县级政协,旗政协",,乌兰察布市,内蒙古自治区,华北,
461,乌兰察布市察哈尔右翼中旗政协,县级,旗,县级,旗,"县级政协,旗政协",,乌兰察布市,内蒙古自治区,华北,
462,乌兰察布市察哈尔右翼后旗政协,县级,旗,县级,旗,"县级政协,旗政协",,乌兰察布市,内蒙古自治区,华北,
463,乌兰察布市四子王旗政协,县级,旗,县级,旗,"县级政协,旗政协",,乌兰察布市,内蒙古自治区,华北,
464,乌兰察布市丰镇市政协,县级,县级市,县级,县级市,"县级政协,县级市政协",,乌兰察布市,内蒙古自治区,华北,
465,兴安盟政协,地级,盟,地级,盟,"地级政协,盟政协",,兴安盟,内蒙古自治区,华北,
466,兴安盟乌兰浩特市政协,县级,县级市,县级,县级市,"县级政协,县级市政协",,兴安盟,内蒙古自治区,华北,
467,兴安盟阿尔山市政协,县级,县级市,县级,县级市,"县级政协,县级市政协",,兴安盟,内蒙古自治区,华北,
468,兴安盟科尔沁右翼前旗政协,县级,旗,县级,旗,"县级政协,旗政协",,兴安盟,内蒙古自治区,华北,
469,兴安盟科尔沁右翼中旗政协,县级,旗,县级,旗,"县级政协,旗政协",,兴安盟,内蒙古自治区,华北,
470,兴安盟扎赉特旗政协,县级,旗,县级,旗,"县级政协,旗政协",,兴安盟,内蒙古自治区,华北,
471,兴安盟突泉县政协,县级,县,县级,县,"县级政协,县政协",,兴安盟,内蒙古自治区,华北,
472,锡林郭勒盟政协,地级,盟,地级,盟,"地级政协,盟政协",,锡林郭勒盟,内蒙古自治区,华北,
473,锡林郭勒盟二连浩特市政协,县级,县级市,县级,县级市,"县级政协,县级市政协",,锡林郭勒盟,内蒙古自治区,华北,
474,锡林郭勒盟锡林浩特市政协,县级,县级市,县级,县级市,"县级政协,县级市政协",,锡林郭勒盟,内蒙古自治区,华北,
475,锡林郭勒盟阿巴嘎旗政协,县级,旗,县级,旗,"县级政协,旗政协",,锡林郭勒盟,内蒙古自治区,华北,
476,锡林郭勒盟苏尼特左旗政协,县级,旗,县级,旗,"县级政协,旗政协",,锡林郭勒盟,内蒙古自治区,华北,
477,锡林郭勒盟苏尼特右旗政协,县级,旗,县级,旗,"县级政协,旗政协",,锡林郭勒盟,内蒙古自治区,华北,
478,锡林郭勒盟东乌珠穆沁旗政协,县级,旗,县级,旗,"县级政协,旗政协",,锡林郭勒盟,内蒙古自治区,华北,
479,锡林郭勒盟西乌珠穆沁旗政协,县级,旗,县级,旗,"县级政协,旗政协",,锡林郭勒盟,内蒙古自治区,华北,
480,锡林郭勒盟太仆寺旗政协,县级,旗,县级,旗,"县级政协,旗政协",,锡林郭勒盟,内蒙古自治区,华北,
481,锡林郭勒盟镶黄旗政协,县级,旗,县级,旗,"县级政协,旗政协",,锡林郭勒盟,内蒙古自治区,华北,
482,锡林郭勒盟正镶白旗政协,县级,旗,县级,旗,"县级政协,旗政协",,锡林郭勒盟,内蒙古自治区,华北,
483,锡林郭勒盟正蓝旗政协,县级,旗,县级,旗,"县级政协,旗政协",,锡林郭勒盟,内蒙古自治区,华北,
484,锡林郭勒盟多伦县政协,县级,县,县级,县,"县级政协,县政协",,锡林郭勒盟,内蒙古自治区,华北,
485,阿拉善盟政协,地级,盟,地级,盟,"地级政协,盟政协",,阿拉善盟,内蒙古自治区,华北,
486,阿拉善盟阿拉善左旗政协,县级,旗,县级,旗,"县级政协,旗政协",,阿拉善盟,内蒙古自治区,华北,
487,阿拉善盟阿拉善右旗政协,县级,旗,县级,旗,"县级政协,旗政协",,阿拉善盟,内蒙古自治区,华北,
488,阿拉善盟额济纳旗政协,县级,旗,县级,旗,"县级政协,旗政协",,阿拉善盟,内蒙古自治区,华北,
489,阿拉善盟内蒙古阿拉善高新技术产业开发区政协,县级,市辖区,县级,市辖区,"县级政协,市辖区政协,区政协",,阿拉善盟,内蒙古自治区,华北,疑似功能区（含「开发区」），通常无独立政协委员会，请核实
490,辽宁省政协,省级,省,省级,省,"省级政协,省政协",,,辽宁省,东北,
491,沈阳市政协,副省级,地级市,副省级,地级市,"副省级政协,地级市政协",省会城市、省会城市政协,沈阳市,辽宁省,东北,
492,沈阳市和平区政协,县级,市辖区,县级,市辖区,"县级政协,市辖区政协,区政协",,沈阳市,辽宁省,东北,
493,沈阳市沈河区政协,县级,市辖区,县级,市辖区,"县级政协,市辖区政协,区政协",,沈阳市,辽宁省,东北,
494,沈阳市大东区政协,县级,市辖区,县级,市辖区,"县级政协,市辖区政协,区政协",,沈阳市,辽宁省,东北,
495,沈阳市皇姑区政协,县级,市辖区,县级,市辖区,"县级政协,市辖区政协,区政协",,沈阳市,辽宁省,东北,
496,沈阳市铁西区政协,县级,市辖区,县级,市辖区,"县级政协,市辖区政协,区政协",,沈阳市,辽宁省,东北,
497,沈阳市苏家屯区政协,县级,市辖区,县级,市辖区,"县级政协,市辖区政协,区政协",,沈阳市,辽宁省,东北,
498,沈阳市浑南区政协,县级,市辖区,县级,市辖区,"县级政协,市辖区政协,区政协",,沈阳市,辽宁省,东北,
499,沈阳市沈北新区政协,县级,市辖区,县级,市辖区,"县级政协,市辖区政协,区政协",,沈阳市,辽宁省,东北,疑似功能区（含「新区」），通常无独立政协委员会，请核实
500,沈阳市于洪区政协,县级,市辖区,县级,市辖区,"县级政协,市辖区政协,区政协",,沈阳市,辽宁省,东北,
501,沈阳市辽中区政协,县级,市辖区,县级,市辖区,"县级政协,市辖区政协,区政协",,沈阳市,辽宁省,东北,
502,沈阳市康平县政协,县级,县,县级,县,"县级政协,县政协",,沈阳市,辽宁省,东北,
503,沈阳市法库县政协,县级,县,县级,县,"县级政协,县政协",,沈阳市,辽宁省,东北,
504,沈阳市新民市政协,县级,县级市,县级,县级市,"县级政协,县级市政协",,沈阳市,辽宁省,东北,
505,大连市政协,副省级,地级市,副省级,地级市,"副省级政协,地级市政协",计划单列市、计划单列市政协,大连市,辽宁省,东北,
506,大连市中山区政协,县级,市辖区,县级,市辖区,"县级政协,市辖区政协,区政协",,大连市,辽宁省,东北,
507,大连市西岗区政协,县级,市辖区,县级,市辖区,"县级政协,市辖区政协,区政协",,大连市,辽宁省,东北,
508,大连市沙河口区政协,县级,市辖区,县级,市辖区,"县级政协,市辖区政协,区政协",,大连市,辽宁省,东北,
509,大连市甘井子区政协,县级,市辖区,县级,市辖区,"县级政协,市辖区政协,区政协",,大连市,辽宁省,东北,
510,大连市旅顺口区政协,县级,市辖区,县级,市辖区,"县级政协,市辖区政协,区政协",,大连市,辽宁省,东北,
511,大连市金州区政协,县级,市辖区,县级,市辖区,"县级政协,市辖区政协,区政协",,大连市,辽宁省,东北,
512,大连市普兰店区政协,县级,市辖区,县级,市辖区,"县级政协,市辖区政协,区政协",,大连市,辽宁省,东北,
513,大连市长海县政协,县级,县,县级,县,"县级政协,县政协",,大连市,辽宁省,东北,
514,大连市瓦房店市政协,县级,县级市,县级,县级市,"县级政协,县级市政协",,大连市,辽宁省,东北,
515,大连市庄河市政协,县级,县级市,县级,县级市,"县级政协,县级市政协",,大连市,辽宁省,东北,
516,鞍山市政协,地级,地级市,地级,地级市,"地级政协,地级市政协",,鞍山市,辽宁省,东北,
517,鞍山市铁东区政协,县级,市辖区,县级,市辖区,"县级政协,市辖区政协,区政协",,鞍山市,辽宁省,东北,
518,鞍山市铁西区政协,县级,市辖区,县级,市辖区,"县级政协,市辖区政协,区政协",,鞍山市,辽宁省,东北,
519,鞍山市立山区政协,县级,市辖区,县级,市辖区,"县级政协,市辖区政协,区政协",,鞍山市,辽宁省,东北,
520,鞍山市千山区政协,县级,市辖区,县级,市辖区,"县级政协,市辖区政协,区政协",,鞍山市,辽宁省,东北,
521,鞍山市台安县政协,县级,县,县级,县,"县级政协,县政协",,鞍山市,辽宁省,东北,
522,鞍山市岫岩满族自治县政协,县级,自治县,县级,自治县,"县级政协,自治县政协",,鞍山市,辽宁省,东北,
523,鞍山市海城市政协,县级,县级市,县级,县级市,"县级政协,县级市政协",,鞍山市,辽宁省,东北,
524,抚顺市政协,地级,地级市,地级,地级市,"地级政协,地级市政协",,抚顺市,辽宁省,东北,
525,抚顺市新抚区政协,县级,市辖区,县级,市辖区,"县级政协,市辖区政协,区政协",,抚顺市,辽宁省,东北,
526,抚顺市东洲区政协,县级,市辖区,县级,市辖区,"县级政协,市辖区政协,区政协",,抚顺市,辽宁省,东北,
527,抚顺市望花区政协,县级,市辖区,县级,市辖区,"县级政协,市辖区政协,区政协",,抚顺市,辽宁省,东北,
528,抚顺市顺城区政协,县级,市辖区,县级,市辖区,"县级政协,市辖区政协,区政协",,抚顺市,辽宁省,东北,
529,抚顺市抚顺县政协,县级,县,县级,县,"县级政协,县政协",,抚顺市,辽宁省,东北,
530,抚顺市新宾满族自治县政协,县级,自治县,县级,自治县,"县级政协,自治县政协",,抚顺市,辽宁省,东北,
531,抚顺市清原满族自治县政协,县级,自治县,县级,自治县,"县级政协,自治县政协",,抚顺市,辽宁省,东北,
532,本溪市政协,地级,地级市,地级,地级市,"地级政协,地级市政协",,本溪市,辽宁省,东北,
533,本溪市平山区政协,县级,市辖区,县级,市辖区,"县级政协,市辖区政协,区政协",,本溪市,辽宁省,东北,
534,本溪市溪湖区政协,县级,市辖区,县级,市辖区,"县级政协,市辖区政协,区政协",,本溪市,辽宁省,东北,
535,本溪市明山区政协,县级,市辖区,县级,市辖区,"县级政协,市辖区政协,区政协",,本溪市,辽宁省,东北,
536,本溪市南芬区政协,县级,市辖区,县级,市辖区,"县级政协,市辖区政协,区政协",,本溪市,辽宁省,东北,
537,本溪市本溪满族自治县政协,县级,自治县,县级,自治县,"县级政协,自治县政协",,本溪市,辽宁省,东北,
538,本溪市桓仁满族自治县政协,县级,自治县,县级,自治县,"县级政协,自治县政协",,本溪市,辽宁省,东北,
539,丹东市政协,地级,地级市,地级,地级市,"地级政协,地级市政协",,丹东市,辽宁省,东北,
540,丹东市元宝区政协,县级,市辖区,县级,市辖区,"县级政协,市辖区政协,区政协",,丹东市,辽宁省,东北,
541,丹东市振兴区政协,县级,市辖区,县级,市辖区,"县级政协,市辖区政协,区政协",,丹东市,辽宁省,东北,
542,丹东市振安区政协,县级,市辖区,县级,市辖区,"县级政协,市辖区政协,区政协",,丹东市,辽宁省,东北,
543,丹东市宽甸满族自治县政协,县级,自治县,县级,自治县,"县级政协,自治县政协",,丹东市,辽宁省,东北,
544,丹东市东港市政协,县级,县级市,县级,县级市,"县级政协,县级市政协",,丹东市,辽宁省,东北,
545,丹东市凤城市政协,县级,县级市,县级,县级市,"县级政协,县级市政协",,丹东市,辽宁省,东北,
546,锦州市政协,地级,地级市,地级,地级市,"地级政协,地级市政协",,锦州市,辽宁省,东北,
547,锦州市古塔区政协,县级,市辖区,县级,市辖区,"县级政协,市辖区政协,区政协",,锦州市,辽宁省,东北,
548,锦州市凌河区政协,县级,市辖区,县级,市辖区,"县级政协,市辖区政协,区政协",,锦州市,辽宁省,东北,
549,锦州市太和区政协,县级,市辖区,县级,市辖区,"县级政协,市辖区政协,区政协",,锦州市,辽宁省,东北,
550,锦州市黑山县政协,县级,县,县级,县,"县级政协,县政协",,锦州市,辽宁省,东北,
551,锦州市义县政协,县级,县,县级,县,"县级政协,县政协",,锦州市,辽宁省,东北,
552,锦州市凌海市政协,县级,县级市,县级,县级市,"县级政协,县级市政协",,锦州市,辽宁省,东北,
553,锦州市北镇市政协,县级,县级市,县级,县级市,"县级政协,县级市政协",,锦州市,辽宁省,东北,
554,营口市政协,地级,地级市,地级,地级市,"地级政协,地级市政协",,营口市,辽宁省,东北,
555,营口市站前区政协,县级,市辖区,县级,市辖区,"县级政协,市辖区政协,区政协",,营口市,辽宁省,东北,
556,营口市西市区政协,县级,市辖区,县级,市辖区,"县级政协,市辖区政协,区政协",,营口市,辽宁省,东北,
557,营口市鲅鱼圈区政协,县级,市辖区,县级,市辖区,"县级政协,市辖区政协,区政协",,营口市,辽宁省,东北,
558,营口市老边区政协,县级,市辖区,县级,市辖区,"县级政协,市辖区政协,区政协",,营口市,辽宁省,东北,
559,营口市盖州市政协,县级,县级市,县级,县级市,"县级政协,县级市政协",,营口市,辽宁省,东北,
560,营口市大石桥市政协,县级,县级市,县级,县级市,"县级政协,县级市政协",,营口市,辽宁省,东北,
561,阜新市政协,地级,地级市,地级,地级市,"地级政协,地级市政协",,阜新市,辽宁省,东北,
562,阜新市海州区政协,县级,市辖区,县级,市辖区,"县级政协,市辖区政协,区政协",,阜新市,辽宁省,东北,
563,阜新市新邱区政协,县级,市辖区,县级,市辖区,"县级政协,市辖区政协,区政协",,阜新市,辽宁省,东北,
564,阜新市太平区政协,县级,市辖区,县级,市辖区,"县级政协,市辖区政协,区政协",,阜新市,辽宁省,东北,
565,阜新市清河门区政协,县级,市辖区,县级,市辖区,"县级政协,市辖区政协,区政协",,阜新市,辽宁省,东北,
566,阜新市细河区政协,县级,市辖区,县级,市辖区,"县级政协,市辖区政协,区政协",,阜新市,辽宁省,东北,
567,阜新市阜新蒙古族自治县政协,县级,自治县,县级,自治县,"县级政协,自治县政协",,阜新市,辽宁省,东北,
568,阜新市彰武县政协,县级,县,县级,县,"县级政协,县政协",,阜新市,辽宁省,东北,
569,辽阳市政协,地级,地级市,地级,地级市,"地级政协,地级市政协",,辽阳市,辽宁省,东北,
570,辽阳市白塔区政协,县级,市辖区,县级,市辖区,"县级政协,市辖区政协,区政协",,辽阳市,辽宁省,东北,
571,辽阳市文圣区政协,县级,市辖区,县级,市辖区,"县级政协,市辖区政协,区政协",,辽阳市,辽宁省,东北,
572,辽阳市宏伟区政协,县级,市辖区,县级,市辖区,"县级政协,市辖区政协,区政协",,辽阳市,辽宁省,东北,
573,辽阳市弓长岭区政协,县级,市辖区,县级,市辖区,"县级政协,市辖区政协,区政协",,辽阳市,辽宁省,东北,
574,辽阳市太子河区政协,县级,市辖区,县级,市辖区,"县级政协,市辖区政协,区政协",,辽阳市,辽宁省,东北,
575,辽阳市辽阳县政协,县级,县,县级,县,"县级政协,县政协",,辽阳市,辽宁省,东北,
576,辽阳市灯塔市政协,县级,县级市,县级,县级市,"县级政协,县级市政协",,辽阳市,辽宁省,东北,
577,盘锦市政协,地级,地级市,地级,地级市,"地级政协,地级市政协",,盘锦市,辽宁省,东北,
578,盘锦市双台子区政协,县级,市辖区,县级,市辖区,"县级政协,市辖区政协,区政协",,盘锦市,辽宁省,东北,
579,盘锦市兴隆台区政协,县级,市辖区,县级,市辖区,"县级政协,市辖区政协,区政协",,盘锦市,辽宁省,东北,
580,盘锦市大洼区政协,县级,市辖区,县级,市辖区,"县级政协,市辖区政协,区政协",,盘锦市,辽宁省,东北,
581,盘锦市盘山县政协,县级,县,县级,县,"县级政协,县政协",,盘锦市,辽宁省,东北,
582,铁岭市政协,地级,地级市,地级,地级市,"地级政协,地级市政协",,铁岭市,辽宁省,东北,
583,铁岭市银州区政协,县级,市辖区,县级,市辖区,"县级政协,市辖区政协,区政协",,铁岭市,辽宁省,东北,
584,铁岭市清河区政协,县级,市辖区,县级,市辖区,"县级政协,市辖区政协,区政协",,铁岭市,辽宁省,东北,
585,铁岭市铁岭县政协,县级,县,县级,县,"县级政协,县政协",,铁岭市,辽宁省,东北,
586,铁岭市西丰县政协,县级,县,县级,县,"县级政协,县政协",,铁岭市,辽宁省,东北,
587,铁岭市昌图县政协,县级,县,县级,县,"县级政协,县政协",,铁岭市,辽宁省,东北,
588,铁岭市调兵山市政协,县级,县级市,县级,县级市,"县级政协,县级市政协",,铁岭市,辽宁省,东北,
589,铁岭市开原市政协,县级,县级市,县级,县级市,"县级政协,县级市政协",,铁岭市,辽宁省,东北,
590,朝阳市政协,地级,地级市,地级,地级市,"地级政协,地级市政协",,朝阳市,辽宁省,东北,
591,朝阳市双塔区政协,县级,市辖区,县级,市辖区,"县级政协,市辖区政协,区政协",,朝阳市,辽宁省,东北,
592,朝阳市龙城区政协,县级,市辖区,县级,市辖区,"县级政协,市辖区政协,区政协",,朝阳市,辽宁省,东北,
593,朝阳市朝阳县政协,县级,县,县级,县,"县级政协,县政协",,朝阳市,辽宁省,东北,
594,朝阳市建平县政协,县级,县,县级,县,"县级政协,县政协",,朝阳市,辽宁省,东北,
595,朝阳市喀喇沁左翼蒙古族自治县政协,县级,自治县,县级,自治县,"县级政协,自治县政协",,朝阳市,辽宁省,东北,
596,朝阳市北票市政协,县级,县级市,县级,县级市,"县级政协,县级市政协",,朝阳市,辽宁省,东北,
597,朝阳市凌源市政协,县级,县级市,县级,县级市,"县级政协,县级市政协",,朝阳市,辽宁省,东北,
598,葫芦岛市政协,地级,地级市,地级,地级市,"地级政协,地级市政协",,葫芦岛市,辽宁省,东北,
599,葫芦岛市连山区政协,县级,市辖区,县级,市辖区,"县级政协,市辖区政协,区政协",,葫芦岛市,辽宁省,东北,
600,葫芦岛市龙港区政协,县级,市辖区,县级,市辖区,"县级政协,市辖区政协,区政协",,葫芦岛市,辽宁省,东北,
601,葫芦岛市南票区政协,县级,市辖区,县级,市辖区,"县级政协,市辖区政协,区政协",,葫芦岛市,辽宁省,东北,
602,葫芦岛市绥中县政协,县级,县,县级,县,"县级政协,县政协",,葫芦岛市,辽宁省,东北,
603,葫芦岛市建昌县政协,县级,县,县级,县,"县级政协,县政协",,葫芦岛市,辽宁省,东北,
604,葫芦岛市兴城市政协,县级,县级市,县级,县级市,"县级政协,县级市政协",,葫芦岛市,辽宁省,东北,
605,吉林省政协,省级,省,省级,省,"省级政协,省政协",,,吉林省,东北,
606,长春市政协,副省级,地级市,副省级,地级市,"副省级政协,地级市政协",省会城市、省会城市政协,长春市,吉林省,东北,
607,长春市南关区政协,县级,市辖区,县级,市辖区,"县级政协,市辖区政协,区政协",,长春市,吉林省,东北,
608,长春市宽城区政协,县级,市辖区,县级,市辖区,"县级政协,市辖区政协,区政协",,长春市,吉林省,东北,
609,长春市朝阳区政协,县级,市辖区,县级,市辖区,"县级政协,市辖区政协,区政协",,长春市,吉林省,东北,
610,长春市二道区政协,县级,市辖区,县级,市辖区,"县级政协,市辖区政协,区政协",,长春市,吉林省,东北,
611,长春市绿园区政协,县级,市辖区,县级,市辖区,"县级政协,市辖区政协,区政协",,长春市,吉林省,东北,
612,长春市双阳区政协,县级,市辖区,县级,市辖区,"县级政协,市辖区政协,区政协",,长春市,吉林省,东北,
613,长春市九台区政协,县级,市辖区,县级,市辖区,"县级政协,市辖区政协,区政协",,长春市,吉林省,东北,
614,长春市农安县政协,县级,县,县级,县,"县级政协,县政协",,长春市,吉林省,东北,
615,长春市长春经济技术开发区政协,县级,市辖区,县级,市辖区,"县级政协,市辖区政协,区政协",,长春市,吉林省,东北,疑似功能区（含「开发区」），通常无独立政协委员会，请核实
616,长春市长春净月高新技术产业开发区政协,县级,市辖区,县级,市辖区,"县级政协,市辖区政协,区政协",,长春市,吉林省,东北,疑似功能区（含「开发区」），通常无独立政协委员会，请核实
617,长春市长春高新技术产业开发区政协,县级,市辖区,县级,市辖区,"县级政协,市辖区政协,区政协",,长春市,吉林省,东北,疑似功能区（含「开发区」），通常无独立政协委员会，请核实
618,长春市长春汽车经济技术开发区政协,县级,市辖区,县级,市辖区,"县级政协,市辖区政协,区政协",,长春市,吉林省,东北,疑似功能区（含「开发区」），通常无独立政协委员会，请核实
619,长春市榆树市政协,县级,县级市,县级,县级市,"县级政协,县级市政协",,长春市,吉林省,东北,
620,长春市德惠市政协,县级,县级市,县级,县级市,"县级政协,县级市政协",,长春市,吉林省,东北,
621,长春市公主岭市政协,县级,县级市,县级,县级市,"县级政协,县级市政协",,长春市,吉林省,东北,
622,吉林市政协,地级,地级市,地级,地级市,"地级政协,地级市政协",,吉林市,吉林省,东北,
623,吉林市昌邑区政协,县级,市辖区,县级,市辖区,"县级政协,市辖区政协,区政协",,吉林市,吉林省,东北,
624,吉林市龙潭区政协,县级,市辖区,县级,市辖区,"县级政协,市辖区政协,区政协",,吉林市,吉林省,东北,
625,吉林市船营区政协,县级,市辖区,县级,市辖区,"县级政协,市辖区政协,区政协",,吉林市,吉林省,东北,
626,吉林市丰满区政协,县级,市辖区,县级,市辖区,"县级政协,市辖区政协,区政协",,吉林市,吉林省,东北,
627,吉林市永吉县政协,县级,县,县级,县,"县级政协,县政协",,吉林市,吉林省,东北,
628,吉林市吉林经济开发区政协,县级,市辖区,县级,市辖区,"县级政协,市辖区政协,区政协",,吉林市,吉林省,东北,疑似功能区（含「开发区」），通常无独立政协委员会，请核实
629,吉林市吉林高新技术产业开发区政协,县级,市辖区,县级,市辖区,"县级政协,市辖区政协,区政协",,吉林市,吉林省,东北,疑似功能区（含「开发区」），通常无独立政协委员会，请核实
630,吉林市吉林中国新加坡食品区政协,县级,市辖区,县级,市辖区,"县级政协,市辖区政协,区政协",,吉林市,吉林省,东北,
631,吉林市蛟河市政协,县级,县级市,县级,县级市,"县级政协,县级市政协",,吉林市,吉林省,东北,
632,吉林市桦甸市政协,县级,县级市,县级,县级市,"县级政协,县级市政协",,吉林市,吉林省,东北,
633,吉林市舒兰市政协,县级,县级市,县级,县级市,"县级政协,县级市政协",,吉林市,吉林省,东北,
634,吉林市磐石市政协,县级,县级市,县级,县级市,"县级政协,县级市政协",,吉林市,吉林省,东北,
635,四平市政协,地级,地级市,地级,地级市,"地级政协,地级市政协",,四平市,吉林省,东北,
636,四平市铁西区政协,县级,市辖区,县级,市辖区,"县级政协,市辖区政协,区政协",,四平市,吉林省,东北,
637,四平市铁东区政协,县级,市辖区,县级,市辖区,"县级政协,市辖区政协,区政协",,四平市,吉林省,东北,
638,四平市梨树县政协,县级,县,县级,县,"县级政协,县政协",,四平市,吉林省,东北,
639,四平市伊通满族自治县政协,县级,自治县,县级,自治县,"县级政协,自治县政协",,四平市,吉林省,东北,
640,四平市双辽市政协,县级,县级市,县级,县级市,"县级政协,县级市政协",,四平市,吉林省,东北,
641,辽源市政协,地级,地级市,地级,地级市,"地级政协,地级市政协",,辽源市,吉林省,东北,
642,辽源市龙山区政协,县级,市辖区,县级,市辖区,"县级政协,市辖区政协,区政协",,辽源市,吉林省,东北,
643,辽源市西安区政协,县级,市辖区,县级,市辖区,"县级政协,市辖区政协,区政协",,辽源市,吉林省,东北,
644,辽源市东丰县政协,县级,县,县级,县,"县级政协,县政协",,辽源市,吉林省,东北,
645,辽源市东辽县政协,县级,县,县级,县,"县级政协,县政协",,辽源市,吉林省,东北,
646,通化市政协,地级,地级市,地级,地级市,"地级政协,地级市政协",,通化市,吉林省,东北,
647,通化市东昌区政协,县级,市辖区,县级,市辖区,"县级政协,市辖区政协,区政协",,通化市,吉林省,东北,
648,通化市二道江区政协,县级,市辖区,县级,市辖区,"县级政协,市辖区政协,区政协",,通化市,吉林省,东北,
649,通化市通化县政协,县级,县,县级,县,"县级政协,县政协",,通化市,吉林省,东北,
650,通化市辉南县政协,县级,县,县级,县,"县级政协,县政协",,通化市,吉林省,东北,
651,通化市柳河县政协,县级,县,县级,县,"县级政协,县政协",,通化市,吉林省,东北,
652,通化市梅河口市政协,县级,县级市,县级,县级市,"县级政协,县级市政协",,通化市,吉林省,东北,
653,通化市集安市政协,县级,县级市,县级,县级市,"县级政协,县级市政协",,通化市,吉林省,东北,
654,白山市政协,地级,地级市,地级,地级市,"地级政协,地级市政协",,白山市,吉林省,东北,
655,白山市浑江区政协,县级,市辖区,县级,市辖区,"县级政协,市辖区政协,区政协",,白山市,吉林省,东北,
656,白山市江源区政协,县级,市辖区,县级,市辖区,"县级政协,市辖区政协,区政协",,白山市,吉林省,东北,
657,白山市抚松县政协,县级,县,县级,县,"县级政协,县政协",,白山市,吉林省,东北,
658,白山市靖宇县政协,县级,县,县级,县,"县级政协,县政协",,白山市,吉林省,东北,
659,白山市长白朝鲜族自治县政协,县级,自治县,县级,自治县,"县级政协,自治县政协",,白山市,吉林省,东北,
660,白山市临江市政协,县级,县级市,县级,县级市,"县级政协,县级市政协",,白山市,吉林省,东北,
661,松原市政协,地级,地级市,地级,地级市,"地级政协,地级市政协",,松原市,吉林省,东北,
662,松原市宁江区政协,县级,市辖区,县级,市辖区,"县级政协,市辖区政协,区政协",,松原市,吉林省,东北,
663,松原市前郭尔罗斯蒙古族自治县政协,县级,自治县,县级,自治县,"县级政协,自治县政协",,松原市,吉林省,东北,
664,松原市长岭县政协,县级,县,县级,县,"县级政协,县政协",,松原市,吉林省,东北,
665,松原市乾安县政协,县级,县,县级,县,"县级政协,县政协",,松原市,吉林省,东北,
666,松原市吉林松原经济开发区政协,县级,市辖区,县级,市辖区,"县级政协,市辖区政协,区政协",,松原市,吉林省,东北,疑似功能区（含「开发区」），通常无独立政协委员会，请核实
667,松原市扶余市政协,县级,县级市,县级,县级市,"县级政协,县级市政协",,松原市,吉林省,东北,
668,白城市政协,地级,地级市,地级,地级市,"地级政协,地级市政协",,白城市,吉林省,东北,
669,白城市洮北区政协,县级,市辖区,县级,市辖区,"县级政协,市辖区政协,区政协",,白城市,吉林省,东北,
670,白城市镇赉县政协,县级,县,县级,县,"县级政协,县政协",,白城市,吉林省,东北,
671,白城市通榆县政协,县级,县,县级,县,"县级政协,县政协",,白城市,吉林省,东北,
672,白城市吉林白城经济开发区政协,县级,市辖区,县级,市辖区,"县级政协,市辖区政协,区政协",,白城市,吉林省,东北,疑似功能区（含「开发区」），通常无独立政协委员会，请核实
673,白城市洮南市政协,县级,县级市,县级,县级市,"县级政协,县级市政协",,白城市,吉林省,东北,
674,白城市大安市政协,县级,县级市,县级,县级市,"县级政协,县级市政协",,白城市,吉林省,东北,
675,延边朝鲜族自治州政协,地级,自治州,地级,自治州,"地级政协,自治州政协",,延边朝鲜族自治州,吉林省,东北,
676,延边朝鲜族自治州延吉市政协,县级,县级市,县级,县级市,"县级政协,县级市政协",,延边朝鲜族自治州,吉林省,东北,
677,延边朝鲜族自治州图们市政协,县级,县级市,县级,县级市,"县级政协,县级市政协",,延边朝鲜族自治州,吉林省,东北,
678,延边朝鲜族自治州敦化市政协,县级,县级市,县级,县级市,"县级政协,县级市政协",,延边朝鲜族自治州,吉林省,东北,
679,延边朝鲜族自治州珲春市政协,县级,县级市,县级,县级市,"县级政协,县级市政协",,延边朝鲜族自治州,吉林省,东北,
680,延边朝鲜族自治州龙井市政协,县级,县级市,县级,县级市,"县级政协,县级市政协",,延边朝鲜族自治州,吉林省,东北,
681,延边朝鲜族自治州和龙市政协,县级,县级市,县级,县级市,"县级政协,县级市政协",,延边朝鲜族自治州,吉林省,东北,
682,延边朝鲜族自治州汪清县政协,县级,县,县级,县,"县级政协,县政协",,延边朝鲜族自治州,吉林省,东北,
683,延边朝鲜族自治州安图县政协,县级,县,县级,县,"县级政协,县政协",,延边朝鲜族自治州,吉林省,东北,
684,黑龙江省政协,省级,省,省级,省,"省级政协,省政协",,,黑龙江省,东北,
685,哈尔滨市政协,副省级,地级市,副省级,地级市,"副省级政协,地级市政协",省会城市、省会城市政协,哈尔滨市,黑龙江省,东北,
686,哈尔滨市道里区政协,县级,市辖区,县级,市辖区,"县级政协,市辖区政协,区政协",,哈尔滨市,黑龙江省,东北,
687,哈尔滨市南岗区政协,县级,市辖区,县级,市辖区,"县级政协,市辖区政协,区政协",,哈尔滨市,黑龙江省,东北,
688,哈尔滨市道外区政协,县级,市辖区,县级,市辖区,"县级政协,市辖区政协,区政协",,哈尔滨市,黑龙江省,东北,
689,哈尔滨市平房区政协,县级,市辖区,县级,市辖区,"县级政协,市辖区政协,区政协",,哈尔滨市,黑龙江省,东北,
690,哈尔滨市松北区政协,县级,市辖区,县级,市辖区,"县级政协,市辖区政协,区政协",,哈尔滨市,黑龙江省,东北,
691,哈尔滨市香坊区政协,县级,市辖区,县级,市辖区,"县级政协,市辖区政协,区政协",,哈尔滨市,黑龙江省,东北,
692,哈尔滨市呼兰区政协,县级,市辖区,县级,市辖区,"县级政协,市辖区政协,区政协",,哈尔滨市,黑龙江省,东北,
693,哈尔滨市阿城区政协,县级,市辖区,县级,市辖区,"县级政协,市辖区政协,区政协",,哈尔滨市,黑龙江省,东北,
694,哈尔滨市双城区政协,县级,市辖区,县级,市辖区,"县级政协,市辖区政协,区政协",,哈尔滨市,黑龙江省,东北,
695,哈尔滨市依兰县政协,县级,县,县级,县,"县级政协,县政协",,哈尔滨市,黑龙江省,东北,
696,哈尔滨市方正县政协,县级,县,县级,县,"县级政协,县政协",,哈尔滨市,黑龙江省,东北,
697,哈尔滨市宾县政协,县级,县,县级,县,"县级政协,县政协",,哈尔滨市,黑龙江省,东北,
698,哈尔滨市巴彦县政协,县级,县,县级,县,"县级政协,县政协",,哈尔滨市,黑龙江省,东北,
699,哈尔滨市木兰县政协,县级,县,县级,县,"县级政协,县政协",,哈尔滨市,黑龙江省,东北,
700,哈尔滨市通河县政协,县级,县,县级,县,"县级政协,县政协",,哈尔滨市,黑龙江省,东北,
701,哈尔滨市延寿县政协,县级,县,县级,县,"县级政协,县政协",,哈尔滨市,黑龙江省,东北,
702,哈尔滨市尚志市政协,县级,县级市,县级,县级市,"县级政协,县级市政协",,哈尔滨市,黑龙江省,东北,
703,哈尔滨市五常市政协,县级,县级市,县级,县级市,"县级政协,县级市政协",,哈尔滨市,黑龙江省,东北,
704,齐齐哈尔市政协,地级,地级市,地级,地级市,"地级政协,地级市政协",,齐齐哈尔市,黑龙江省,东北,
705,齐齐哈尔市龙沙区政协,县级,市辖区,县级,市辖区,"县级政协,市辖区政协,区政协",,齐齐哈尔市,黑龙江省,东北,
706,齐齐哈尔市建华区政协,县级,市辖区,县级,市辖区,"县级政协,市辖区政协,区政协",,齐齐哈尔市,黑龙江省,东北,
707,齐齐哈尔市铁锋区政协,县级,市辖区,县级,市辖区,"县级政协,市辖区政协,区政协",,齐齐哈尔市,黑龙江省,东北,
708,齐齐哈尔市昂昂溪区政协,县级,市辖区,县级,市辖区,"县级政协,市辖区政协,区政协",,齐齐哈尔市,黑龙江省,东北,
709,齐齐哈尔市富拉尔基区政协,县级,市辖区,县级,市辖区,"县级政协,市辖区政协,区政协",,齐齐哈尔市,黑龙江省,东北,
710,齐齐哈尔市碾子山区政协,县级,市辖区,县级,市辖区,"县级政协,市辖区政协,区政协",,齐齐哈尔市,黑龙江省,东北,
711,齐齐哈尔市梅里斯达斡尔族区政协,县级,市辖区,县级,市辖区,"县级政协,市辖区政协,区政协",,齐齐哈尔市,黑龙江省,东北,
712,齐齐哈尔市龙江县政协,县级,县,县级,县,"县级政协,县政协",,齐齐哈尔市,黑龙江省,东北,
713,齐齐哈尔市依安县政协,县级,县,县级,县,"县级政协,县政协",,齐齐哈尔市,黑龙江省,东北,
714,齐齐哈尔市泰来县政协,县级,县,县级,县,"县级政协,县政协",,齐齐哈尔市,黑龙江省,东北,
715,齐齐哈尔市甘南县政协,县级,县,县级,县,"县级政协,县政协",,齐齐哈尔市,黑龙江省,东北,
716,齐齐哈尔市富裕县政协,县级,县,县级,县,"县级政协,县政协",,齐齐哈尔市,黑龙江省,东北,
717,齐齐哈尔市克山县政协,县级,县,县级,县,"县级政协,县政协",,齐齐哈尔市,黑龙江省,东北,
718,齐齐哈尔市克东县政协,县级,县,县级,县,"县级政协,县政协",,齐齐哈尔市,黑龙江省,东北,
719,齐齐哈尔市拜泉县政协,县级,县,县级,县,"县级政协,县政协",,齐齐哈尔市,黑龙江省,东北,
720,齐齐哈尔市讷河市政协,县级,县级市,县级,县级市,"县级政协,县级市政协",,齐齐哈尔市,黑龙江省,东北,
721,鸡西市政协,地级,地级市,地级,地级市,"地级政协,地级市政协",,鸡西市,黑龙江省,东北,
722,鸡西市鸡冠区政协,县级,市辖区,县级,市辖区,"县级政协,市辖区政协,区政协",,鸡西市,黑龙江省,东北,
723,鸡西市恒山区政协,县级,市辖区,县级,市辖区,"县级政协,市辖区政协,区政协",,鸡西市,黑龙江省,东北,
724,鸡西市滴道区政协,县级,市辖区,县级,市辖区,"县级政协,市辖区政协,区政协",,鸡西市,黑龙江省,东北,
725,鸡西市梨树区政协,县级,市辖区,县级,市辖区,"县级政协,市辖区政协,区政协",,鸡西市,黑龙江省,东北,
726,鸡西市城子河区政协,县级,市辖区,县级,市辖区,"县级政协,市辖区政协,区政协",,鸡西市,黑龙江省,东北,
727,鸡西市麻山区政协,县级,市辖区,县级,市辖区,"县级政协,市辖区政协,区政协",,鸡西市,黑龙江省,东北,
728,鸡西市鸡东县政协,县级,县,县级,县,"县级政协,县政协",,鸡西市,黑龙江省,东北,
729,鸡西市虎林市政协,县级,县级市,县级,县级市,"县级政协,县级市政协",,鸡西市,黑龙江省,东北,
730,鸡西市密山市政协,县级,县级市,县级,县级市,"县级政协,县级市政协",,鸡西市,黑龙江省,东北,
731,鹤岗市政协,地级,地级市,地级,地级市,"地级政协,地级市政协",,鹤岗市,黑龙江省,东北,
732,鹤岗市向阳区政协,县级,市辖区,县级,市辖区,"县级政协,市辖区政协,区政协",,鹤岗市,黑龙江省,东北,
733,鹤岗市工农区政协,县级,市辖区,县级,市辖区,"县级政协,市辖区政协,区政协",,鹤岗市,黑龙江省,东北,
734,鹤岗市南山区政协,县级,市辖区,县级,市辖区,"县级政协,市辖区政协,区政协",,鹤岗市,黑龙江省,东北,
735,鹤岗市兴安区政协,县级,市辖区,县级,市辖区,"县级政协,市辖区政协,区政协",,鹤岗市,黑龙江省,东北,
736,鹤岗市东山区政协,县级,市辖区,县级,市辖区,"县级政协,市辖区政协,区政协",,鹤岗市,黑龙江省,东北,
737,鹤岗市兴山区政协,县级,市辖区,县级,市辖区,"县级政协,市辖区政协,区政协",,鹤岗市,黑龙江省,东北,
738,鹤岗市萝北县政协,县级,县,县级,县,"县级政协,县政协",,鹤岗市,黑龙江省,东北,
739,鹤岗市绥滨县政协,县级,县,县级,县,"县级政协,县政协",,鹤岗市,黑龙江省,东北,
740,双鸭山市政协,地级,地级市,地级,地级市,"地级政协,地级市政协",,双鸭山市,黑龙江省,东北,
741,双鸭山市尖山区政协,县级,市辖区,县级,市辖区,"县级政协,市辖区政协,区政协",,双鸭山市,黑龙江省,东北,
742,双鸭山市岭东区政协,县级,市辖区,县级,市辖区,"县级政协,市辖区政协,区政协",,双鸭山市,黑龙江省,东北,
743,双鸭山市四方台区政协,县级,市辖区,县级,市辖区,"县级政协,市辖区政协,区政协",,双鸭山市,黑龙江省,东北,
744,双鸭山市宝山区政协,县级,市辖区,县级,市辖区,"县级政协,市辖区政协,区政协",,双鸭山市,黑龙江省,东北,
745,双鸭山市集贤县政协,县级,县,县级,县,"县级政协,县政协",,双鸭山市,黑龙江省,东北,
746,双鸭山市友谊县政协,县级,县,县级,县,"县级政协,县政协",,双鸭山市,黑龙江省,东北,
747,双鸭山市宝清县政协,县级,县,县级,县,"县级政协,县政协",,双鸭山市,黑龙江省,东北,
748,双鸭山市饶河县政协,县级,县,县级,县,"县级政协,县政协",,双鸭山市,黑龙江省,东北,
749,大庆市政协,地级,地级市,地级,地级市,"地级政协,地级市政协",,大庆市,黑龙江省,东北,
750,大庆市萨尔图区政协,县级,市辖区,县级,市辖区,"县级政协,市辖区政协,区政协",,大庆市,黑龙江省,东北,
751,大庆市龙凤区政协,县级,市辖区,县级,市辖区,"县级政协,市辖区政协,区政协",,大庆市,黑龙江省,东北,
752,大庆市让胡路区政协,县级,市辖区,县级,市辖区,"县级政协,市辖区政协,区政协",,大庆市,黑龙江省,东北,
753,大庆市红岗区政协,县级,市辖区,县级,市辖区,"县级政协,市辖区政协,区政协",,大庆市,黑龙江省,东北,
754,大庆市大同区政协,县级,市辖区,县级,市辖区,"县级政协,市辖区政协,区政协",,大庆市,黑龙江省,东北,
755,大庆市肇州县政协,县级,县,县级,县,"县级政协,县政协",,大庆市,黑龙江省,东北,
756,大庆市肇源县政协,县级,县,县级,县,"县级政协,县政协",,大庆市,黑龙江省,东北,
757,大庆市林甸县政协,县级,县,县级,县,"县级政协,县政协",,大庆市,黑龙江省,东北,
758,大庆市杜尔伯特蒙古族自治县政协,县级,自治县,县级,自治县,"县级政协,自治县政协",,大庆市,黑龙江省,东北,
759,大庆市大庆高新技术产业开发区政协,县级,市辖区,县级,市辖区,"县级政协,市辖区政协,区政协",,大庆市,黑龙江省,东北,疑似功能区（含「开发区」），通常无独立政协委员会，请核实
760,伊春市政协,地级,地级市,地级,地级市,"地级政协,地级市政协",,伊春市,黑龙江省,东北,
761,伊春市伊美区政协,县级,市辖区,县级,市辖区,"县级政协,市辖区政协,区政协",,伊春市,黑龙江省,东北,
762,伊春市乌翠区政协,县级,市辖区,县级,市辖区,"县级政协,市辖区政协,区政协",,伊春市,黑龙江省,东北,
763,伊春市友好区政协,县级,市辖区,县级,市辖区,"县级政协,市辖区政协,区政协",,伊春市,黑龙江省,东北,
764,伊春市嘉荫县政协,县级,县,县级,县,"县级政协,县政协",,伊春市,黑龙江省,东北,
765,伊春市汤旺县政协,县级,县,县级,县,"县级政协,县政协",,伊春市,黑龙江省,东北,
766,伊春市丰林县政协,县级,县,县级,县,"县级政协,县政协",,伊春市,黑龙江省,东北,
767,伊春市大箐山县政协,县级,县,县级,县,"县级政协,县政协",,伊春市,黑龙江省,东北,
768,伊春市南岔县政协,县级,县,县级,县,"县级政协,县政协",,伊春市,黑龙江省,东北,
769,伊春市金林区政协,县级,市辖区,县级,市辖区,"县级政协,市辖区政协,区政协",,伊春市,黑龙江省,东北,
770,伊春市铁力市政协,县级,县级市,县级,县级市,"县级政协,县级市政协",,伊春市,黑龙江省,东北,
771,佳木斯市政协,地级,地级市,地级,地级市,"地级政协,地级市政协",,佳木斯市,黑龙江省,东北,
772,佳木斯市向阳区政协,县级,市辖区,县级,市辖区,"县级政协,市辖区政协,区政协",,佳木斯市,黑龙江省,东北,
773,佳木斯市前进区政协,县级,市辖区,县级,市辖区,"县级政协,市辖区政协,区政协",,佳木斯市,黑龙江省,东北,
774,佳木斯市东风区政协,县级,市辖区,县级,市辖区,"县级政协,市辖区政协,区政协",,佳木斯市,黑龙江省,东北,
775,佳木斯市郊区政协,县级,市辖区,县级,市辖区,"县级政协,市辖区政协,区政协",,佳木斯市,黑龙江省,东北,
776,佳木斯市桦南县政协,县级,县,县级,县,"县级政协,县政协",,佳木斯市,黑龙江省,东北,
777,佳木斯市桦川县政协,县级,县,县级,县,"县级政协,县政协",,佳木斯市,黑龙江省,东北,
778,佳木斯市汤原县政协,县级,县,县级,县,"县级政协,县政协",,佳木斯市,黑龙江省,东北,
779,佳木斯市同江市政协,县级,县级市,县级,县级市,"县级政协,县级市政协",,佳木斯市,黑龙江省,东北,
780,佳木斯市富锦市政协,县级,县级市,县级,县级市,"县级政协,县级市政协",,佳木斯市,黑龙江省,东北,
781,佳木斯市抚远市政协,县级,县级市,县级,县级市,"县级政协,县级市政协",,佳木斯市,黑龙江省,东北,
782,七台河市政协,地级,地级市,地级,地级市,"地级政协,地级市政协",,七台河市,黑龙江省,东北,
783,七台河市新兴区政协,县级,市辖区,县级,市辖区,"县级政协,市辖区政协,区政协",,七台河市,黑龙江省,东北,
784,七台河市桃山区政协,县级,市辖区,县级,市辖区,"县级政协,市辖区政协,区政协",,七台河市,黑龙江省,东北,
785,七台河市茄子河区政协,县级,市辖区,县级,市辖区,"县级政协,市辖区政协,区政协",,七台河市,黑龙江省,东北,
786,七台河市勃利县政协,县级,县,县级,县,"县级政协,县政协",,七台河市,黑龙江省,东北,
787,牡丹江市政协,地级,地级市,地级,地级市,"地级政协,地级市政协",,牡丹江市,黑龙江省,东北,
788,牡丹江市东安区政协,县级,市辖区,县级,市辖区,"县级政协,市辖区政协,区政协",,牡丹江市,黑龙江省,东北,
789,牡丹江市阳明区政协,县级,市辖区,县级,市辖区,"县级政协,市辖区政协,区政协",,牡丹江市,黑龙江省,东北,
790,牡丹江市爱民区政协,县级,市辖区,县级,市辖区,"县级政协,市辖区政协,区政协",,牡丹江市,黑龙江省,东北,
791,牡丹江市西安区政协,县级,市辖区,县级,市辖区,"县级政协,市辖区政协,区政协",,牡丹江市,黑龙江省,东北,
792,牡丹江市林口县政协,县级,县,县级,县,"县级政协,县政协",,牡丹江市,黑龙江省,东北,
793,牡丹江市绥芬河市政协,县级,县级市,县级,县级市,"县级政协,县级市政协",,牡丹江市,黑龙江省,东北,
794,牡丹江市海林市政协,县级,县级市,县级,县级市,"县级政协,县级市政协",,牡丹江市,黑龙江省,东北,
795,牡丹江市宁安市政协,县级,县级市,县级,县级市,"县级政协,县级市政协",,牡丹江市,黑龙江省,东北,
796,牡丹江市穆棱市政协,县级,县级市,县级,县级市,"县级政协,县级市政协",,牡丹江市,黑龙江省,东北,
797,牡丹江市东宁市政协,县级,县级市,县级,县级市,"县级政协,县级市政协",,牡丹江市,黑龙江省,东北,
798,黑河市政协,地级,地级市,地级,地级市,"地级政协,地级市政协",,黑河市,黑龙江省,东北,
799,黑河市爱辉区政协,县级,市辖区,县级,市辖区,"县级政协,市辖区政协,区政协",,黑河市,黑龙江省,东北,
800,黑河市逊克县政协,县级,县,县级,县,"县级政协,县政协",,黑河市,黑龙江省,东北,
801,黑河市孙吴县政协,县级,县,县级,县,"县级政协,县政协",,黑河市,黑龙江省,东北,
802,黑河市北安市政协,县级,县级市,县级,县级市,"县级政协,县级市政协",,黑河市,黑龙江省,东北,
803,黑河市五大连池市政协,县级,县级市,县级,县级市,"县级政协,县级市政协",,黑河市,黑龙江省,东北,
804,黑河市嫩江市政协,县级,县级市,县级,县级市,"县级政协,县级市政协",,黑河市,黑龙江省,东北,
805,绥化市政协,地级,地级市,地级,地级市,"地级政协,地级市政协",,绥化市,黑龙江省,东北,
806,绥化市北林区政协,县级,市辖区,县级,市辖区,"县级政协,市辖区政协,区政协",,绥化市,黑龙江省,东北,
807,绥化市望奎县政协,县级,县,县级,县,"县级政协,县政协",,绥化市,黑龙江省,东北,
808,绥化市兰西县政协,县级,县,县级,县,"县级政协,县政协",,绥化市,黑龙江省,东北,
809,绥化市青冈县政协,县级,县,县级,县,"县级政协,县政协",,绥化市,黑龙江省,东北,
810,绥化市庆安县政协,县级,县,县级,县,"县级政协,县政协",,绥化市,黑龙江省,东北,
811,绥化市明水县政协,县级,县,县级,县,"县级政协,县政协",,绥化市,黑龙江省,东北,
812,绥化市绥棱县政协,县级,县,县级,县,"县级政协,县政协",,绥化市,黑龙江省,东北,
813,绥化市安达市政协,县级,县级市,县级,县级市,"县级政协,县级市政协",,绥化市,黑龙江省,东北,
814,绥化市肇东市政协,县级,县级市,县级,县级市,"县级政协,县级市政协",,绥化市,黑龙江省,东北,
815,绥化市海伦市政协,县级,县级市,县级,县级市,"县级政协,县级市政协",,绥化市,黑龙江省,东北,
816,大兴安岭地区政协,地级,地区,地级,地区,"地级政协,地区政协",,大兴安岭地区,黑龙江省,东北,
817,大兴安岭地区漠河市政协,县级,县级市,县级,县级市,"县级政协,县级市政协",,大兴安岭地区,黑龙江省,东北,
818,大兴安岭地区呼玛县政协,县级,县,县级,县,"县级政协,县政协",,大兴安岭地区,黑龙江省,东北,
819,大兴安岭地区塔河县政协,县级,县,县级,县,"县级政协,县政协",,大兴安岭地区,黑龙江省,东北,
820,大兴安岭地区加格达奇区政协,县级,市辖区,县级,市辖区,"县级政协,市辖区政协,区政协",,大兴安岭地区,黑龙江省,东北,
821,大兴安岭地区松岭区政协,县级,市辖区,县级,市辖区,"县级政协,市辖区政协,区政协",,大兴安岭地区,黑龙江省,东北,
822,大兴安岭地区新林区政协,县级,市辖区,县级,市辖区,"县级政协,市辖区政协,区政协",,大兴安岭地区,黑龙江省,东北,
823,大兴安岭地区呼中区政协,县级,市辖区,县级,市辖区,"县级政协,市辖区政协,区政协",,大兴安岭地区,黑龙江省,东北,
824,上海市政协,省级,直辖市,省级,直辖市,"省级政协,直辖市政协",,,上海市,华东,
825,上海市黄浦区政协,县级,市辖区,县级,市辖区,"县级政协,市辖区政协,区政协",,上海市,上海市,华东,
826,上海市徐汇区政协,县级,市辖区,县级,市辖区,"县级政协,市辖区政协,区政协",,上海市,上海市,华东,
827,上海市长宁区政协,县级,市辖区,县级,市辖区,"县级政协,市辖区政协,区政协",,上海市,上海市,华东,
828,上海市静安区政协,县级,市辖区,县级,市辖区,"县级政协,市辖区政协,区政协",,上海市,上海市,华东,
829,上海市普陀区政协,县级,市辖区,县级,市辖区,"县级政协,市辖区政协,区政协",,上海市,上海市,华东,
830,上海市虹口区政协,县级,市辖区,县级,市辖区,"县级政协,市辖区政协,区政协",,上海市,上海市,华东,
831,上海市杨浦区政协,县级,市辖区,县级,市辖区,"县级政协,市辖区政协,区政协",,上海市,上海市,华东,
832,上海市闵行区政协,县级,市辖区,县级,市辖区,"县级政协,市辖区政协,区政协",,上海市,上海市,华东,
833,上海市宝山区政协,县级,市辖区,县级,市辖区,"县级政协,市辖区政协,区政协",,上海市,上海市,华东,
834,上海市嘉定区政协,县级,市辖区,县级,市辖区,"县级政协,市辖区政协,区政协",,上海市,上海市,华东,
835,上海市浦东新区政协,县级,市辖区,县级,市辖区,"县级政协,市辖区政协,区政协",,上海市,上海市,华东,疑似功能区（含「新区」），通常无独立政协委员会，请核实
836,上海市金山区政协,县级,市辖区,县级,市辖区,"县级政协,市辖区政协,区政协",,上海市,上海市,华东,
837,上海市松江区政协,县级,市辖区,县级,市辖区,"县级政协,市辖区政协,区政协",,上海市,上海市,华东,
838,上海市青浦区政协,县级,市辖区,县级,市辖区,"县级政协,市辖区政协,区政协",,上海市,上海市,华东,
839,上海市奉贤区政协,县级,市辖区,县级,市辖区,"县级政协,市辖区政协,区政协",,上海市,上海市,华东,
840,上海市崇明区政协,县级,市辖区,县级,市辖区,"县级政协,市辖区政协,区政协",,上海市,上海市,华东,
841,江苏省政协,省级,省,省级,省,"省级政协,省政协",,,江苏省,华东,
842,南京市政协,副省级,地级市,副省级,地级市,"副省级政协,地级市政协",省会城市、省会城市政协,南京市,江苏省,华东,
843,南京市玄武区政协,县级,市辖区,县级,市辖区,"县级政协,市辖区政协,区政协",,南京市,江苏省,华东,
844,南京市秦淮区政协,县级,市辖区,县级,市辖区,"县级政协,市辖区政协,区政协",,南京市,江苏省,华东,
845,南京市建邺区政协,县级,市辖区,县级,市辖区,"县级政协,市辖区政协,区政协",,南京市,江苏省,华东,
846,南京市鼓楼区政协,县级,市辖区,县级,市辖区,"县级政协,市辖区政协,区政协",,南京市,江苏省,华东,
847,南京市浦口区政协,县级,市辖区,县级,市辖区,"县级政协,市辖区政协,区政协",,南京市,江苏省,华东,
848,南京市栖霞区政协,县级,市辖区,县级,市辖区,"县级政协,市辖区政协,区政协",,南京市,江苏省,华东,
849,南京市雨花台区政协,县级,市辖区,县级,市辖区,"县级政协,市辖区政协,区政协",,南京市,江苏省,华东,
850,南京市江宁区政协,县级,市辖区,县级,市辖区,"县级政协,市辖区政协,区政协",,南京市,江苏省,华东,
851,南京市六合区政协,县级,市辖区,县级,市辖区,"县级政协,市辖区政协,区政协",,南京市,江苏省,华东,
852,南京市溧水区政协,县级,市辖区,县级,市辖区,"县级政协,市辖区政协,区政协",,南京市,江苏省,华东,
853,南京市高淳区政协,县级,市辖区,县级,市辖区,"县级政协,市辖区政协,区政协",,南京市,江苏省,华东,
854,无锡市政协,地级,地级市,地级,地级市,"地级政协,地级市政协",,无锡市,江苏省,华东,
855,无锡市锡山区政协,县级,市辖区,县级,市辖区,"县级政协,市辖区政协,区政协",,无锡市,江苏省,华东,
856,无锡市惠山区政协,县级,市辖区,县级,市辖区,"县级政协,市辖区政协,区政协",,无锡市,江苏省,华东,
857,无锡市滨湖区政协,县级,市辖区,县级,市辖区,"县级政协,市辖区政协,区政协",,无锡市,江苏省,华东,
858,无锡市梁溪区政协,县级,市辖区,县级,市辖区,"县级政协,市辖区政协,区政协",,无锡市,江苏省,华东,
859,无锡市新吴区政协,县级,市辖区,县级,市辖区,"县级政协,市辖区政协,区政协",,无锡市,江苏省,华东,
860,无锡市江阴市政协,县级,县级市,县级,县级市,"县级政协,县级市政协",,无锡市,江苏省,华东,
861,无锡市宜兴市政协,县级,县级市,县级,县级市,"县级政协,县级市政协",,无锡市,江苏省,华东,
862,徐州市政协,地级,地级市,地级,地级市,"地级政协,地级市政协",,徐州市,江苏省,华东,
863,徐州市鼓楼区政协,县级,市辖区,县级,市辖区,"县级政协,市辖区政协,区政协",,徐州市,江苏省,华东,
864,徐州市云龙区政协,县级,市辖区,县级,市辖区,"县级政协,市辖区政协,区政协",,徐州市,江苏省,华东,
865,徐州市贾汪区政协,县级,市辖区,县级,市辖区,"县级政协,市辖区政协,区政协",,徐州市,江苏省,华东,
866,徐州市泉山区政协,县级,市辖区,县级,市辖区,"县级政协,市辖区政协,区政协",,徐州市,江苏省,华东,
867,徐州市铜山区政协,县级,市辖区,县级,市辖区,"县级政协,市辖区政协,区政协",,徐州市,江苏省,华东,
868,徐州市丰县政协,县级,县,县级,县,"县级政协,县政协",,徐州市,江苏省,华东,
869,徐州市沛县政协,县级,县,县级,县,"县级政协,县政协",,徐州市,江苏省,华东,
870,徐州市睢宁县政协,县级,县,县级,县,"县级政协,县政协",,徐州市,江苏省,华东,
871,徐州市徐州经济技术开发区政协,县级,市辖区,县级,市辖区,"县级政协,市辖区政协,区政协",,徐州市,江苏省,华东,疑似功能区（含「开发区」），通常无独立政协委员会，请核实
872,徐州市新沂市政协,县级,县级市,县级,县级市,"县级政协,县级市政协",,徐州市,江苏省,华东,
873,徐州市邳州市政协,县级,县级市,县级,县级市,"县级政协,县级市政协",,徐州市,江苏省,华东,
874,常州市政协,地级,地级市,地级,地级市,"地级政协,地级市政协",,常州市,江苏省,华东,
875,常州市天宁区政协,县级,市辖区,县级,市辖区,"县级政协,市辖区政协,区政协",,常州市,江苏省,华东,
876,常州市钟楼区政协,县级,市辖区,县级,市辖区,"县级政协,市辖区政协,区政协",,常州市,江苏省,华东,
877,常州市新北区政协,县级,市辖区,县级,市辖区,"县级政协,市辖区政协,区政协",,常州市,江苏省,华东,
878,常州市武进区政协,县级,市辖区,县级,市辖区,"县级政协,市辖区政协,区政协",,常州市,江苏省,华东,
879,常州市金坛区政协,县级,市辖区,县级,市辖区,"县级政协,市辖区政协,区政协",,常州市,江苏省,华东,
880,常州市溧阳市政协,县级,县级市,县级,县级市,"县级政协,县级市政协",,常州市,江苏省,华东,
881,苏州市政协,地级,地级市,地级,地级市,"地级政协,地级市政协",,苏州市,江苏省,华东,
882,苏州市虎丘区政协,县级,市辖区,县级,市辖区,"县级政协,市辖区政协,区政协",,苏州市,江苏省,华东,
883,苏州市吴中区政协,县级,市辖区,县级,市辖区,"县级政协,市辖区政协,区政协",,苏州市,江苏省,华东,
884,苏州市相城区政协,县级,市辖区,县级,市辖区,"县级政协,市辖区政协,区政协",,苏州市,江苏省,华东,
885,苏州市姑苏区政协,县级,市辖区,县级,市辖区,"县级政协,市辖区政协,区政协",,苏州市,江苏省,华东,
886,苏州市吴江区政协,县级,市辖区,县级,市辖区,"县级政协,市辖区政协,区政协",,苏州市,江苏省,华东,
887,苏州市苏州工业园区政协,县级,市辖区,县级,市辖区,"县级政协,市辖区政协,区政协",,苏州市,江苏省,华东,疑似功能区（含「工业园区」），通常无独立政协委员会，请核实
888,苏州市常熟市政协,县级,县级市,县级,县级市,"县级政协,县级市政协",,苏州市,江苏省,华东,
889,苏州市张家港市政协,县级,县级市,县级,县级市,"县级政协,县级市政协",,苏州市,江苏省,华东,
890,苏州市昆山市政协,县级,县级市,县级,县级市,"县级政协,县级市政协",,苏州市,江苏省,华东,
891,苏州市太仓市政协,县级,县级市,县级,县级市,"县级政协,县级市政协",,苏州市,江苏省,华东,
892,南通市政协,地级,地级市,地级,地级市,"地级政协,地级市政协",,南通市,江苏省,华东,
893,南通市通州区政协,县级,市辖区,县级,市辖区,"县级政协,市辖区政协,区政协",,南通市,江苏省,华东,
894,南通市崇川区政协,县级,市辖区,县级,市辖区,"县级政协,市辖区政协,区政协",,南通市,江苏省,华东,
895,南通市海门区政协,县级,市辖区,县级,市辖区,"县级政协,市辖区政协,区政协",,南通市,江苏省,华东,
896,南通市如东县政协,县级,县,县级,县,"县级政协,县政协",,南通市,江苏省,华东,
897,南通市南通经济技术开发区政协,县级,市辖区,县级,市辖区,"县级政协,市辖区政协,区政协",,南通市,江苏省,华东,疑似功能区（含「开发区」），通常无独立政协委员会，请核实
898,南通市启东市政协,县级,县级市,县级,县级市,"县级政协,县级市政协",,南通市,江苏省,华东,
899,南通市如皋市政协,县级,县级市,县级,县级市,"县级政协,县级市政协",,南通市,江苏省,华东,
900,南通市海安市政协,县级,县级市,县级,县级市,"县级政协,县级市政协",,南通市,江苏省,华东,
901,连云港市政协,地级,地级市,地级,地级市,"地级政协,地级市政协",,连云港市,江苏省,华东,
902,连云港市连云区政协,县级,市辖区,县级,市辖区,"县级政协,市辖区政协,区政协",,连云港市,江苏省,华东,
903,连云港市海州区政协,县级,市辖区,县级,市辖区,"县级政协,市辖区政协,区政协",,连云港市,江苏省,华东,
904,连云港市赣榆区政协,县级,市辖区,县级,市辖区,"县级政协,市辖区政协,区政协",,连云港市,江苏省,华东,
905,连云港市东海县政协,县级,县,县级,县,"县级政协,县政协",,连云港市,江苏省,华东,
906,连云港市灌云县政协,县级,县,县级,县,"县级政协,县政协",,连云港市,江苏省,华东,
907,连云港市灌南县政协,县级,县,县级,县,"县级政协,县政协",,连云港市,江苏省,华东,
908,连云港市连云港经济技术开发区政协,县级,市辖区,县级,市辖区,"县级政协,市辖区政协,区政协",,连云港市,江苏省,华东,疑似功能区（含「开发区」），通常无独立政协委员会，请核实
909,淮安市政协,地级,地级市,地级,地级市,"地级政协,地级市政协",,淮安市,江苏省,华东,
910,淮安市淮安区政协,县级,市辖区,县级,市辖区,"县级政协,市辖区政协,区政协",,淮安市,江苏省,华东,
911,淮安市淮阴区政协,县级,市辖区,县级,市辖区,"县级政协,市辖区政协,区政协",,淮安市,江苏省,华东,
912,淮安市清江浦区政协,县级,市辖区,县级,市辖区,"县级政协,市辖区政协,区政协",,淮安市,江苏省,华东,
913,淮安市洪泽区政协,县级,市辖区,县级,市辖区,"县级政协,市辖区政协,区政协",,淮安市,江苏省,华东,
914,淮安市涟水县政协,县级,县,县级,县,"县级政协,县政协",,淮安市,江苏省,华东,
915,淮安市盱眙县政协,县级,县,县级,县,"县级政协,县政协",,淮安市,江苏省,华东,
916,淮安市金湖县政协,县级,县,县级,县,"县级政协,县政协",,淮安市,江苏省,华东,
917,淮安市淮安经济技术开发区政协,县级,市辖区,县级,市辖区,"县级政协,市辖区政协,区政协",,淮安市,江苏省,华东,疑似功能区（含「开发区」），通常无独立政协委员会，请核实
918,盐城市政协,地级,地级市,地级,地级市,"地级政协,地级市政协",,盐城市,江苏省,华东,
919,盐城市亭湖区政协,县级,市辖区,县级,市辖区,"县级政协,市辖区政协,区政协",,盐城市,江苏省,华东,
920,盐城市盐都区政协,县级,市辖区,县级,市辖区,"县级政协,市辖区政协,区政协",,盐城市,江苏省,华东,
921,盐城市大丰区政协,县级,市辖区,县级,市辖区,"县级政协,市辖区政协,区政协",,盐城市,江苏省,华东,
922,盐城市响水县政协,县级,县,县级,县,"县级政协,县政协",,盐城市,江苏省,华东,
923,盐城市滨海县政协,县级,县,县级,县,"县级政协,县政协",,盐城市,江苏省,华东,
924,盐城市阜宁县政协,县级,县,县级,县,"县级政协,县政协",,盐城市,江苏省,华东,
925,盐城市射阳县政协,县级,县,县级,县,"县级政协,县政协",,盐城市,江苏省,华东,
926,盐城市建湖县政协,县级,县,县级,县,"县级政协,县政协",,盐城市,江苏省,华东,
927,盐城市盐城经济技术开发区政协,县级,市辖区,县级,市辖区,"县级政协,市辖区政协,区政协",,盐城市,江苏省,华东,疑似功能区（含「开发区」），通常无独立政协委员会，请核实
928,盐城市东台市政协,县级,县级市,县级,县级市,"县级政协,县级市政协",,盐城市,江苏省,华东,
929,扬州市政协,地级,地级市,地级,地级市,"地级政协,地级市政协",,扬州市,江苏省,华东,
930,扬州市广陵区政协,县级,市辖区,县级,市辖区,"县级政协,市辖区政协,区政协",,扬州市,江苏省,华东,
931,扬州市邗江区政协,县级,市辖区,县级,市辖区,"县级政协,市辖区政协,区政协",,扬州市,江苏省,华东,
932,扬州市江都区政协,县级,市辖区,县级,市辖区,"县级政协,市辖区政协,区政协",,扬州市,江苏省,华东,
933,扬州市宝应县政协,县级,县,县级,县,"县级政协,县政协",,扬州市,江苏省,华东,
934,扬州市扬州经济技术开发区政协,县级,市辖区,县级,市辖区,"县级政协,市辖区政协,区政协",,扬州市,江苏省,华东,疑似功能区（含「开发区」），通常无独立政协委员会，请核实
935,扬州市仪征市政协,县级,县级市,县级,县级市,"县级政协,县级市政协",,扬州市,江苏省,华东,
936,扬州市高邮市政协,县级,县级市,县级,县级市,"县级政协,县级市政协",,扬州市,江苏省,华东,
937,镇江市政协,地级,地级市,地级,地级市,"地级政协,地级市政协",,镇江市,江苏省,华东,
938,镇江市京口区政协,县级,市辖区,县级,市辖区,"县级政协,市辖区政协,区政协",,镇江市,江苏省,华东,
939,镇江市润州区政协,县级,市辖区,县级,市辖区,"县级政协,市辖区政协,区政协",,镇江市,江苏省,华东,
940,镇江市丹徒区政协,县级,市辖区,县级,市辖区,"县级政协,市辖区政协,区政协",,镇江市,江苏省,华东,
941,镇江市镇江新区政协,县级,市辖区,县级,市辖区,"县级政协,市辖区政协,区政协",,镇江市,江苏省,华东,疑似功能区（含「新区」），通常无独立政协委员会，请核实
942,镇江市丹阳市政协,县级,县级市,县级,县级市,"县级政协,县级市政协",,镇江市,江苏省,华东,
943,镇江市扬中市政协,县级,县级市,县级,县级市,"县级政协,县级市政协",,镇江市,江苏省,华东,
944,镇江市句容市政协,县级,县级市,县级,县级市,"县级政协,县级市政协",,镇江市,江苏省,华东,
945,泰州市政协,地级,地级市,地级,地级市,"地级政协,地级市政协",,泰州市,江苏省,华东,
946,泰州市海陵区政协,县级,市辖区,县级,市辖区,"县级政协,市辖区政协,区政协",,泰州市,江苏省,华东,
947,泰州市高港区政协,县级,市辖区,县级,市辖区,"县级政协,市辖区政协,区政协",,泰州市,江苏省,华东,
948,泰州市姜堰区政协,县级,市辖区,县级,市辖区,"县级政协,市辖区政协,区政协",,泰州市,江苏省,华东,
949,泰州市兴化市政协,县级,县级市,县级,县级市,"县级政协,县级市政协",,泰州市,江苏省,华东,
950,泰州市靖江市政协,县级,县级市,县级,县级市,"县级政协,县级市政协",,泰州市,江苏省,华东,
951,泰州市泰兴市政协,县级,县级市,县级,县级市,"县级政协,县级市政协",,泰州市,江苏省,华东,
952,宿迁市政协,地级,地级市,地级,地级市,"地级政协,地级市政协",,宿迁市,江苏省,华东,
953,宿迁市宿城区政协,县级,市辖区,县级,市辖区,"县级政协,市辖区政协,区政协",,宿迁市,江苏省,华东,
954,宿迁市宿豫区政协,县级,市辖区,县级,市辖区,"县级政协,市辖区政协,区政协",,宿迁市,江苏省,华东,
955,宿迁市沭阳县政协,县级,县,县级,县,"县级政协,县政协",,宿迁市,江苏省,华东,
956,宿迁市泗阳县政协,县级,县,县级,县,"县级政协,县政协",,宿迁市,江苏省,华东,
957,宿迁市泗洪县政协,县级,县,县级,县,"县级政协,县政协",,宿迁市,江苏省,华东,
958,宿迁市宿迁经济技术开发区政协,县级,市辖区,县级,市辖区,"县级政协,市辖区政协,区政协",,宿迁市,江苏省,华东,疑似功能区（含「开发区」），通常无独立政协委员会，请核实
959,浙江省政协,省级,省,省级,省,"省级政协,省政协",,,浙江省,华东,
960,杭州市政协,副省级,地级市,副省级,地级市,"副省级政协,地级市政协",省会城市、省会城市政协,杭州市,浙江省,华东,
961,杭州市上城区政协,县级,市辖区,县级,市辖区,"县级政协,市辖区政协,区政协",,杭州市,浙江省,华东,
962,杭州市拱墅区政协,县级,市辖区,县级,市辖区,"县级政协,市辖区政协,区政协",,杭州市,浙江省,华东,
963,杭州市西湖区政协,县级,市辖区,县级,市辖区,"县级政协,市辖区政协,区政协",,杭州市,浙江省,华东,
964,杭州市滨江区政协,县级,市辖区,县级,市辖区,"县级政协,市辖区政协,区政协",,杭州市,浙江省,华东,
965,杭州市萧山区政协,县级,市辖区,县级,市辖区,"县级政协,市辖区政协,区政协",,杭州市,浙江省,华东,
966,杭州市余杭区政协,县级,市辖区,县级,市辖区,"县级政协,市辖区政协,区政协",,杭州市,浙江省,华东,
967,杭州市富阳区政协,县级,市辖区,县级,市辖区,"县级政协,市辖区政协,区政协",,杭州市,浙江省,华东,
968,杭州市临安区政协,县级,市辖区,县级,市辖区,"县级政协,市辖区政协,区政协",,杭州市,浙江省,华东,
969,杭州市临平区政协,县级,市辖区,县级,市辖区,"县级政协,市辖区政协,区政协",,杭州市,浙江省,华东,
970,杭州市钱塘区政协,县级,市辖区,县级,市辖区,"县级政协,市辖区政协,区政协",,杭州市,浙江省,华东,
971,杭州市桐庐县政协,县级,县,县级,县,"县级政协,县政协",,杭州市,浙江省,华东,
972,杭州市淳安县政协,县级,县,县级,县,"县级政协,县政协",,杭州市,浙江省,华东,
973,杭州市建德市政协,县级,县级市,县级,县级市,"县级政协,县级市政协",,杭州市,浙江省,华东,
974,宁波市政协,副省级,地级市,副省级,地级市,"副省级政协,地级市政协",计划单列市、计划单列市政协,宁波市,浙江省,华东,
975,宁波市海曙区政协,县级,市辖区,县级,市辖区,"县级政协,市辖区政协,区政协",,宁波市,浙江省,华东,
976,宁波市江北区政协,县级,市辖区,县级,市辖区,"县级政协,市辖区政协,区政协",,宁波市,浙江省,华东,
977,宁波市北仑区政协,县级,市辖区,县级,市辖区,"县级政协,市辖区政协,区政协",,宁波市,浙江省,华东,
978,宁波市镇海区政协,县级,市辖区,县级,市辖区,"县级政协,市辖区政协,区政协",,宁波市,浙江省,华东,
979,宁波市鄞州区政协,县级,市辖区,县级,市辖区,"县级政协,市辖区政协,区政协",,宁波市,浙江省,华东,
980,宁波市奉化区政协,县级,市辖区,县级,市辖区,"县级政协,市辖区政协,区政协",,宁波市,浙江省,华东,
981,宁波市象山县政协,县级,县,县级,县,"县级政协,县政协",,宁波市,浙江省,华东,
982,宁波市宁海县政协,县级,县,县级,县,"县级政协,县政协",,宁波市,浙江省,华东,
983,宁波市余姚市政协,县级,县级市,县级,县级市,"县级政协,县级市政协",,宁波市,浙江省,华东,
984,宁波市慈溪市政协,县级,县级市,县级,县级市,"县级政协,县级市政协",,宁波市,浙江省,华东,
985,温州市政协,地级,地级市,地级,地级市,"地级政协,地级市政协",,温州市,浙江省,华东,
986,温州市鹿城区政协,县级,市辖区,县级,市辖区,"县级政协,市辖区政协,区政协",,温州市,浙江省,华东,
987,温州市龙湾区政协,县级,市辖区,县级,市辖区,"县级政协,市辖区政协,区政协",,温州市,浙江省,华东,
988,温州市瓯海区政协,县级,市辖区,县级,市辖区,"县级政协,市辖区政协,区政协",,温州市,浙江省,华东,
989,温州市洞头区政协,县级,市辖区,县级,市辖区,"县级政协,市辖区政协,区政协",,温州市,浙江省,华东,
990,温州市永嘉县政协,县级,县,县级,县,"县级政协,县政协",,温州市,浙江省,华东,
991,温州市平阳县政协,县级,县,县级,县,"县级政协,县政协",,温州市,浙江省,华东,
992,温州市苍南县政协,县级,县,县级,县,"县级政协,县政协",,温州市,浙江省,华东,
993,温州市文成县政协,县级,县,县级,县,"县级政协,县政协",,温州市,浙江省,华东,
994,温州市泰顺县政协,县级,县,县级,县,"县级政协,县政协",,温州市,浙江省,华东,
995,温州市瑞安市政协,县级,县级市,县级,县级市,"县级政协,县级市政协",,温州市,浙江省,华东,
996,温州市乐清市政协,县级,县级市,县级,县级市,"县级政协,县级市政协",,温州市,浙江省,华东,
997,温州市龙港市政协,县级,县级市,县级,县级市,"县级政协,县级市政协",,温州市,浙江省,华东,
998,嘉兴市政协,地级,地级市,地级,地级市,"地级政协,地级市政协",,嘉兴市,浙江省,华东,
999,嘉兴市南湖区政协,县级,市辖区,县级,市辖区,"县级政协,市辖区政协,区政协",,嘉兴市,浙江省,华东,
1000,嘉兴市秀洲区政协,县级,市辖区,县级,市辖区,"县级政协,市辖区政协,区政协",,嘉兴市,浙江省,华东,
1001,嘉兴市嘉善县政协,县级,县,县级,县,"县级政协,县政协",,嘉兴市,浙江省,华东,
1002,嘉兴市海盐县政协,县级,县,县级,县,"县级政协,县政协",,嘉兴市,浙江省,华东,
1003,嘉兴市海宁市政协,县级,县级市,县级,县级市,"县级政协,县级市政协",,嘉兴市,浙江省,华东,
1004,嘉兴市平湖市政协,县级,县级市,县级,县级市,"县级政协,县级市政协",,嘉兴市,浙江省,华东,
1005,嘉兴市桐乡市政协,县级,县级市,县级,县级市,"县级政协,县级市政协",,嘉兴市,浙江省,华东,
1006,湖州市政协,地级,地级市,地级,地级市,"地级政协,地级市政协",,湖州市,浙江省,华东,
1007,湖州市吴兴区政协,县级,市辖区,县级,市辖区,"县级政协,市辖区政协,区政协",,湖州市,浙江省,华东,
1008,湖州市南浔区政协,县级,市辖区,县级,市辖区,"县级政协,市辖区政协,区政协",,湖州市,浙江省,华东,
1009,湖州市德清县政协,县级,县,县级,县,"县级政协,县政协",,湖州市,浙江省,华东,
1010,湖州市长兴县政协,县级,县,县级,县,"县级政协,县政协",,湖州市,浙江省,华东,
1011,湖州市安吉县政协,县级,县,县级,县,"县级政协,县政协",,湖州市,浙江省,华东,
1012,绍兴市政协,地级,地级市,地级,地级市,"地级政协,地级市政协",,绍兴市,浙江省,华东,
1013,绍兴市越城区政协,县级,市辖区,县级,市辖区,"县级政协,市辖区政协,区政协",,绍兴市,浙江省,华东,
1014,绍兴市柯桥区政协,县级,市辖区,县级,市辖区,"县级政协,市辖区政协,区政协",,绍兴市,浙江省,华东,
1015,绍兴市上虞区政协,县级,市辖区,县级,市辖区,"县级政协,市辖区政协,区政协",,绍兴市,浙江省,华东,
1016,绍兴市新昌县政协,县级,县,县级,县,"县级政协,县政协",,绍兴市,浙江省,华东,
1017,绍兴市诸暨市政协,县级,县级市,县级,县级市,"县级政协,县级市政协",,绍兴市,浙江省,华东,
1018,绍兴市嵊州市政协,县级,县级市,县级,县级市,"县级政协,县级市政协",,绍兴市,浙江省,华东,
1019,金华市政协,地级,地级市,地级,地级市,"地级政协,地级市政协",,金华市,浙江省,华东,
1020,金华市婺城区政协,县级,市辖区,县级,市辖区,"县级政协,市辖区政协,区政协",,金华市,浙江省,华东,
1021,金华市金东区政协,县级,市辖区,县级,市辖区,"县级政协,市辖区政协,区政协",,金华市,浙江省,华东,
1022,金华市武义县政协,县级,县,县级,县,"县级政协,县政协",,金华市,浙江省,华东,
1023,金华市浦江县政协,县级,县,县级,县,"县级政协,县政协",,金华市,浙江省,华东,
1024,金华市磐安县政协,县级,县,县级,县,"县级政协,县政协",,金华市,浙江省,华东,
1025,金华市兰溪市政协,县级,县级市,县级,县级市,"县级政协,县级市政协",,金华市,浙江省,华东,
1026,金华市义乌市政协,县级,县级市,县级,县级市,"县级政协,县级市政协",,金华市,浙江省,华东,
1027,金华市东阳市政协,县级,县级市,县级,县级市,"县级政协,县级市政协",,金华市,浙江省,华东,
1028,金华市永康市政协,县级,县级市,县级,县级市,"县级政协,县级市政协",,金华市,浙江省,华东,
1029,衢州市政协,地级,地级市,地级,地级市,"地级政协,地级市政协",,衢州市,浙江省,华东,
1030,衢州市柯城区政协,县级,市辖区,县级,市辖区,"县级政协,市辖区政协,区政协",,衢州市,浙江省,华东,
1031,衢州市衢江区政协,县级,市辖区,县级,市辖区,"县级政协,市辖区政协,区政协",,衢州市,浙江省,华东,
1032,衢州市常山县政协,县级,县,县级,县,"县级政协,县政协",,衢州市,浙江省,华东,
1033,衢州市开化县政协,县级,县,县级,县,"县级政协,县政协",,衢州市,浙江省,华东,
1034,衢州市龙游县政协,县级,县,县级,县,"县级政协,县政协",,衢州市,浙江省,华东,
1035,衢州市江山市政协,县级,县级市,县级,县级市,"县级政协,县级市政协",,衢州市,浙江省,华东,
1036,舟山市政协,地级,地级市,地级,地级市,"地级政协,地级市政协",,舟山市,浙江省,华东,
1037,舟山市定海区政协,县级,市辖区,县级,市辖区,"县级政协,市辖区政协,区政协",,舟山市,浙江省,华东,
1038,舟山市普陀区政协,县级,市辖区,县级,市辖区,"县级政协,市辖区政协,区政协",,舟山市,浙江省,华东,
1039,舟山市岱山县政协,县级,县,县级,县,"县级政协,县政协",,舟山市,浙江省,华东,
1040,舟山市嵊泗县政协,县级,县,县级,县,"县级政协,县政协",,舟山市,浙江省,华东,
1041,台州市政协,地级,地级市,地级,地级市,"地级政协,地级市政协",,台州市,浙江省,华东,
1042,台州市椒江区政协,县级,市辖区,县级,市辖区,"县级政协,市辖区政协,区政协",,台州市,浙江省,华东,
1043,台州市黄岩区政协,县级,市辖区,县级,市辖区,"县级政协,市辖区政协,区政协",,台州市,浙江省,华东,
1044,台州市路桥区政协,县级,市辖区,县级,市辖区,"县级政协,市辖区政协,区政协",,台州市,浙江省,华东,
1045,台州市三门县政协,县级,县,县级,县,"县级政协,县政协",,台州市,浙江省,华东,
1046,台州市天台县政协,县级,县,县级,县,"县级政协,县政协",,台州市,浙江省,华东,
1047,台州市仙居县政协,县级,县,县级,县,"县级政协,县政协",,台州市,浙江省,华东,
1048,台州市温岭市政协,县级,县级市,县级,县级市,"县级政协,县级市政协",,台州市,浙江省,华东,
1049,台州市临海市政协,县级,县级市,县级,县级市,"县级政协,县级市政协",,台州市,浙江省,华东,
1050,台州市玉环市政协,县级,县级市,县级,县级市,"县级政协,县级市政协",,台州市,浙江省,华东,
1051,丽水市政协,地级,地级市,地级,地级市,"地级政协,地级市政协",,丽水市,浙江省,华东,
1052,丽水市莲都区政协,县级,市辖区,县级,市辖区,"县级政协,市辖区政协,区政协",,丽水市,浙江省,华东,
1053,丽水市青田县政协,县级,县,县级,县,"县级政协,县政协",,丽水市,浙江省,华东,
1054,丽水市缙云县政协,县级,县,县级,县,"县级政协,县政协",,丽水市,浙江省,华东,
1055,丽水市遂昌县政协,县级,县,县级,县,"县级政协,县政协",,丽水市,浙江省,华东,
1056,丽水市松阳县政协,县级,县,县级,县,"县级政协,县政协",,丽水市,浙江省,华东,
1057,丽水市云和县政协,县级,县,县级,县,"县级政协,县政协",,丽水市,浙江省,华东,
1058,丽水市庆元县政协,县级,县,县级,县,"县级政协,县政协",,丽水市,浙江省,华东,
1059,丽水市景宁畲族自治县政协,县级,自治县,县级,自治县,"县级政协,自治县政协",,丽水市,浙江省,华东,
1060,丽水市龙泉市政协,县级,县级市,县级,县级市,"县级政协,县级市政协",,丽水市,浙江省,华东,
1061,安徽省政协,省级,省,省级,省,"省级政协,省政协",,,安徽省,华东,
1062,合肥市政协,地级,地级市,地级,地级市,"地级政协,地级市政协",,合肥市,安徽省,华东,
1063,合肥市瑶海区政协,县级,市辖区,县级,市辖区,"县级政协,市辖区政协,区政协",,合肥市,安徽省,华东,
1064,合肥市庐阳区政协,县级,市辖区,县级,市辖区,"县级政协,市辖区政协,区政协",,合肥市,安徽省,华东,
1065,合肥市蜀山区政协,县级,市辖区,县级,市辖区,"县级政协,市辖区政协,区政协",,合肥市,安徽省,华东,
1066,合肥市包河区政协,县级,市辖区,县级,市辖区,"县级政协,市辖区政协,区政协",,合肥市,安徽省,华东,
1067,合肥市长丰县政协,县级,县,县级,县,"县级政协,县政协",,合肥市,安徽省,华东,
1068,合肥市肥东县政协,县级,县,县级,县,"县级政协,县政协",,合肥市,安徽省,华东,
1069,合肥市肥西县政协,县级,县,县级,县,"县级政协,县政协",,合肥市,安徽省,华东,
1070,合肥市庐江县政协,县级,县,县级,县,"县级政协,县政协",,合肥市,安徽省,华东,
1071,合肥市合肥高新技术产业开发区政协,县级,市辖区,县级,市辖区,"县级政协,市辖区政协,区政协",,合肥市,安徽省,华东,疑似功能区（含「开发区」），通常无独立政协委员会，请核实
1072,合肥市合肥经济技术开发区政协,县级,市辖区,县级,市辖区,"县级政协,市辖区政协,区政协",,合肥市,安徽省,华东,疑似功能区（含「开发区」），通常无独立政协委员会，请核实
1073,合肥市合肥新站高新技术产业开发区政协,县级,市辖区,县级,市辖区,"县级政协,市辖区政协,区政协",,合肥市,安徽省,华东,疑似功能区（含「开发区」），通常无独立政协委员会，请核实
1074,合肥市巢湖市政协,县级,县级市,县级,县级市,"县级政协,县级市政协",,合肥市,安徽省,华东,
1075,芜湖市政协,地级,地级市,地级,地级市,"地级政协,地级市政协",,芜湖市,安徽省,华东,
1076,芜湖市镜湖区政协,县级,市辖区,县级,市辖区,"县级政协,市辖区政协,区政协",,芜湖市,安徽省,华东,
1077,芜湖市鸠江区政协,县级,市辖区,县级,市辖区,"县级政协,市辖区政协,区政协",,芜湖市,安徽省,华东,
1078,芜湖市弋江区政协,县级,市辖区,县级,市辖区,"县级政协,市辖区政协,区政协",,芜湖市,安徽省,华东,
1079,芜湖市湾沚区政协,县级,市辖区,县级,市辖区,"县级政协,市辖区政协,区政协",,芜湖市,安徽省,华东,
1080,芜湖市繁昌区政协,县级,市辖区,县级,市辖区,"县级政协,市辖区政协,区政协",,芜湖市,安徽省,华东,
1081,芜湖市南陵县政协,县级,县,县级,县,"县级政协,县政协",,芜湖市,安徽省,华东,
1082,芜湖市芜湖经济技术开发区政协,县级,市辖区,县级,市辖区,"县级政协,市辖区政协,区政协",,芜湖市,安徽省,华东,疑似功能区（含「开发区」），通常无独立政协委员会，请核实
1083,芜湖市安徽芜湖三山经济开发区政协,县级,市辖区,县级,市辖区,"县级政协,市辖区政协,区政协",,芜湖市,安徽省,华东,疑似功能区（含「开发区」），通常无独立政协委员会，请核实
1084,芜湖市无为市政协,县级,县级市,县级,县级市,"县级政协,县级市政协",,芜湖市,安徽省,华东,
1085,蚌埠市政协,地级,地级市,地级,地级市,"地级政协,地级市政协",,蚌埠市,安徽省,华东,
1086,蚌埠市龙子湖区政协,县级,市辖区,县级,市辖区,"县级政协,市辖区政协,区政协",,蚌埠市,安徽省,华东,
1087,蚌埠市蚌山区政协,县级,市辖区,县级,市辖区,"县级政协,市辖区政协,区政协",,蚌埠市,安徽省,华东,
1088,蚌埠市禹会区政协,县级,市辖区,县级,市辖区,"县级政协,市辖区政协,区政协",,蚌埠市,安徽省,华东,
1089,蚌埠市淮上区政协,县级,市辖区,县级,市辖区,"县级政协,市辖区政协,区政协",,蚌埠市,安徽省,华东,
1090,蚌埠市怀远县政协,县级,县,县级,县,"县级政协,县政协",,蚌埠市,安徽省,华东,
1091,蚌埠市五河县政协,县级,县,县级,县,"县级政协,县政协",,蚌埠市,安徽省,华东,
1092,蚌埠市固镇县政协,县级,县,县级,县,"县级政协,县政协",,蚌埠市,安徽省,华东,
1093,蚌埠市蚌埠市高新技术开发区政协,县级,市辖区,县级,市辖区,"县级政协,市辖区政协,区政协",,蚌埠市,安徽省,华东,疑似功能区（含「开发区」），通常无独立政协委员会，请核实
1094,蚌埠市蚌埠市经济开发区政协,县级,市辖区,县级,市辖区,"县级政协,市辖区政协,区政协",,蚌埠市,安徽省,华东,疑似功能区（含「开发区」），通常无独立政协委员会，请核实
1095,淮南市政协,地级,地级市,地级,地级市,"地级政协,地级市政协",,淮南市,安徽省,华东,
1096,淮南市大通区政协,县级,市辖区,县级,市辖区,"县级政协,市辖区政协,区政协",,淮南市,安徽省,华东,
1097,淮南市田家庵区政协,县级,市辖区,县级,市辖区,"县级政协,市辖区政协,区政协",,淮南市,安徽省,华东,
1098,淮南市谢家集区政协,县级,市辖区,县级,市辖区,"县级政协,市辖区政协,区政协",,淮南市,安徽省,华东,
1099,淮南市八公山区政协,县级,市辖区,县级,市辖区,"县级政协,市辖区政协,区政协",,淮南市,安徽省,华东,
1100,淮南市潘集区政协,县级,市辖区,县级,市辖区,"县级政协,市辖区政协,区政协",,淮南市,安徽省,华东,
1101,淮南市凤台县政协,县级,县,县级,县,"县级政协,县政协",,淮南市,安徽省,华东,
1102,淮南市寿县政协,县级,县,县级,县,"县级政协,县政协",,淮南市,安徽省,华东,
1103,马鞍山市政协,地级,地级市,地级,地级市,"地级政协,地级市政协",,马鞍山市,安徽省,华东,
1104,马鞍山市花山区政协,县级,市辖区,县级,市辖区,"县级政协,市辖区政协,区政协",,马鞍山市,安徽省,华东,
1105,马鞍山市雨山区政协,县级,市辖区,县级,市辖区,"县级政协,市辖区政协,区政协",,马鞍山市,安徽省,华东,
1106,马鞍山市博望区政协,县级,市辖区,县级,市辖区,"县级政协,市辖区政协,区政协",,马鞍山市,安徽省,华东,
1107,马鞍山市当涂县政协,县级,县,县级,县,"县级政协,县政协",,马鞍山市,安徽省,华东,
1108,马鞍山市含山县政协,县级,县,县级,县,"县级政协,县政协",,马鞍山市,安徽省,华东,
1109,马鞍山市和县政协,县级,县,县级,县,"县级政协,县政协",,马鞍山市,安徽省,华东,
1110,淮北市政协,地级,地级市,地级,地级市,"地级政协,地级市政协",,淮北市,安徽省,华东,
1111,淮北市杜集区政协,县级,市辖区,县级,市辖区,"县级政协,市辖区政协,区政协",,淮北市,安徽省,华东,
1112,淮北市相山区政协,县级,市辖区,县级,市辖区,"县级政协,市辖区政协,区政协",,淮北市,安徽省,华东,
1113,淮北市烈山区政协,县级,市辖区,县级,市辖区,"县级政协,市辖区政协,区政协",,淮北市,安徽省,华东,
1114,淮北市濉溪县政协,县级,县,县级,县,"县级政协,县政协",,淮北市,安徽省,华东,
1115,铜陵市政协,地级,地级市,地级,地级市,"地级政协,地级市政协",,铜陵市,安徽省,华东,
1116,铜陵市铜官区政协,县级,市辖区,县级,市辖区,"县级政协,市辖区政协,区政协",,铜陵市,安徽省,华东,
1117,铜陵市义安区政协,县级,市辖区,县级,市辖区,"县级政协,市辖区政协,区政协",,铜陵市,安徽省,华东,
1118,铜陵市郊区政协,县级,市辖区,县级,市辖区,"县级政协,市辖区政协,区政协",,铜陵市,安徽省,华东,
1119,铜陵市枞阳县政协,县级,县,县级,县,"县级政协,县政协",,铜陵市,安徽省,华东,
1120,安庆市政协,地级,地级市,地级,地级市,"地级政协,地级市政协",,安庆市,安徽省,华东,
1121,安庆市迎江区政协,县级,市辖区,县级,市辖区,"县级政协,市辖区政协,区政协",,安庆市,安徽省,华东,
1122,安庆市大观区政协,县级,市辖区,县级,市辖区,"县级政协,市辖区政协,区政协",,安庆市,安徽省,华东,
1123,安庆市宜秀区政协,县级,市辖区,县级,市辖区,"县级政协,市辖区政协,区政协",,安庆市,安徽省,华东,
1124,安庆市怀宁县政协,县级,县,县级,县,"县级政协,县政协",,安庆市,安徽省,华东,
1125,安庆市太湖县政协,县级,县,县级,县,"县级政协,县政协",,安庆市,安徽省,华东,
1126,安庆市宿松县政协,县级,县,县级,县,"县级政协,县政协",,安庆市,安徽省,华东,
1127,安庆市望江县政协,县级,县,县级,县,"县级政协,县政协",,安庆市,安徽省,华东,
1128,安庆市岳西县政协,县级,县,县级,县,"县级政协,县政协",,安庆市,安徽省,华东,
1129,安庆市安徽安庆经济开发区政协,县级,市辖区,县级,市辖区,"县级政协,市辖区政协,区政协",,安庆市,安徽省,华东,疑似功能区（含「开发区」），通常无独立政协委员会，请核实
1130,安庆市桐城市政协,县级,县级市,县级,县级市,"县级政协,县级市政协",,安庆市,安徽省,华东,
1131,安庆市潜山市政协,县级,县级市,县级,县级市,"县级政协,县级市政协",,安庆市,安徽省,华东,
1132,黄山市政协,地级,地级市,地级,地级市,"地级政协,地级市政协",,黄山市,安徽省,华东,
1133,黄山市屯溪区政协,县级,市辖区,县级,市辖区,"县级政协,市辖区政协,区政协",,黄山市,安徽省,华东,
1134,黄山市黄山区政协,县级,市辖区,县级,市辖区,"县级政协,市辖区政协,区政协",,黄山市,安徽省,华东,
1135,黄山市徽州区政协,县级,市辖区,县级,市辖区,"县级政协,市辖区政协,区政协",,黄山市,安徽省,华东,
1136,黄山市歙县政协,县级,县,县级,县,"县级政协,县政协",,黄山市,安徽省,华东,
1137,黄山市休宁县政协,县级,县,县级,县,"县级政协,县政协",,黄山市,安徽省,华东,
1138,黄山市黟县政协,县级,县,县级,县,"县级政协,县政协",,黄山市,安徽省,华东,
1139,黄山市祁门县政协,县级,县,县级,县,"县级政协,县政协",,黄山市,安徽省,华东,
1140,滁州市政协,地级,地级市,地级,地级市,"地级政协,地级市政协",,滁州市,安徽省,华东,
1141,滁州市琅琊区政协,县级,市辖区,县级,市辖区,"县级政协,市辖区政协,区政协",,滁州市,安徽省,华东,
1142,滁州市南谯区政协,县级,市辖区,县级,市辖区,"县级政协,市辖区政协,区政协",,滁州市,安徽省,华东,
1143,滁州市来安县政协,县级,县,县级,县,"县级政协,县政协",,滁州市,安徽省,华东,
1144,滁州市全椒县政协,县级,县,县级,县,"县级政协,县政协",,滁州市,安徽省,华东,
1145,滁州市定远县政协,县级,县,县级,县,"县级政协,县政协",,滁州市,安徽省,华东,
1146,滁州市凤阳县政协,县级,县,县级,县,"县级政协,县政协",,滁州市,安徽省,华东,
1147,滁州市中新苏滁高新技术产业开发区政协,县级,市辖区,县级,市辖区,"县级政协,市辖区政协,区政协",,滁州市,安徽省,华东,疑似功能区（含「开发区」），通常无独立政协委员会，请核实
1148,滁州市滁州经济技术开发区政协,县级,市辖区,县级,市辖区,"县级政协,市辖区政协,区政协",,滁州市,安徽省,华东,疑似功能区（含「开发区」），通常无独立政协委员会，请核实
1149,滁州市天长市政协,县级,县级市,县级,县级市,"县级政协,县级市政协",,滁州市,安徽省,华东,
1150,滁州市明光市政协,县级,县级市,县级,县级市,"县级政协,县级市政协",,滁州市,安徽省,华东,
1151,阜阳市政协,地级,地级市,地级,地级市,"地级政协,地级市政协",,阜阳市,安徽省,华东,
1152,阜阳市颍州区政协,县级,市辖区,县级,市辖区,"县级政协,市辖区政协,区政协",,阜阳市,安徽省,华东,
1153,阜阳市颍东区政协,县级,市辖区,县级,市辖区,"县级政协,市辖区政协,区政协",,阜阳市,安徽省,华东,
1154,阜阳市颍泉区政协,县级,市辖区,县级,市辖区,"县级政协,市辖区政协,区政协",,阜阳市,安徽省,华东,
1155,阜阳市临泉县政协,县级,县,县级,县,"县级政协,县政协",,阜阳市,安徽省,华东,
1156,阜阳市太和县政协,县级,县,县级,县,"县级政协,县政协",,阜阳市,安徽省,华东,
1157,阜阳市阜南县政协,县级,县,县级,县,"县级政协,县政协",,阜阳市,安徽省,华东,
1158,阜阳市颍上县政协,县级,县,县级,县,"县级政协,县政协",,阜阳市,安徽省,华东,
1159,阜阳市阜阳合肥现代产业园区政协,县级,市辖区,县级,市辖区,"县级政协,市辖区政协,区政协",,阜阳市,安徽省,华东,疑似功能区（含「产业园区」），通常无独立政协委员会，请核实
1160,阜阳市阜阳经济技术开发区政协,县级,市辖区,县级,市辖区,"县级政协,市辖区政协,区政协",,阜阳市,安徽省,华东,疑似功能区（含「开发区」），通常无独立政协委员会，请核实
1161,阜阳市界首市政协,县级,县级市,县级,县级市,"县级政协,县级市政协",,阜阳市,安徽省,华东,
1162,宿州市政协,地级,地级市,地级,地级市,"地级政协,地级市政协",,宿州市,安徽省,华东,
1163,宿州市埇桥区政协,县级,市辖区,县级,市辖区,"县级政协,市辖区政协,区政协",,宿州市,安徽省,华东,
1164,宿州市砀山县政协,县级,县,县级,县,"县级政协,县政协",,宿州市,安徽省,华东,
1165,宿州市萧县政协,县级,县,县级,县,"县级政协,县政协",,宿州市,安徽省,华东,
1166,宿州市灵璧县政协,县级,县,县级,县,"县级政协,县政协",,宿州市,安徽省,华东,
1167,宿州市泗县政协,县级,县,县级,县,"县级政协,县政协",,宿州市,安徽省,华东,
1168,宿州市宿州马鞍山现代产业园区政协,县级,市辖区,县级,市辖区,"县级政协,市辖区政协,区政协",,宿州市,安徽省,华东,疑似功能区（含「产业园区」），通常无独立政协委员会，请核实
1169,宿州市宿州经济技术开发区政协,县级,市辖区,县级,市辖区,"县级政协,市辖区政协,区政协",,宿州市,安徽省,华东,疑似功能区（含「开发区」），通常无独立政协委员会，请核实
1170,六安市政协,地级,地级市,地级,地级市,"地级政协,地级市政协",,六安市,安徽省,华东,
1171,六安市金安区政协,县级,市辖区,县级,市辖区,"县级政协,市辖区政协,区政协",,六安市,安徽省,华东,
1172,六安市裕安区政协,县级,市辖区,县级,市辖区,"县级政协,市辖区政协,区政协",,六安市,安徽省,华东,
1173,六安市叶集区政协,县级,市辖区,县级,市辖区,"县级政协,市辖区政协,区政协",,六安市,安徽省,华东,
1174,六安市霍邱县政协,县级,县,县级,县,"县级政协,县政协",,六安市,安徽省,华东,
1175,六安市舒城县政协,县级,县,县级,县,"县级政协,县政协",,六安市,安徽省,华东,
1176,六安市金寨县政协,县级,县,县级,县,"县级政协,县政协",,六安市,安徽省,华东,
1177,六安市霍山县政协,县级,县,县级,县,"县级政协,县政协",,六安市,安徽省,华东,
1178,亳州市政协,地级,地级市,地级,地级市,"地级政协,地级市政协",,亳州市,安徽省,华东,
1179,亳州市谯城区政协,县级,市辖区,县级,市辖区,"县级政协,市辖区政协,区政协",,亳州市,安徽省,华东,
1180,亳州市涡阳县政协,县级,县,县级,县,"县级政协,县政协",,亳州市,安徽省,华东,
1181,亳州市蒙城县政协,县级,县,县级,县,"县级政协,县政协",,亳州市,安徽省,华东,
1182,亳州市利辛县政协,县级,县,县级,县,"县级政协,县政协",,亳州市,安徽省,华东,
1183,池州市政协,地级,地级市,地级,地级市,"地级政协,地级市政协",,池州市,安徽省,华东,
1184,池州市贵池区政协,县级,市辖区,县级,市辖区,"县级政协,市辖区政协,区政协",,池州市,安徽省,华东,
1185,池州市东至县政协,县级,县,县级,县,"县级政协,县政协",,池州市,安徽省,华东,
1186,池州市石台县政协,县级,县,县级,县,"县级政协,县政协",,池州市,安徽省,华东,
1187,池州市青阳县政协,县级,县,县级,县,"县级政协,县政协",,池州市,安徽省,华东,
1188,宣城市政协,地级,地级市,地级,地级市,"地级政协,地级市政协",,宣城市,安徽省,华东,
1189,宣城市宣州区政协,县级,市辖区,县级,市辖区,"县级政协,市辖区政协,区政协",,宣城市,安徽省,华东,
1190,宣城市郎溪县政协,县级,县,县级,县,"县级政协,县政协",,宣城市,安徽省,华东,
1191,宣城市泾县政协,县级,县,县级,县,"县级政协,县政协",,宣城市,安徽省,华东,
1192,宣城市绩溪县政协,县级,县,县级,县,"县级政协,县政协",,宣城市,安徽省,华东,
1193,宣城市旌德县政协,县级,县,县级,县,"县级政协,县政协",,宣城市,安徽省,华东,
1194,宣城市宣城市经济开发区政协,县级,市辖区,县级,市辖区,"县级政协,市辖区政协,区政协",,宣城市,安徽省,华东,疑似功能区（含「开发区」），通常无独立政协委员会，请核实
1195,宣城市宁国市政协,县级,县级市,县级,县级市,"县级政协,县级市政协",,宣城市,安徽省,华东,
1196,宣城市广德市政协,县级,县级市,县级,县级市,"县级政协,县级市政协",,宣城市,安徽省,华东,
1197,福建省政协,省级,省,省级,省,"省级政协,省政协",,,福建省,华东,
1198,福州市政协,地级,地级市,地级,地级市,"地级政协,地级市政协",,福州市,福建省,华东,
1199,福州市鼓楼区政协,县级,市辖区,县级,市辖区,"县级政协,市辖区政协,区政协",,福州市,福建省,华东,
1200,福州市台江区政协,县级,市辖区,县级,市辖区,"县级政协,市辖区政协,区政协",,福州市,福建省,华东,
1201,福州市仓山区政协,县级,市辖区,县级,市辖区,"县级政协,市辖区政协,区政协",,福州市,福建省,华东,
1202,福州市马尾区政协,县级,市辖区,县级,市辖区,"县级政协,市辖区政协,区政协",,福州市,福建省,华东,
1203,福州市晋安区政协,县级,市辖区,县级,市辖区,"县级政协,市辖区政协,区政协",,福州市,福建省,华东,
1204,福州市长乐区政协,县级,市辖区,县级,市辖区,"县级政协,市辖区政协,区政协",,福州市,福建省,华东,
1205,福州市闽侯县政协,县级,县,县级,县,"县级政协,县政协",,福州市,福建省,华东,
1206,福州市连江县政协,县级,县,县级,县,"县级政协,县政协",,福州市,福建省,华东,
1207,福州市罗源县政协,县级,县,县级,县,"县级政协,县政协",,福州市,福建省,华东,
1208,福州市闽清县政协,县级,县,县级,县,"县级政协,县政协",,福州市,福建省,华东,
1209,福州市永泰县政协,县级,县,县级,县,"县级政协,县政协",,福州市,福建省,华东,
1210,福州市平潭县政协,县级,县,县级,县,"县级政协,县政协",,福州市,福建省,华东,
1211,福州市福清市政协,县级,县级市,县级,县级市,"县级政协,县级市政协",,福州市,福建省,华东,
1212,厦门市政协,副省级,地级市,副省级,地级市,"副省级政协,地级市政协",计划单列市、计划单列市政协,厦门市,福建省,华东,
1213,厦门市思明区政协,县级,市辖区,县级,市辖区,"县级政协,市辖区政协,区政协",,厦门市,福建省,华东,
1214,厦门市海沧区政协,县级,市辖区,县级,市辖区,"县级政协,市辖区政协,区政协",,厦门市,福建省,华东,
1215,厦门市湖里区政协,县级,市辖区,县级,市辖区,"县级政协,市辖区政协,区政协",,厦门市,福建省,华东,
1216,厦门市集美区政协,县级,市辖区,县级,市辖区,"县级政协,市辖区政协,区政协",,厦门市,福建省,华东,
1217,厦门市同安区政协,县级,市辖区,县级,市辖区,"县级政协,市辖区政协,区政协",,厦门市,福建省,华东,
1218,厦门市翔安区政协,县级,市辖区,县级,市辖区,"县级政协,市辖区政协,区政协",,厦门市,福建省,华东,
1219,莆田市政协,地级,地级市,地级,地级市,"地级政协,地级市政协",,莆田市,福建省,华东,
1220,莆田市城厢区政协,县级,市辖区,县级,市辖区,"县级政协,市辖区政协,区政协",,莆田市,福建省,华东,
1221,莆田市涵江区政协,县级,市辖区,县级,市辖区,"县级政协,市辖区政协,区政协",,莆田市,福建省,华东,
1222,莆田市荔城区政协,县级,市辖区,县级,市辖区,"县级政协,市辖区政协,区政协",,莆田市,福建省,华东,
1223,莆田市秀屿区政协,县级,市辖区,县级,市辖区,"县级政协,市辖区政协,区政协",,莆田市,福建省,华东,
1224,莆田市仙游县政协,县级,县,县级,县,"县级政协,县政协",,莆田市,福建省,华东,
1225,三明市政协,地级,地级市,地级,地级市,"地级政协,地级市政协",,三明市,福建省,华东,
1226,三明市三元区政协,县级,市辖区,县级,市辖区,"县级政协,市辖区政协,区政协",,三明市,福建省,华东,
1227,三明市沙县区政协,县级,市辖区,县级,市辖区,"县级政协,市辖区政协,区政协",,三明市,福建省,华东,
1228,三明市明溪县政协,县级,县,县级,县,"县级政协,县政协",,三明市,福建省,华东,
1229,三明市清流县政协,县级,县,县级,县,"县级政协,县政协",,三明市,福建省,华东,
1230,三明市宁化县政协,县级,县,县级,县,"县级政协,县政协",,三明市,福建省,华东,
1231,三明市大田县政协,县级,县,县级,县,"县级政协,县政协",,三明市,福建省,华东,
1232,三明市尤溪县政协,县级,县,县级,县,"县级政协,县政协",,三明市,福建省,华东,
1233,三明市将乐县政协,县级,县,县级,县,"县级政协,县政协",,三明市,福建省,华东,
1234,三明市泰宁县政协,县级,县,县级,县,"县级政协,县政协",,三明市,福建省,华东,
1235,三明市建宁县政协,县级,县,县级,县,"县级政协,县政协",,三明市,福建省,华东,
1236,三明市永安市政协,县级,县级市,县级,县级市,"县级政协,县级市政协",,三明市,福建省,华东,
1237,泉州市政协,地级,地级市,地级,地级市,"地级政协,地级市政协",,泉州市,福建省,华东,
1238,泉州市鲤城区政协,县级,市辖区,县级,市辖区,"县级政协,市辖区政协,区政协",,泉州市,福建省,华东,
1239,泉州市丰泽区政协,县级,市辖区,县级,市辖区,"县级政协,市辖区政协,区政协",,泉州市,福建省,华东,
1240,泉州市洛江区政协,县级,市辖区,县级,市辖区,"县级政协,市辖区政协,区政协",,泉州市,福建省,华东,
1241,泉州市泉港区政协,县级,市辖区,县级,市辖区,"县级政协,市辖区政协,区政协",,泉州市,福建省,华东,
1242,泉州市惠安县政协,县级,县,县级,县,"县级政协,县政协",,泉州市,福建省,华东,
1243,泉州市安溪县政协,县级,县,县级,县,"县级政协,县政协",,泉州市,福建省,华东,
1244,泉州市永春县政协,县级,县,县级,县,"县级政协,县政协",,泉州市,福建省,华东,
1245,泉州市德化县政协,县级,县,县级,县,"县级政协,县政协",,泉州市,福建省,华东,
1246,泉州市金门县政协,县级,县,县级,县,"县级政协,县政协",,泉州市,福建省,华东,
1247,泉州市石狮市政协,县级,县级市,县级,县级市,"县级政协,县级市政协",,泉州市,福建省,华东,
1248,泉州市晋江市政协,县级,县级市,县级,县级市,"县级政协,县级市政协",,泉州市,福建省,华东,
1249,泉州市南安市政协,县级,县级市,县级,县级市,"县级政协,县级市政协",,泉州市,福建省,华东,
1250,漳州市政协,地级,地级市,地级,地级市,"地级政协,地级市政协",,漳州市,福建省,华东,
1251,漳州市芗城区政协,县级,市辖区,县级,市辖区,"县级政协,市辖区政协,区政协",,漳州市,福建省,华东,
1252,漳州市龙文区政协,县级,市辖区,县级,市辖区,"县级政协,市辖区政协,区政协",,漳州市,福建省,华东,
1253,漳州市龙海区政协,县级,市辖区,县级,市辖区,"县级政协,市辖区政协,区政协",,漳州市,福建省,华东,
1254,漳州市长泰区政协,县级,市辖区,县级,市辖区,"县级政协,市辖区政协,区政协",,漳州市,福建省,华东,
1255,漳州市云霄县政协,县级,县,县级,县,"县级政协,县政协",,漳州市,福建省,华东,
1256,漳州市漳浦县政协,县级,县,县级,县,"县级政协,县政协",,漳州市,福建省,华东,
1257,漳州市诏安县政协,县级,县,县级,县,"县级政协,县政协",,漳州市,福建省,华东,
1258,漳州市东山县政协,县级,县,县级,县,"县级政协,县政协",,漳州市,福建省,华东,
1259,漳州市南靖县政协,县级,县,县级,县,"县级政协,县政协",,漳州市,福建省,华东,
1260,漳州市平和县政协,县级,县,县级,县,"县级政协,县政协",,漳州市,福建省,华东,
1261,漳州市华安县政协,县级,县,县级,县,"县级政协,县政协",,漳州市,福建省,华东,
1262,南平市政协,地级,地级市,地级,地级市,"地级政协,地级市政协",,南平市,福建省,华东,
1263,南平市延平区政协,县级,市辖区,县级,市辖区,"县级政协,市辖区政协,区政协",,南平市,福建省,华东,
1264,南平市建阳区政协,县级,市辖区,县级,市辖区,"县级政协,市辖区政协,区政协",,南平市,福建省,华东,
1265,南平市顺昌县政协,县级,县,县级,县,"县级政协,县政协",,南平市,福建省,华东,
1266,南平市浦城县政协,县级,县,县级,县,"县级政协,县政协",,南平市,福建省,华东,
1267,南平市光泽县政协,县级,县,县级,县,"县级政协,县政协",,南平市,福建省,华东,
1268,南平市松溪县政协,县级,县,县级,县,"县级政协,县政协",,南平市,福建省,华东,
1269,南平市政和县政协,县级,县,县级,县,"县级政协,县政协",,南平市,福建省,华东,
1270,南平市邵武市政协,县级,县级市,县级,县级市,"县级政协,县级市政协",,南平市,福建省,华东,
1271,南平市武夷山市政协,县级,县级市,县级,县级市,"县级政协,县级市政协",,南平市,福建省,华东,
1272,南平市建瓯市政协,县级,县级市,县级,县级市,"县级政协,县级市政协",,南平市,福建省,华东,
1273,龙岩市政协,地级,地级市,地级,地级市,"地级政协,地级市政协",,龙岩市,福建省,华东,
1274,龙岩市新罗区政协,县级,市辖区,县级,市辖区,"县级政协,市辖区政协,区政协",,龙岩市,福建省,华东,
1275,龙岩市永定区政协,县级,市辖区,县级,市辖区,"县级政协,市辖区政协,区政协",,龙岩市,福建省,华东,
1276,龙岩市长汀县政协,县级,县,县级,县,"县级政协,县政协",,龙岩市,福建省,华东,
1277,龙岩市上杭县政协,县级,县,县级,县,"县级政协,县政协",,龙岩市,福建省,华东,
1278,龙岩市武平县政协,县级,县,县级,县,"县级政协,县政协",,龙岩市,福建省,华东,
1279,龙岩市连城县政协,县级,县,县级,县,"县级政协,县政协",,龙岩市,福建省,华东,
1280,龙岩市漳平市政协,县级,县级市,县级,县级市,"县级政协,县级市政协",,龙岩市,福建省,华东,
1281,宁德市政协,地级,地级市,地级,地级市,"地级政协,地级市政协",,宁德市,福建省,华东,
1282,宁德市蕉城区政协,县级,市辖区,县级,市辖区,"县级政协,市辖区政协,区政协",,宁德市,福建省,华东,
1283,宁德市霞浦县政协,县级,县,县级,县,"县级政协,县政协",,宁德市,福建省,华东,
1284,宁德市古田县政协,县级,县,县级,县,"县级政协,县政协",,宁德市,福建省,华东,
1285,宁德市屏南县政协,县级,县,县级,县,"县级政协,县政协",,宁德市,福建省,华东,
1286,宁德市寿宁县政协,县级,县,县级,县,"县级政协,县政协",,宁德市,福建省,华东,
1287,宁德市周宁县政协,县级,县,县级,县,"县级政协,县政协",,宁德市,福建省,华东,
1288,宁德市柘荣县政协,县级,县,县级,县,"县级政协,县政协",,宁德市,福建省,华东,
1289,宁德市福安市政协,县级,县级市,县级,县级市,"县级政协,县级市政协",,宁德市,福建省,华东,
1290,宁德市福鼎市政协,县级,县级市,县级,县级市,"县级政协,县级市政协",,宁德市,福建省,华东,
1291,江西省政协,省级,省,省级,省,"省级政协,省政协",,,江西省,华东,
1292,南昌市政协,地级,地级市,地级,地级市,"地级政协,地级市政协",,南昌市,江西省,华东,
1293,南昌市东湖区政协,县级,市辖区,县级,市辖区,"县级政协,市辖区政协,区政协",,南昌市,江西省,华东,
1294,南昌市西湖区政协,县级,市辖区,县级,市辖区,"县级政协,市辖区政协,区政协",,南昌市,江西省,华东,
1295,南昌市青云谱区政协,县级,市辖区,县级,市辖区,"县级政协,市辖区政协,区政协",,南昌市,江西省,华东,
1296,南昌市青山湖区政协,县级,市辖区,县级,市辖区,"县级政协,市辖区政协,区政协",,南昌市,江西省,华东,
1297,南昌市新建区政协,县级,市辖区,县级,市辖区,"县级政协,市辖区政协,区政协",,南昌市,江西省,华东,
1298,南昌市红谷滩区政协,县级,市辖区,县级,市辖区,"县级政协,市辖区政协,区政协",,南昌市,江西省,华东,
1299,南昌市南昌县政协,县级,县,县级,县,"县级政协,县政协",,南昌市,江西省,华东,
1300,南昌市安义县政协,县级,县,县级,县,"县级政协,县政协",,南昌市,江西省,华东,
1301,南昌市进贤县政协,县级,县,县级,县,"县级政协,县政协",,南昌市,江西省,华东,
1302,景德镇市政协,地级,地级市,地级,地级市,"地级政协,地级市政协",,景德镇市,江西省,华东,
1303,景德镇市昌江区政协,县级,市辖区,县级,市辖区,"县级政协,市辖区政协,区政协",,景德镇市,江西省,华东,
1304,景德镇市珠山区政协,县级,市辖区,县级,市辖区,"县级政协,市辖区政协,区政协",,景德镇市,江西省,华东,
1305,景德镇市浮梁县政协,县级,县,县级,县,"县级政协,县政协",,景德镇市,江西省,华东,
1306,景德镇市乐平市政协,县级,县级市,县级,县级市,"县级政协,县级市政协",,景德镇市,江西省,华东,
1307,萍乡市政协,地级,地级市,地级,地级市,"地级政协,地级市政协",,萍乡市,江西省,华东,
1308,萍乡市安源区政协,县级,市辖区,县级,市辖区,"县级政协,市辖区政协,区政协",,萍乡市,江西省,华东,
1309,萍乡市湘东区政协,县级,市辖区,县级,市辖区,"县级政协,市辖区政协,区政协",,萍乡市,江西省,华东,
1310,萍乡市莲花县政协,县级,县,县级,县,"县级政协,县政协",,萍乡市,江西省,华东,
1311,萍乡市上栗县政协,县级,县,县级,县,"县级政协,县政协",,萍乡市,江西省,华东,
1312,萍乡市芦溪县政协,县级,县,县级,县,"县级政协,县政协",,萍乡市,江西省,华东,
1313,九江市政协,地级,地级市,地级,地级市,"地级政协,地级市政协",,九江市,江西省,华东,
1314,九江市濂溪区政协,县级,市辖区,县级,市辖区,"县级政协,市辖区政协,区政协",,九江市,江西省,华东,
1315,九江市浔阳区政协,县级,市辖区,县级,市辖区,"县级政协,市辖区政协,区政协",,九江市,江西省,华东,
1316,九江市柴桑区政协,县级,市辖区,县级,市辖区,"县级政协,市辖区政协,区政协",,九江市,江西省,华东,
1317,九江市武宁县政协,县级,县,县级,县,"县级政协,县政协",,九江市,江西省,华东,
1318,九江市修水县政协,县级,县,县级,县,"县级政协,县政协",,九江市,江西省,华东,
1319,九江市永修县政协,县级,县,县级,县,"县级政协,县政协",,九江市,江西省,华东,
1320,九江市德安县政协,县级,县,县级,县,"县级政协,县政协",,九江市,江西省,华东,
1321,九江市都昌县政协,县级,县,县级,县,"县级政协,县政协",,九江市,江西省,华东,
1322,九江市湖口县政协,县级,县,县级,县,"县级政协,县政协",,九江市,江西省,华东,
1323,九江市彭泽县政协,县级,县,县级,县,"县级政协,县政协",,九江市,江西省,华东,
1324,九江市瑞昌市政协,县级,县级市,县级,县级市,"县级政协,县级市政协",,九江市,江西省,华东,
1325,九江市共青城市政协,县级,县级市,县级,县级市,"县级政协,县级市政协",,九江市,江西省,华东,
1326,九江市庐山市政协,县级,县级市,县级,县级市,"县级政协,县级市政协",,九江市,江西省,华东,
1327,新余市政协,地级,地级市,地级,地级市,"地级政协,地级市政协",,新余市,江西省,华东,
1328,新余市渝水区政协,县级,市辖区,县级,市辖区,"县级政协,市辖区政协,区政协",,新余市,江西省,华东,
1329,新余市分宜县政协,县级,县,县级,县,"县级政协,县政协",,新余市,江西省,华东,
1330,鹰潭市政协,地级,地级市,地级,地级市,"地级政协,地级市政协",,鹰潭市,江西省,华东,
1331,鹰潭市月湖区政协,县级,市辖区,县级,市辖区,"县级政协,市辖区政协,区政协",,鹰潭市,江西省,华东,
1332,鹰潭市余江区政协,县级,市辖区,县级,市辖区,"县级政协,市辖区政协,区政协",,鹰潭市,江西省,华东,
1333,鹰潭市贵溪市政协,县级,县级市,县级,县级市,"县级政协,县级市政协",,鹰潭市,江西省,华东,
1334,赣州市政协,地级,地级市,地级,地级市,"地级政协,地级市政协",,赣州市,江西省,华东,
1335,赣州市章贡区政协,县级,市辖区,县级,市辖区,"县级政协,市辖区政协,区政协",,赣州市,江西省,华东,
1336,赣州市南康区政协,县级,市辖区,县级,市辖区,"县级政协,市辖区政协,区政协",,赣州市,江西省,华东,
1337,赣州市赣县区政协,县级,市辖区,县级,市辖区,"县级政协,市辖区政协,区政协",,赣州市,江西省,华东,
1338,赣州市信丰县政协,县级,县,县级,县,"县级政协,县政协",,赣州市,江西省,华东,
1339,赣州市大余县政协,县级,县,县级,县,"县级政协,县政协",,赣州市,江西省,华东,
1340,赣州市上犹县政协,县级,县,县级,县,"县级政协,县政协",,赣州市,江西省,华东,
1341,赣州市崇义县政协,县级,县,县级,县,"县级政协,县政协",,赣州市,江西省,华东,
1342,赣州市安远县政协,县级,县,县级,县,"县级政协,县政协",,赣州市,江西省,华东,
1343,赣州市定南县政协,县级,县,县级,县,"县级政协,县政协",,赣州市,江西省,华东,
1344,赣州市全南县政协,县级,县,县级,县,"县级政协,县政协",,赣州市,江西省,华东,
1345,赣州市宁都县政协,县级,县,县级,县,"县级政协,县政协",,赣州市,江西省,华东,
1346,赣州市于都县政协,县级,县,县级,县,"县级政协,县政协",,赣州市,江西省,华东,
1347,赣州市兴国县政协,县级,县,县级,县,"县级政协,县政协",,赣州市,江西省,华东,
1348,赣州市会昌县政协,县级,县,县级,县,"县级政协,县政协",,赣州市,江西省,华东,
1349,赣州市寻乌县政协,县级,县,县级,县,"县级政协,县政协",,赣州市,江西省,华东,
1350,赣州市石城县政协,县级,县,县级,县,"县级政协,县政协",,赣州市,江西省,华东,
1351,赣州市瑞金市政协,县级,县级市,县级,县级市,"县级政协,县级市政协",,赣州市,江西省,华东,
1352,赣州市龙南市政协,县级,县级市,县级,县级市,"县级政协,县级市政协",,赣州市,江西省,华东,
1353,吉安市政协,地级,地级市,地级,地级市,"地级政协,地级市政协",,吉安市,江西省,华东,
1354,吉安市吉州区政协,县级,市辖区,县级,市辖区,"县级政协,市辖区政协,区政协",,吉安市,江西省,华东,
1355,吉安市青原区政协,县级,市辖区,县级,市辖区,"县级政协,市辖区政协,区政协",,吉安市,江西省,华东,
1356,吉安市吉安县政协,县级,县,县级,县,"县级政协,县政协",,吉安市,江西省,华东,
1357,吉安市吉水县政协,县级,县,县级,县,"县级政协,县政协",,吉安市,江西省,华东,
1358,吉安市峡江县政协,县级,县,县级,县,"县级政协,县政协",,吉安市,江西省,华东,
1359,吉安市新干县政协,县级,县,县级,县,"县级政协,县政协",,吉安市,江西省,华东,
1360,吉安市永丰县政协,县级,县,县级,县,"县级政协,县政协",,吉安市,江西省,华东,
1361,吉安市泰和县政协,县级,县,县级,县,"县级政协,县政协",,吉安市,江西省,华东,
1362,吉安市遂川县政协,县级,县,县级,县,"县级政协,县政协",,吉安市,江西省,华东,
1363,吉安市万安县政协,县级,县,县级,县,"县级政协,县政协",,吉安市,江西省,华东,
1364,吉安市安福县政协,县级,县,县级,县,"县级政协,县政协",,吉安市,江西省,华东,
1365,吉安市永新县政协,县级,县,县级,县,"县级政协,县政协",,吉安市,江西省,华东,
1366,吉安市井冈山市政协,县级,县级市,县级,县级市,"县级政协,县级市政协",,吉安市,江西省,华东,
1367,宜春市政协,地级,地级市,地级,地级市,"地级政协,地级市政协",,宜春市,江西省,华东,
1368,宜春市袁州区政协,县级,市辖区,县级,市辖区,"县级政协,市辖区政协,区政协",,宜春市,江西省,华东,
1369,宜春市奉新县政协,县级,县,县级,县,"县级政协,县政协",,宜春市,江西省,华东,
1370,宜春市万载县政协,县级,县,县级,县,"县级政协,县政协",,宜春市,江西省,华东,
1371,宜春市上高县政协,县级,县,县级,县,"县级政协,县政协",,宜春市,江西省,华东,
1372,宜春市宜丰县政协,县级,县,县级,县,"县级政协,县政协",,宜春市,江西省,华东,
1373,宜春市靖安县政协,县级,县,县级,县,"县级政协,县政协",,宜春市,江西省,华东,
1374,宜春市铜鼓县政协,县级,县,县级,县,"县级政协,县政协",,宜春市,江西省,华东,
1375,宜春市丰城市政协,县级,县级市,县级,县级市,"县级政协,县级市政协",,宜春市,江西省,华东,
1376,宜春市樟树市政协,县级,县级市,县级,县级市,"县级政协,县级市政协",,宜春市,江西省,华东,
1377,宜春市高安市政协,县级,县级市,县级,县级市,"县级政协,县级市政协",,宜春市,江西省,华东,
1378,抚州市政协,地级,地级市,地级,地级市,"地级政协,地级市政协",,抚州市,江西省,华东,
1379,抚州市临川区政协,县级,市辖区,县级,市辖区,"县级政协,市辖区政协,区政协",,抚州市,江西省,华东,
1380,抚州市东乡区政协,县级,市辖区,县级,市辖区,"县级政协,市辖区政协,区政协",,抚州市,江西省,华东,
1381,抚州市南城县政协,县级,县,县级,县,"县级政协,县政协",,抚州市,江西省,华东,
1382,抚州市黎川县政协,县级,县,县级,县,"县级政协,县政协",,抚州市,江西省,华东,
1383,抚州市南丰县政协,县级,县,县级,县,"县级政协,县政协",,抚州市,江西省,华东,
1384,抚州市崇仁县政协,县级,县,县级,县,"县级政协,县政协",,抚州市,江西省,华东,
1385,抚州市乐安县政协,县级,县,县级,县,"县级政协,县政协",,抚州市,江西省,华东,
1386,抚州市宜黄县政协,县级,县,县级,县,"县级政协,县政协",,抚州市,江西省,华东,
1387,抚州市金溪县政协,县级,县,县级,县,"县级政协,县政协",,抚州市,江西省,华东,
1388,抚州市资溪县政协,县级,县,县级,县,"县级政协,县政协",,抚州市,江西省,华东,
1389,抚州市广昌县政协,县级,县,县级,县,"县级政协,县政协",,抚州市,江西省,华东,
1390,上饶市政协,地级,地级市,地级,地级市,"地级政协,地级市政协",,上饶市,江西省,华东,
1391,上饶市信州区政协,县级,市辖区,县级,市辖区,"县级政协,市辖区政协,区政协",,上饶市,江西省,华东,
1392,上饶市广丰区政协,县级,市辖区,县级,市辖区,"县级政协,市辖区政协,区政协",,上饶市,江西省,华东,
1393,上饶市广信区政协,县级,市辖区,县级,市辖区,"县级政协,市辖区政协,区政协",,上饶市,江西省,华东,
1394,上饶市玉山县政协,县级,县,县级,县,"县级政协,县政协",,上饶市,江西省,华东,
1395,上饶市铅山县政协,县级,县,县级,县,"县级政协,县政协",,上饶市,江西省,华东,
1396,上饶市横峰县政协,县级,县,县级,县,"县级政协,县政协",,上饶市,江西省,华东,
1397,上饶市弋阳县政协,县级,县,县级,县,"县级政协,县政协",,上饶市,江西省,华东,
1398,上饶市余干县政协,县级,县,县级,县,"县级政协,县政协",,上饶市,江西省,华东,
1399,上饶市鄱阳县政协,县级,县,县级,县,"县级政协,县政协",,上饶市,江西省,华东,
1400,上饶市万年县政协,县级,县,县级,县,"县级政协,县政协",,上饶市,江西省,华东,
1401,上饶市婺源县政协,县级,县,县级,县,"县级政协,县政协",,上饶市,江西省,华东,
1402,上饶市德兴市政协,县级,县级市,县级,县级市,"县级政协,县级市政协",,上饶市,江西省,华东,
1403,山东省政协,省级,省,省级,省,"省级政协,省政协",,,山东省,华东,
1404,济南市政协,副省级,地级市,副省级,地级市,"副省级政协,地级市政协",省会城市、省会城市政协,济南市,山东省,华东,
1405,济南市历下区政协,县级,市辖区,县级,市辖区,"县级政协,市辖区政协,区政协",,济南市,山东省,华东,
1406,济南市市中区政协,县级,市辖区,县级,市辖区,"县级政协,市辖区政协,区政协",,济南市,山东省,华东,
1407,济南市槐荫区政协,县级,市辖区,县级,市辖区,"县级政协,市辖区政协,区政协",,济南市,山东省,华东,
1408,济南市天桥区政协,县级,市辖区,县级,市辖区,"县级政协,市辖区政协,区政协",,济南市,山东省,华东,
1409,济南市历城区政协,县级,市辖区,县级,市辖区,"县级政协,市辖区政协,区政协",,济南市,山东省,华东,
1410,济南市长清区政协,县级,市辖区,县级,市辖区,"县级政协,市辖区政协,区政协",,济南市,山东省,华东,
1411,济南市章丘区政协,县级,市辖区,县级,市辖区,"县级政协,市辖区政协,区政协",,济南市,山东省,华东,
1412,济南市济阳区政协,县级,市辖区,县级,市辖区,"县级政协,市辖区政协,区政协",,济南市,山东省,华东,
1413,济南市莱芜区政协,县级,市辖区,县级,市辖区,"县级政协,市辖区政协,区政协",,济南市,山东省,华东,
1414,济南市钢城区政协,县级,市辖区,县级,市辖区,"县级政协,市辖区政协,区政协",,济南市,山东省,华东,
1415,济南市平阴县政协,县级,县,县级,县,"县级政协,县政协",,济南市,山东省,华东,
1416,济南市商河县政协,县级,县,县级,县,"县级政协,县政协",,济南市,山东省,华东,
1417,济南市济南高新技术产业开发区政协,县级,市辖区,县级,市辖区,"县级政协,市辖区政协,区政协",,济南市,山东省,华东,疑似功能区（含「开发区」），通常无独立政协委员会，请核实
1418,青岛市政协,副省级,地级市,副省级,地级市,"副省级政协,地级市政协",计划单列市、计划单列市政协,青岛市,山东省,华东,
1419,青岛市市南区政协,县级,市辖区,县级,市辖区,"县级政协,市辖区政协,区政协",,青岛市,山东省,华东,
1420,青岛市市北区政协,县级,市辖区,县级,市辖区,"县级政协,市辖区政协,区政协",,青岛市,山东省,华东,
1421,青岛市黄岛区政协,县级,市辖区,县级,市辖区,"县级政协,市辖区政协,区政协",,青岛市,山东省,华东,
1422,青岛市崂山区政协,县级,市辖区,县级,市辖区,"县级政协,市辖区政协,区政协",,青岛市,山东省,华东,
1423,青岛市李沧区政协,县级,市辖区,县级,市辖区,"县级政协,市辖区政协,区政协",,青岛市,山东省,华东,
1424,青岛市城阳区政协,县级,市辖区,县级,市辖区,"县级政协,市辖区政协,区政协",,青岛市,山东省,华东,
1425,青岛市即墨区政协,县级,市辖区,县级,市辖区,"县级政协,市辖区政协,区政协",,青岛市,山东省,华东,
1426,青岛市胶州市政协,县级,县级市,县级,县级市,"县级政协,县级市政协",,青岛市,山东省,华东,
1427,青岛市平度市政协,县级,县级市,县级,县级市,"县级政协,县级市政协",,青岛市,山东省,华东,
1428,青岛市莱西市政协,县级,县级市,县级,县级市,"县级政协,县级市政协",,青岛市,山东省,华东,
1429,淄博市政协,地级,地级市,地级,地级市,"地级政协,地级市政协",,淄博市,山东省,华东,
1430,淄博市淄川区政协,县级,市辖区,县级,市辖区,"县级政协,市辖区政协,区政协",,淄博市,山东省,华东,
1431,淄博市张店区政协,县级,市辖区,县级,市辖区,"县级政协,市辖区政协,区政协",,淄博市,山东省,华东,
1432,淄博市博山区政协,县级,市辖区,县级,市辖区,"县级政协,市辖区政协,区政协",,淄博市,山东省,华东,
1433,淄博市临淄区政协,县级,市辖区,县级,市辖区,"县级政协,市辖区政协,区政协",,淄博市,山东省,华东,
1434,淄博市周村区政协,县级,市辖区,县级,市辖区,"县级政协,市辖区政协,区政协",,淄博市,山东省,华东,
1435,淄博市桓台县政协,县级,县,县级,县,"县级政协,县政协",,淄博市,山东省,华东,
1436,淄博市高青县政协,县级,县,县级,县,"县级政协,县政协",,淄博市,山东省,华东,
1437,淄博市沂源县政协,县级,县,县级,县,"县级政协,县政协",,淄博市,山东省,华东,
1438,枣庄市政协,地级,地级市,地级,地级市,"地级政协,地级市政协",,枣庄市,山东省,华东,
1439,枣庄市市中区政协,县级,市辖区,县级,市辖区,"县级政协,市辖区政协,区政协",,枣庄市,山东省,华东,
1440,枣庄市薛城区政协,县级,市辖区,县级,市辖区,"县级政协,市辖区政协,区政协",,枣庄市,山东省,华东,
1441,枣庄市峄城区政协,县级,市辖区,县级,市辖区,"县级政协,市辖区政协,区政协",,枣庄市,山东省,华东,
1442,枣庄市台儿庄区政协,县级,市辖区,县级,市辖区,"县级政协,市辖区政协,区政协",,枣庄市,山东省,华东,
1443,枣庄市山亭区政协,县级,市辖区,县级,市辖区,"县级政协,市辖区政协,区政协",,枣庄市,山东省,华东,
1444,枣庄市滕州市政协,县级,县级市,县级,县级市,"县级政协,县级市政协",,枣庄市,山东省,华东,
1445,东营市政协,地级,地级市,地级,地级市,"地级政协,地级市政协",,东营市,山东省,华东,
1446,东营市东营区政协,县级,市辖区,县级,市辖区,"县级政协,市辖区政协,区政协",,东营市,山东省,华东,
1447,东营市河口区政协,县级,市辖区,县级,市辖区,"县级政协,市辖区政协,区政协",,东营市,山东省,华东,
1448,东营市垦利区政协,县级,市辖区,县级,市辖区,"县级政协,市辖区政协,区政协",,东营市,山东省,华东,
1449,东营市利津县政协,县级,县,县级,县,"县级政协,县政协",,东营市,山东省,华东,
1450,东营市广饶县政协,县级,县,县级,县,"县级政协,县政协",,东营市,山东省,华东,
1451,东营市东营经济技术开发区政协,县级,市辖区,县级,市辖区,"县级政协,市辖区政协,区政协",,东营市,山东省,华东,疑似功能区（含「开发区」），通常无独立政协委员会，请核实
1452,东营市东营港经济开发区政协,县级,市辖区,县级,市辖区,"县级政协,市辖区政协,区政协",,东营市,山东省,华东,疑似功能区（含「开发区」），通常无独立政协委员会，请核实
1453,烟台市政协,地级,地级市,地级,地级市,"地级政协,地级市政协",,烟台市,山东省,华东,
1454,烟台市芝罘区政协,县级,市辖区,县级,市辖区,"县级政协,市辖区政协,区政协",,烟台市,山东省,华东,
1455,烟台市福山区政协,县级,市辖区,县级,市辖区,"县级政协,市辖区政协,区政协",,烟台市,山东省,华东,
1456,烟台市牟平区政协,县级,市辖区,县级,市辖区,"县级政协,市辖区政协,区政协",,烟台市,山东省,华东,
1457,烟台市莱山区政协,县级,市辖区,县级,市辖区,"县级政协,市辖区政协,区政协",,烟台市,山东省,华东,
1458,烟台市蓬莱区政协,县级,市辖区,县级,市辖区,"县级政协,市辖区政协,区政协",,烟台市,山东省,华东,
1459,烟台市烟台高新技术产业开发区政协,县级,市辖区,县级,市辖区,"县级政协,市辖区政协,区政协",,烟台市,山东省,华东,疑似功能区（含「开发区」），通常无独立政协委员会，请核实
1460,烟台市烟台经济技术开发区政协,县级,市辖区,县级,市辖区,"县级政协,市辖区政协,区政协",,烟台市,山东省,华东,疑似功能区（含「开发区」），通常无独立政协委员会，请核实
1461,烟台市龙口市政协,县级,县级市,县级,县级市,"县级政协,县级市政协",,烟台市,山东省,华东,
1462,烟台市莱阳市政协,县级,县级市,县级,县级市,"县级政协,县级市政协",,烟台市,山东省,华东,
1463,烟台市莱州市政协,县级,县级市,县级,县级市,"县级政协,县级市政协",,烟台市,山东省,华东,
1464,烟台市招远市政协,县级,县级市,县级,县级市,"县级政协,县级市政协",,烟台市,山东省,华东,
1465,烟台市栖霞市政协,县级,县级市,县级,县级市,"县级政协,县级市政协",,烟台市,山东省,华东,
1466,烟台市海阳市政协,县级,县级市,县级,县级市,"县级政协,县级市政协",,烟台市,山东省,华东,
1467,潍坊市政协,地级,地级市,地级,地级市,"地级政协,地级市政协",,潍坊市,山东省,华东,
1468,潍坊市潍城区政协,县级,市辖区,县级,市辖区,"县级政协,市辖区政协,区政协",,潍坊市,山东省,华东,
1469,潍坊市寒亭区政协,县级,市辖区,县级,市辖区,"县级政协,市辖区政协,区政协",,潍坊市,山东省,华东,
1470,潍坊市坊子区政协,县级,市辖区,县级,市辖区,"县级政协,市辖区政协,区政协",,潍坊市,山东省,华东,
1471,潍坊市奎文区政协,县级,市辖区,县级,市辖区,"县级政协,市辖区政协,区政协",,潍坊市,山东省,华东,
1472,潍坊市临朐县政协,县级,县,县级,县,"县级政协,县政协",,潍坊市,山东省,华东,
1473,潍坊市昌乐县政协,县级,县,县级,县,"县级政协,县政协",,潍坊市,山东省,华东,
1474,潍坊市潍坊滨海经济技术开发区政协,县级,市辖区,县级,市辖区,"县级政协,市辖区政协,区政协",,潍坊市,山东省,华东,疑似功能区（含「开发区」），通常无独立政协委员会，请核实
1475,潍坊市青州市政协,县级,县级市,县级,县级市,"县级政协,县级市政协",,潍坊市,山东省,华东,
1476,潍坊市诸城市政协,县级,县级市,县级,县级市,"县级政协,县级市政协",,潍坊市,山东省,华东,
1477,潍坊市寿光市政协,县级,县级市,县级,县级市,"县级政协,县级市政协",,潍坊市,山东省,华东,
1478,潍坊市安丘市政协,县级,县级市,县级,县级市,"县级政协,县级市政协",,潍坊市,山东省,华东,
1479,潍坊市高密市政协,县级,县级市,县级,县级市,"县级政协,县级市政协",,潍坊市,山东省,华东,
1480,潍坊市昌邑市政协,县级,县级市,县级,县级市,"县级政协,县级市政协",,潍坊市,山东省,华东,
1481,济宁市政协,地级,地级市,地级,地级市,"地级政协,地级市政协",,济宁市,山东省,华东,
1482,济宁市任城区政协,县级,市辖区,县级,市辖区,"县级政协,市辖区政协,区政协",,济宁市,山东省,华东,
1483,济宁市兖州区政协,县级,市辖区,县级,市辖区,"县级政协,市辖区政协,区政协",,济宁市,山东省,华东,
1484,济宁市微山县政协,县级,县,县级,县,"县级政协,县政协",,济宁市,山东省,华东,
1485,济宁市鱼台县政协,县级,县,县级,县,"县级政协,县政协",,济宁市,山东省,华东,
1486,济宁市金乡县政协,县级,县,县级,县,"县级政协,县政协",,济宁市,山东省,华东,
1487,济宁市嘉祥县政协,县级,县,县级,县,"县级政协,县政协",,济宁市,山东省,华东,
1488,济宁市汶上县政协,县级,县,县级,县,"县级政协,县政协",,济宁市,山东省,华东,
1489,济宁市泗水县政协,县级,县,县级,县,"县级政协,县政协",,济宁市,山东省,华东,
1490,济宁市梁山县政协,县级,县,县级,县,"县级政协,县政协",,济宁市,山东省,华东,
1491,济宁市济宁高新技术产业开发区政协,县级,市辖区,县级,市辖区,"县级政协,市辖区政协,区政协",,济宁市,山东省,华东,疑似功能区（含「开发区」），通常无独立政协委员会，请核实
1492,济宁市曲阜市政协,县级,县级市,县级,县级市,"县级政协,县级市政协",,济宁市,山东省,华东,
1493,济宁市邹城市政协,县级,县级市,县级,县级市,"县级政协,县级市政协",,济宁市,山东省,华东,
1494,泰安市政协,地级,地级市,地级,地级市,"地级政协,地级市政协",,泰安市,山东省,华东,
1495,泰安市泰山区政协,县级,市辖区,县级,市辖区,"县级政协,市辖区政协,区政协",,泰安市,山东省,华东,
1496,泰安市岱岳区政协,县级,市辖区,县级,市辖区,"县级政协,市辖区政协,区政协",,泰安市,山东省,华东,
1497,泰安市宁阳县政协,县级,县,县级,县,"县级政协,县政协",,泰安市,山东省,华东,
1498,泰安市东平县政协,县级,县,县级,县,"县级政协,县政协",,泰安市,山东省,华东,
1499,泰安市新泰市政协,县级,县级市,县级,县级市,"县级政协,县级市政协",,泰安市,山东省,华东,
1500,泰安市肥城市政协,县级,县级市,县级,县级市,"县级政协,县级市政协",,泰安市,山东省,华东,
1501,威海市政协,地级,地级市,地级,地级市,"地级政协,地级市政协",,威海市,山东省,华东,
1502,威海市环翠区政协,县级,市辖区,县级,市辖区,"县级政协,市辖区政协,区政协",,威海市,山东省,华东,
1503,威海市文登区政协,县级,市辖区,县级,市辖区,"县级政协,市辖区政协,区政协",,威海市,山东省,华东,
1504,威海市威海火炬高技术产业开发区政协,县级,市辖区,县级,市辖区,"县级政协,市辖区政协,区政协",,威海市,山东省,华东,疑似功能区（含「开发区」），通常无独立政协委员会，请核实
1505,威海市威海经济技术开发区政协,县级,市辖区,县级,市辖区,"县级政协,市辖区政协,区政协",,威海市,山东省,华东,疑似功能区（含「开发区」），通常无独立政协委员会，请核实
1506,威海市威海临港经济技术开发区政协,县级,市辖区,县级,市辖区,"县级政协,市辖区政协,区政协",,威海市,山东省,华东,疑似功能区（含「开发区」），通常无独立政协委员会，请核实
1507,威海市荣成市政协,县级,县级市,县级,县级市,"县级政协,县级市政协",,威海市,山东省,华东,
1508,威海市乳山市政协,县级,县级市,县级,县级市,"县级政协,县级市政协",,威海市,山东省,华东,
1509,日照市政协,地级,地级市,地级,地级市,"地级政协,地级市政协",,日照市,山东省,华东,
1510,日照市东港区政协,县级,市辖区,县级,市辖区,"县级政协,市辖区政协,区政协",,日照市,山东省,华东,
1511,日照市岚山区政协,县级,市辖区,县级,市辖区,"县级政协,市辖区政协,区政协",,日照市,山东省,华东,
1512,日照市五莲县政协,县级,县,县级,县,"县级政协,县政协",,日照市,山东省,华东,
1513,日照市莒县政协,县级,县,县级,县,"县级政协,县政协",,日照市,山东省,华东,
1514,日照市日照经济技术开发区政协,县级,市辖区,县级,市辖区,"县级政协,市辖区政协,区政协",,日照市,山东省,华东,疑似功能区（含「开发区」），通常无独立政协委员会，请核实
1515,临沂市政协,地级,地级市,地级,地级市,"地级政协,地级市政协",,临沂市,山东省,华东,
1516,临沂市兰山区政协,县级,市辖区,县级,市辖区,"县级政协,市辖区政协,区政协",,临沂市,山东省,华东,
1517,临沂市罗庄区政协,县级,市辖区,县级,市辖区,"县级政协,市辖区政协,区政协",,临沂市,山东省,华东,
1518,临沂市河东区政协,县级,市辖区,县级,市辖区,"县级政协,市辖区政协,区政协",,临沂市,山东省,华东,
1519,临沂市沂南县政协,县级,县,县级,县,"县级政协,县政协",,临沂市,山东省,华东,
1520,临沂市郯城县政协,县级,县,县级,县,"县级政协,县政协",,临沂市,山东省,华东,
1521,临沂市沂水县政协,县级,县,县级,县,"县级政协,县政协",,临沂市,山东省,华东,
1522,临沂市兰陵县政协,县级,县,县级,县,"县级政协,县政协",,临沂市,山东省,华东,
1523,临沂市费县政协,县级,县,县级,县,"县级政协,县政协",,临沂市,山东省,华东,
1524,临沂市平邑县政协,县级,县,县级,县,"县级政协,县政协",,临沂市,山东省,华东,
1525,临沂市莒南县政协,县级,县,县级,县,"县级政协,县政协",,临沂市,山东省,华东,
1526,临沂市蒙阴县政协,县级,县,县级,县,"县级政协,县政协",,临沂市,山东省,华东,
1527,临沂市临沭县政协,县级,县,县级,县,"县级政协,县政协",,临沂市,山东省,华东,
1528,临沂市临沂高新技术产业开发区政协,县级,市辖区,县级,市辖区,"县级政协,市辖区政协,区政协",,临沂市,山东省,华东,疑似功能区（含「开发区」），通常无独立政协委员会，请核实
1529,德州市政协,地级,地级市,地级,地级市,"地级政协,地级市政协",,德州市,山东省,华东,
1530,德州市德城区政协,县级,市辖区,县级,市辖区,"县级政协,市辖区政协,区政协",,德州市,山东省,华东,
1531,德州市陵城区政协,县级,市辖区,县级,市辖区,"县级政协,市辖区政协,区政协",,德州市,山东省,华东,
1532,德州市宁津县政协,县级,县,县级,县,"县级政协,县政协",,德州市,山东省,华东,
1533,德州市庆云县政协,县级,县,县级,县,"县级政协,县政协",,德州市,山东省,华东,
1534,德州市临邑县政协,县级,县,县级,县,"县级政协,县政协",,德州市,山东省,华东,
1535,德州市齐河县政协,县级,县,县级,县,"县级政协,县政协",,德州市,山东省,华东,
1536,德州市平原县政协,县级,县,县级,县,"县级政协,县政协",,德州市,山东省,华东,
1537,德州市夏津县政协,县级,县,县级,县,"县级政协,县政协",,德州市,山东省,华东,
1538,德州市武城县政协,县级,县,县级,县,"县级政协,县政协",,德州市,山东省,华东,
1539,德州市德州天衢新区政协,县级,市辖区,县级,市辖区,"县级政协,市辖区政协,区政协",,德州市,山东省,华东,疑似功能区（含「新区」），通常无独立政协委员会，请核实
1540,德州市乐陵市政协,县级,县级市,县级,县级市,"县级政协,县级市政协",,德州市,山东省,华东,
1541,德州市禹城市政协,县级,县级市,县级,县级市,"县级政协,县级市政协",,德州市,山东省,华东,
1542,聊城市政协,地级,地级市,地级,地级市,"地级政协,地级市政协",,聊城市,山东省,华东,
1543,聊城市东昌府区政协,县级,市辖区,县级,市辖区,"县级政协,市辖区政协,区政协",,聊城市,山东省,华东,
1544,聊城市茌平区政协,县级,市辖区,县级,市辖区,"县级政协,市辖区政协,区政协",,聊城市,山东省,华东,
1545,聊城市阳谷县政协,县级,县,县级,县,"县级政协,县政协",,聊城市,山东省,华东,
1546,聊城市莘县政协,县级,县,县级,县,"县级政协,县政协",,聊城市,山东省,华东,
1547,聊城市东阿县政协,县级,县,县级,县,"县级政协,县政协",,聊城市,山东省,华东,
1548,聊城市冠县政协,县级,县,县级,县,"县级政协,县政协",,聊城市,山东省,华东,
1549,聊城市高唐县政协,县级,县,县级,县,"县级政协,县政协",,聊城市,山东省,华东,
1550,聊城市临清市政协,县级,县级市,县级,县级市,"县级政协,县级市政协",,聊城市,山东省,华东,
1551,滨州市政协,地级,地级市,地级,地级市,"地级政协,地级市政协",,滨州市,山东省,华东,
1552,滨州市滨城区政协,县级,市辖区,县级,市辖区,"县级政协,市辖区政协,区政协",,滨州市,山东省,华东,
1553,滨州市沾化区政协,县级,市辖区,县级,市辖区,"县级政协,市辖区政协,区政协",,滨州市,山东省,华东,
1554,滨州市惠民县政协,县级,县,县级,县,"县级政协,县政协",,滨州市,山东省,华东,
1555,滨州市阳信县政协,县级,县,县级,县,"县级政协,县政协",,滨州市,山东省,华东,
1556,滨州市无棣县政协,县级,县,县级,县,"县级政协,县政协",,滨州市,山东省,华东,
1557,滨州市博兴县政协,县级,县,县级,县,"县级政协,县政协",,滨州市,山东省,华东,
1558,滨州市邹平市政协,县级,县级市,县级,县级市,"县级政协,县级市政协",,滨州市,山东省,华东,
1559,菏泽市政协,地级,地级市,地级,地级市,"地级政协,地级市政协",,菏泽市,山东省,华东,
1560,菏泽市牡丹区政协,县级,市辖区,县级,市辖区,"县级政协,市辖区政协,区政协",,菏泽市,山东省,华东,
1561,菏泽市定陶区政协,县级,市辖区,县级,市辖区,"县级政协,市辖区政协,区政协",,菏泽市,山东省,华东,
1562,菏泽市曹县政协,县级,县,县级,县,"县级政协,县政协",,菏泽市,山东省,华东,
1563,菏泽市单县政协,县级,县,县级,县,"县级政协,县政协",,菏泽市,山东省,华东,
1564,菏泽市成武县政协,县级,县,县级,县,"县级政协,县政协",,菏泽市,山东省,华东,
1565,菏泽市巨野县政协,县级,县,县级,县,"县级政协,县政协",,菏泽市,山东省,华东,
1566,菏泽市郓城县政协,县级,县,县级,县,"县级政协,县政协",,菏泽市,山东省,华东,
1567,菏泽市鄄城县政协,县级,县,县级,县,"县级政协,县政协",,菏泽市,山东省,华东,
1568,菏泽市东明县政协,县级,县,县级,县,"县级政协,县政协",,菏泽市,山东省,华东,
1569,菏泽市菏泽经济技术开发区政协,县级,市辖区,县级,市辖区,"县级政协,市辖区政协,区政协",,菏泽市,山东省,华东,疑似功能区（含「开发区」），通常无独立政协委员会，请核实
1570,菏泽市菏泽高新技术开发区政协,县级,市辖区,县级,市辖区,"县级政协,市辖区政协,区政协",,菏泽市,山东省,华东,疑似功能区（含「开发区」），通常无独立政协委员会，请核实
1571,河南省政协,省级,省,省级,省,"省级政协,省政协",,,河南省,华中,
1572,郑州市政协,地级,地级市,地级,地级市,"地级政协,地级市政协",,郑州市,河南省,华中,
1573,郑州市中原区政协,县级,市辖区,县级,市辖区,"县级政协,市辖区政协,区政协",,郑州市,河南省,华中,
1574,郑州市二七区政协,县级,市辖区,县级,市辖区,"县级政协,市辖区政协,区政协",,郑州市,河南省,华中,
1575,郑州市管城回族区政协,县级,市辖区,县级,市辖区,"县级政协,市辖区政协,区政协",,郑州市,河南省,华中,
1576,郑州市金水区政协,县级,市辖区,县级,市辖区,"县级政协,市辖区政协,区政协",,郑州市,河南省,华中,
1577,郑州市上街区政协,县级,市辖区,县级,市辖区,"县级政协,市辖区政协,区政协",,郑州市,河南省,华中,
1578,郑州市惠济区政协,县级,市辖区,县级,市辖区,"县级政协,市辖区政协,区政协",,郑州市,河南省,华中,
1579,郑州市中牟县政协,县级,县,县级,县,"县级政协,县政协",,郑州市,河南省,华中,
1580,郑州市郑州经济技术开发区政协,县级,市辖区,县级,市辖区,"县级政协,市辖区政协,区政协",,郑州市,河南省,华中,疑似功能区（含「开发区」），通常无独立政协委员会，请核实
1581,郑州市郑州高新技术产业开发区政协,县级,市辖区,县级,市辖区,"县级政协,市辖区政协,区政协",,郑州市,河南省,华中,疑似功能区（含「开发区」），通常无独立政协委员会，请核实
1582,郑州市郑州航空港经济综合实验区政协,县级,市辖区,县级,市辖区,"县级政协,市辖区政协,区政协",,郑州市,河南省,华中,
1583,郑州市巩义市政协,县级,县级市,县级,县级市,"县级政协,县级市政协",,郑州市,河南省,华中,
1584,郑州市荥阳市政协,县级,县级市,县级,县级市,"县级政协,县级市政协",,郑州市,河南省,华中,
1585,郑州市新密市政协,县级,县级市,县级,县级市,"县级政协,县级市政协",,郑州市,河南省,华中,
1586,郑州市新郑市政协,县级,县级市,县级,县级市,"县级政协,县级市政协",,郑州市,河南省,华中,
1587,郑州市登封市政协,县级,县级市,县级,县级市,"县级政协,县级市政协",,郑州市,河南省,华中,
1588,开封市政协,地级,地级市,地级,地级市,"地级政协,地级市政协",,开封市,河南省,华中,
1589,开封市龙亭区政协,县级,市辖区,县级,市辖区,"县级政协,市辖区政协,区政协",,开封市,河南省,华中,
1590,开封市顺河回族区政协,县级,市辖区,县级,市辖区,"县级政协,市辖区政协,区政协",,开封市,河南省,华中,
1591,开封市鼓楼区政协,县级,市辖区,县级,市辖区,"县级政协,市辖区政协,区政协",,开封市,河南省,华中,
1592,开封市禹王台区政协,县级,市辖区,县级,市辖区,"县级政协,市辖区政协,区政协",,开封市,河南省,华中,
1593,开封市祥符区政协,县级,市辖区,县级,市辖区,"县级政协,市辖区政协,区政协",,开封市,河南省,华中,
1594,开封市杞县政协,县级,县,县级,县,"县级政协,县政协",,开封市,河南省,华中,
1595,开封市通许县政协,县级,县,县级,县,"县级政协,县政协",,开封市,河南省,华中,
1596,开封市尉氏县政协,县级,县,县级,县,"县级政协,县政协",,开封市,河南省,华中,
1597,开封市兰考县政协,县级,县,县级,县,"县级政协,县政协",,开封市,河南省,华中,
1598,洛阳市政协,地级,地级市,地级,地级市,"地级政协,地级市政协",,洛阳市,河南省,华中,
1599,洛阳市老城区政协,县级,市辖区,县级,市辖区,"县级政协,市辖区政协,区政协",,洛阳市,河南省,华中,
1600,洛阳市西工区政协,县级,市辖区,县级,市辖区,"县级政协,市辖区政协,区政协",,洛阳市,河南省,华中,
1601,洛阳市瀍河回族区政协,县级,市辖区,县级,市辖区,"县级政协,市辖区政协,区政协",,洛阳市,河南省,华中,
1602,洛阳市涧西区政协,县级,市辖区,县级,市辖区,"县级政协,市辖区政协,区政协",,洛阳市,河南省,华中,
1603,洛阳市偃师区政协,县级,市辖区,县级,市辖区,"县级政协,市辖区政协,区政协",,洛阳市,河南省,华中,
1604,洛阳市孟津区政协,县级,市辖区,县级,市辖区,"县级政协,市辖区政协,区政协",,洛阳市,河南省,华中,
1605,洛阳市洛龙区政协,县级,市辖区,县级,市辖区,"县级政协,市辖区政协,区政协",,洛阳市,河南省,华中,
1606,洛阳市新安县政协,县级,县,县级,县,"县级政协,县政协",,洛阳市,河南省,华中,
1607,洛阳市栾川县政协,县级,县,县级,县,"县级政协,县政协",,洛阳市,河南省,华中,
1608,洛阳市嵩县政协,县级,县,县级,县,"县级政协,县政协",,洛阳市,河南省,华中,
1609,洛阳市汝阳县政协,县级,县,县级,县,"县级政协,县政协",,洛阳市,河南省,华中,
1610,洛阳市宜阳县政协,县级,县,县级,县,"县级政协,县政协",,洛阳市,河南省,华中,
1611,洛阳市洛宁县政协,县级,县,县级,县,"县级政协,县政协",,洛阳市,河南省,华中,
1612,洛阳市伊川县政协,县级,县,县级,县,"县级政协,县政协",,洛阳市,河南省,华中,
1613,洛阳市洛阳高新技术产业开发区政协,县级,市辖区,县级,市辖区,"县级政协,市辖区政协,区政协",,洛阳市,河南省,华中,疑似功能区（含「开发区」），通常无独立政协委员会，请核实
1614,平顶山市政协,地级,地级市,地级,地级市,"地级政协,地级市政协",,平顶山市,河南省,华中,
1615,平顶山市新华区政协,县级,市辖区,县级,市辖区,"县级政协,市辖区政协,区政协",,平顶山市,河南省,华中,
1616,平顶山市卫东区政协,县级,市辖区,县级,市辖区,"县级政协,市辖区政协,区政协",,平顶山市,河南省,华中,
1617,平顶山市石龙区政协,县级,市辖区,县级,市辖区,"县级政协,市辖区政协,区政协",,平顶山市,河南省,华中,
1618,平顶山市湛河区政协,县级,市辖区,县级,市辖区,"县级政协,市辖区政协,区政协",,平顶山市,河南省,华中,
1619,平顶山市宝丰县政协,县级,县,县级,县,"县级政协,县政协",,平顶山市,河南省,华中,
1620,平顶山市叶县政协,县级,县,县级,县,"县级政协,县政协",,平顶山市,河南省,华中,
1621,平顶山市鲁山县政协,县级,县,县级,县,"县级政协,县政协",,平顶山市,河南省,华中,
1622,平顶山市郏县政协,县级,县,县级,县,"县级政协,县政协",,平顶山市,河南省,华中,
1623,平顶山市平顶山高新技术产业开发区政协,县级,市辖区,县级,市辖区,"县级政协,市辖区政协,区政协",,平顶山市,河南省,华中,疑似功能区（含「开发区」），通常无独立政协委员会，请核实
1624,平顶山市平顶山市城乡一体化示范区政协,县级,市辖区,县级,市辖区,"县级政协,市辖区政协,区政协",,平顶山市,河南省,华中,疑似功能区（含「示范区」），通常无独立政协委员会，请核实
1625,平顶山市舞钢市政协,县级,县级市,县级,县级市,"县级政协,县级市政协",,平顶山市,河南省,华中,
1626,平顶山市汝州市政协,县级,县级市,县级,县级市,"县级政协,县级市政协",,平顶山市,河南省,华中,
1627,安阳市政协,地级,地级市,地级,地级市,"地级政协,地级市政协",,安阳市,河南省,华中,
1628,安阳市文峰区政协,县级,市辖区,县级,市辖区,"县级政协,市辖区政协,区政协",,安阳市,河南省,华中,
1629,安阳市北关区政协,县级,市辖区,县级,市辖区,"县级政协,市辖区政协,区政协",,安阳市,河南省,华中,
1630,安阳市殷都区政协,县级,市辖区,县级,市辖区,"县级政协,市辖区政协,区政协",,安阳市,河南省,华中,
1631,安阳市龙安区政协,县级,市辖区,县级,市辖区,"县级政协,市辖区政协,区政协",,安阳市,河南省,华中,
1632,安阳市安阳县政协,县级,县,县级,县,"县级政协,县政协",,安阳市,河南省,华中,
1633,安阳市汤阴县政协,县级,县,县级,县,"县级政协,县政协",,安阳市,河南省,华中,
1634,安阳市滑县政协,县级,县,县级,县,"县级政协,县政协",,安阳市,河南省,华中,
1635,安阳市内黄县政协,县级,县,县级,县,"县级政协,县政协",,安阳市,河南省,华中,
1636,安阳市安阳高新技术产业开发区政协,县级,市辖区,县级,市辖区,"县级政协,市辖区政协,区政协",,安阳市,河南省,华中,疑似功能区（含「开发区」），通常无独立政协委员会，请核实
1637,安阳市林州市政协,县级,县级市,县级,县级市,"县级政协,县级市政协",,安阳市,河南省,华中,
1638,鹤壁市政协,地级,地级市,地级,地级市,"地级政协,地级市政协",,鹤壁市,河南省,华中,
1639,鹤壁市鹤山区政协,县级,市辖区,县级,市辖区,"县级政协,市辖区政协,区政协",,鹤壁市,河南省,华中,
1640,鹤壁市山城区政协,县级,市辖区,县级,市辖区,"县级政协,市辖区政协,区政协",,鹤壁市,河南省,华中,
1641,鹤壁市淇滨区政协,县级,市辖区,县级,市辖区,"县级政协,市辖区政协,区政协",,鹤壁市,河南省,华中,
1642,鹤壁市浚县政协,县级,县,县级,县,"县级政协,县政协",,鹤壁市,河南省,华中,
1643,鹤壁市淇县政协,县级,县,县级,县,"县级政协,县政协",,鹤壁市,河南省,华中,
1644,鹤壁市鹤壁经济技术开发区政协,县级,市辖区,县级,市辖区,"县级政协,市辖区政协,区政协",,鹤壁市,河南省,华中,疑似功能区（含「开发区」），通常无独立政协委员会，请核实
1645,新乡市政协,地级,地级市,地级,地级市,"地级政协,地级市政协",,新乡市,河南省,华中,
1646,新乡市红旗区政协,县级,市辖区,县级,市辖区,"县级政协,市辖区政协,区政协",,新乡市,河南省,华中,
1647,新乡市卫滨区政协,县级,市辖区,县级,市辖区,"县级政协,市辖区政协,区政协",,新乡市,河南省,华中,
1648,新乡市凤泉区政协,县级,市辖区,县级,市辖区,"县级政协,市辖区政协,区政协",,新乡市,河南省,华中,
1649,新乡市牧野区政协,县级,市辖区,县级,市辖区,"县级政协,市辖区政协,区政协",,新乡市,河南省,华中,
1650,新乡市新乡县政协,县级,县,县级,县,"县级政协,县政协",,新乡市,河南省,华中,
1651,新乡市获嘉县政协,县级,县,县级,县,"县级政协,县政协",,新乡市,河南省,华中,
1652,新乡市原阳县政协,县级,县,县级,县,"县级政协,县政协",,新乡市,河南省,华中,
1653,新乡市延津县政协,县级,县,县级,县,"县级政协,县政协",,新乡市,河南省,华中,
1654,新乡市封丘县政协,县级,县,县级,县,"县级政协,县政协",,新乡市,河南省,华中,
1655,新乡市新乡高新技术产业开发区政协,县级,市辖区,县级,市辖区,"县级政协,市辖区政协,区政协",,新乡市,河南省,华中,疑似功能区（含「开发区」），通常无独立政协委员会，请核实
1656,新乡市新乡经济技术开发区政协,县级,市辖区,县级,市辖区,"县级政协,市辖区政协,区政协",,新乡市,河南省,华中,疑似功能区（含「开发区」），通常无独立政协委员会，请核实
1657,新乡市新乡市平原城乡一体化示范区政协,县级,市辖区,县级,市辖区,"县级政协,市辖区政协,区政协",,新乡市,河南省,华中,疑似功能区（含「示范区」），通常无独立政协委员会，请核实
1658,新乡市卫辉市政协,县级,县级市,县级,县级市,"县级政协,县级市政协",,新乡市,河南省,华中,
1659,新乡市辉县市政协,县级,县级市,县级,县级市,"县级政协,县级市政协",,新乡市,河南省,华中,
1660,新乡市长垣市政协,县级,县级市,县级,县级市,"县级政协,县级市政协",,新乡市,河南省,华中,
1661,焦作市政协,地级,地级市,地级,地级市,"地级政协,地级市政协",,焦作市,河南省,华中,
1662,焦作市解放区政协,县级,市辖区,县级,市辖区,"县级政协,市辖区政协,区政协",,焦作市,河南省,华中,
1663,焦作市中站区政协,县级,市辖区,县级,市辖区,"县级政协,市辖区政协,区政协",,焦作市,河南省,华中,
1664,焦作市马村区政协,县级,市辖区,县级,市辖区,"县级政协,市辖区政协,区政协",,焦作市,河南省,华中,
1665,焦作市山阳区政协,县级,市辖区,县级,市辖区,"县级政协,市辖区政协,区政协",,焦作市,河南省,华中,
1666,焦作市修武县政协,县级,县,县级,县,"县级政协,县政协",,焦作市,河南省,华中,
1667,焦作市博爱县政协,县级,县,县级,县,"县级政协,县政协",,焦作市,河南省,华中,
1668,焦作市武陟县政协,县级,县,县级,县,"县级政协,县政协",,焦作市,河南省,华中,
1669,焦作市温县政协,县级,县,县级,县,"县级政协,县政协",,焦作市,河南省,华中,
1670,焦作市焦作城乡一体化示范区政协,县级,市辖区,县级,市辖区,"县级政协,市辖区政协,区政协",,焦作市,河南省,华中,疑似功能区（含「示范区」），通常无独立政协委员会，请核实
1671,焦作市沁阳市政协,县级,县级市,县级,县级市,"县级政协,县级市政协",,焦作市,河南省,华中,
1672,焦作市孟州市政协,县级,县级市,县级,县级市,"县级政协,县级市政协",,焦作市,河南省,华中,
1673,濮阳市政协,地级,地级市,地级,地级市,"地级政协,地级市政协",,濮阳市,河南省,华中,
1674,濮阳市华龙区政协,县级,市辖区,县级,市辖区,"县级政协,市辖区政协,区政协",,濮阳市,河南省,华中,
1675,濮阳市清丰县政协,县级,县,县级,县,"县级政协,县政协",,濮阳市,河南省,华中,
1676,濮阳市南乐县政协,县级,县,县级,县,"县级政协,县政协",,濮阳市,河南省,华中,
1677,濮阳市范县政协,县级,县,县级,县,"县级政协,县政协",,濮阳市,河南省,华中,
1678,濮阳市台前县政协,县级,县,县级,县,"县级政协,县政协",,濮阳市,河南省,华中,
1679,濮阳市濮阳县政协,县级,县,县级,县,"县级政协,县政协",,濮阳市,河南省,华中,
1680,濮阳市河南濮阳工业园区政协,县级,市辖区,县级,市辖区,"县级政协,市辖区政协,区政协",,濮阳市,河南省,华中,疑似功能区（含「工业园区」），通常无独立政协委员会，请核实
1681,濮阳市濮阳经济技术开发区政协,县级,市辖区,县级,市辖区,"县级政协,市辖区政协,区政协",,濮阳市,河南省,华中,疑似功能区（含「开发区」），通常无独立政协委员会，请核实
1682,许昌市政协,地级,地级市,地级,地级市,"地级政协,地级市政协",,许昌市,河南省,华中,
1683,许昌市魏都区政协,县级,市辖区,县级,市辖区,"县级政协,市辖区政协,区政协",,许昌市,河南省,华中,
1684,许昌市建安区政协,县级,市辖区,县级,市辖区,"县级政协,市辖区政协,区政协",,许昌市,河南省,华中,
1685,许昌市鄢陵县政协,县级,县,县级,县,"县级政协,县政协",,许昌市,河南省,华中,
1686,许昌市襄城县政协,县级,县,县级,县,"县级政协,县政协",,许昌市,河南省,华中,
1687,许昌市许昌经济技术开发区政协,县级,市辖区,县级,市辖区,"县级政协,市辖区政协,区政协",,许昌市,河南省,华中,疑似功能区（含「开发区」），通常无独立政协委员会，请核实
1688,许昌市禹州市政协,县级,县级市,县级,县级市,"县级政协,县级市政协",,许昌市,河南省,华中,
1689,许昌市长葛市政协,县级,县级市,县级,县级市,"县级政协,县级市政协",,许昌市,河南省,华中,
1690,漯河市政协,地级,地级市,地级,地级市,"地级政协,地级市政协",,漯河市,河南省,华中,
1691,漯河市源汇区政协,县级,市辖区,县级,市辖区,"县级政协,市辖区政协,区政协",,漯河市,河南省,华中,
1692,漯河市郾城区政协,县级,市辖区,县级,市辖区,"县级政协,市辖区政协,区政协",,漯河市,河南省,华中,
1693,漯河市召陵区政协,县级,市辖区,县级,市辖区,"县级政协,市辖区政协,区政协",,漯河市,河南省,华中,
1694,漯河市舞阳县政协,县级,县,县级,县,"县级政协,县政协",,漯河市,河南省,华中,
1695,漯河市临颍县政协,县级,县,县级,县,"县级政协,县政协",,漯河市,河南省,华中,
1696,漯河市漯河经济技术开发区政协,县级,市辖区,县级,市辖区,"县级政协,市辖区政协,区政协",,漯河市,河南省,华中,疑似功能区（含「开发区」），通常无独立政协委员会，请核实
1697,三门峡市政协,地级,地级市,地级,地级市,"地级政协,地级市政协",,三门峡市,河南省,华中,
1698,三门峡市湖滨区政协,县级,市辖区,县级,市辖区,"县级政协,市辖区政协,区政协",,三门峡市,河南省,华中,
1699,三门峡市陕州区政协,县级,市辖区,县级,市辖区,"县级政协,市辖区政协,区政协",,三门峡市,河南省,华中,
1700,三门峡市渑池县政协,县级,县,县级,县,"县级政协,县政协",,三门峡市,河南省,华中,
1701,三门峡市卢氏县政协,县级,县,县级,县,"县级政协,县政协",,三门峡市,河南省,华中,
1702,三门峡市河南三门峡经济开发区政协,县级,市辖区,县级,市辖区,"县级政协,市辖区政协,区政协",,三门峡市,河南省,华中,疑似功能区（含「开发区」），通常无独立政协委员会，请核实
1703,三门峡市义马市政协,县级,县级市,县级,县级市,"县级政协,县级市政协",,三门峡市,河南省,华中,
1704,三门峡市灵宝市政协,县级,县级市,县级,县级市,"县级政协,县级市政协",,三门峡市,河南省,华中,
1705,南阳市政协,地级,地级市,地级,地级市,"地级政协,地级市政协",,南阳市,河南省,华中,
1706,南阳市宛城区政协,县级,市辖区,县级,市辖区,"县级政协,市辖区政协,区政协",,南阳市,河南省,华中,
1707,南阳市卧龙区政协,县级,市辖区,县级,市辖区,"县级政协,市辖区政协,区政协",,南阳市,河南省,华中,
1708,南阳市南召县政协,县级,县,县级,县,"县级政协,县政协",,南阳市,河南省,华中,
1709,南阳市方城县政协,县级,县,县级,县,"县级政协,县政协",,南阳市,河南省,华中,
1710,南阳市西峡县政协,县级,县,县级,县,"县级政协,县政协",,南阳市,河南省,华中,
1711,南阳市镇平县政协,县级,县,县级,县,"县级政协,县政协",,南阳市,河南省,华中,
1712,南阳市内乡县政协,县级,县,县级,县,"县级政协,县政协",,南阳市,河南省,华中,
1713,南阳市淅川县政协,县级,县,县级,县,"县级政协,县政协",,南阳市,河南省,华中,
1714,南阳市社旗县政协,县级,县,县级,县,"县级政协,县政协",,南阳市,河南省,华中,
1715,南阳市唐河县政协,县级,县,县级,县,"县级政协,县政协",,南阳市,河南省,华中,
1716,南阳市新野县政协,县级,县,县级,县,"县级政协,县政协",,南阳市,河南省,华中,
1717,南阳市桐柏县政协,县级,县,县级,县,"县级政协,县政协",,南阳市,河南省,华中,
1718,南阳市南阳高新技术产业开发区政协,县级,市辖区,县级,市辖区,"县级政协,市辖区政协,区政协",,南阳市,河南省,华中,疑似功能区（含「开发区」），通常无独立政协委员会，请核实
1719,南阳市南阳市城乡一体化示范区政协,县级,市辖区,县级,市辖区,"县级政协,市辖区政协,区政协",,南阳市,河南省,华中,疑似功能区（含「示范区」），通常无独立政协委员会，请核实
1720,南阳市邓州市政协,县级,县级市,县级,县级市,"县级政协,县级市政协",,南阳市,河南省,华中,
1721,商丘市政协,地级,地级市,地级,地级市,"地级政协,地级市政协",,商丘市,河南省,华中,
1722,商丘市梁园区政协,县级,市辖区,县级,市辖区,"县级政协,市辖区政协,区政协",,商丘市,河南省,华中,
1723,商丘市睢阳区政协,县级,市辖区,县级,市辖区,"县级政协,市辖区政协,区政协",,商丘市,河南省,华中,
1724,商丘市民权县政协,县级,县,县级,县,"县级政协,县政协",,商丘市,河南省,华中,
1725,商丘市睢县政协,县级,县,县级,县,"县级政协,县政协",,商丘市,河南省,华中,
1726,商丘市宁陵县政协,县级,县,县级,县,"县级政协,县政协",,商丘市,河南省,华中,
1727,商丘市柘城县政协,县级,县,县级,县,"县级政协,县政协",,商丘市,河南省,华中,
1728,商丘市虞城县政协,县级,县,县级,县,"县级政协,县政协",,商丘市,河南省,华中,
1729,商丘市夏邑县政协,县级,县,县级,县,"县级政协,县政协",,商丘市,河南省,华中,
1730,商丘市豫东综合物流产业聚集区政协,县级,市辖区,县级,市辖区,"县级政协,市辖区政协,区政协",,商丘市,河南省,华中,
1731,商丘市河南商丘经济开发区政协,县级,市辖区,县级,市辖区,"县级政协,市辖区政协,区政协",,商丘市,河南省,华中,疑似功能区（含「开发区」），通常无独立政协委员会，请核实
1732,商丘市永城市政协,县级,县级市,县级,县级市,"县级政协,县级市政协",,商丘市,河南省,华中,
1733,信阳市政协,地级,地级市,地级,地级市,"地级政协,地级市政协",,信阳市,河南省,华中,
1734,信阳市浉河区政协,县级,市辖区,县级,市辖区,"县级政协,市辖区政协,区政协",,信阳市,河南省,华中,
1735,信阳市平桥区政协,县级,市辖区,县级,市辖区,"县级政协,市辖区政协,区政协",,信阳市,河南省,华中,
1736,信阳市罗山县政协,县级,县,县级,县,"县级政协,县政协",,信阳市,河南省,华中,
1737,信阳市光山县政协,县级,县,县级,县,"县级政协,县政协",,信阳市,河南省,华中,
1738,信阳市新县政协,县级,县,县级,县,"县级政协,县政协",,信阳市,河南省,华中,
1739,信阳市商城县政协,县级,县,县级,县,"县级政协,县政协",,信阳市,河南省,华中,
1740,信阳市固始县政协,县级,县,县级,县,"县级政协,县政协",,信阳市,河南省,华中,
1741,信阳市潢川县政协,县级,县,县级,县,"县级政协,县政协",,信阳市,河南省,华中,
1742,信阳市淮滨县政协,县级,县,县级,县,"县级政协,县政协",,信阳市,河南省,华中,
1743,信阳市息县政协,县级,县,县级,县,"县级政协,县政协",,信阳市,河南省,华中,
1744,信阳市信阳高新技术产业开发区政协,县级,市辖区,县级,市辖区,"县级政协,市辖区政协,区政协",,信阳市,河南省,华中,疑似功能区（含「开发区」），通常无独立政协委员会，请核实
1745,周口市政协,地级,地级市,地级,地级市,"地级政协,地级市政协",,周口市,河南省,华中,
1746,周口市川汇区政协,县级,市辖区,县级,市辖区,"县级政协,市辖区政协,区政协",,周口市,河南省,华中,
1747,周口市淮阳区政协,县级,市辖区,县级,市辖区,"县级政协,市辖区政协,区政协",,周口市,河南省,华中,
1748,周口市扶沟县政协,县级,县,县级,县,"县级政协,县政协",,周口市,河南省,华中,
1749,周口市西华县政协,县级,县,县级,县,"县级政协,县政协",,周口市,河南省,华中,
1750,周口市商水县政协,县级,县,县级,县,"县级政协,县政协",,周口市,河南省,华中,
1751,周口市沈丘县政协,县级,县,县级,县,"县级政协,县政协",,周口市,河南省,华中,
1752,周口市郸城县政协,县级,县,县级,县,"县级政协,县政协",,周口市,河南省,华中,
1753,周口市太康县政协,县级,县,县级,县,"县级政协,县政协",,周口市,河南省,华中,
1754,周口市鹿邑县政协,县级,县,县级,县,"县级政协,县政协",,周口市,河南省,华中,
1755,周口市周口临港开发区政协,县级,市辖区,县级,市辖区,"县级政协,市辖区政协,区政协",,周口市,河南省,华中,疑似功能区（含「开发区」），通常无独立政协委员会，请核实
1756,周口市项城市政协,县级,县级市,县级,县级市,"县级政协,县级市政协",,周口市,河南省,华中,
1757,驻马店市政协,地级,地级市,地级,地级市,"地级政协,地级市政协",,驻马店市,河南省,华中,
1758,驻马店市驿城区政协,县级,市辖区,县级,市辖区,"县级政协,市辖区政协,区政协",,驻马店市,河南省,华中,
1759,驻马店市西平县政协,县级,县,县级,县,"县级政协,县政协",,驻马店市,河南省,华中,
1760,驻马店市上蔡县政协,县级,县,县级,县,"县级政协,县政协",,驻马店市,河南省,华中,
1761,驻马店市平舆县政协,县级,县,县级,县,"县级政协,县政协",,驻马店市,河南省,华中,
1762,驻马店市正阳县政协,县级,县,县级,县,"县级政协,县政协",,驻马店市,河南省,华中,
1763,驻马店市确山县政协,县级,县,县级,县,"县级政协,县政协",,驻马店市,河南省,华中,
1764,驻马店市泌阳县政协,县级,县,县级,县,"县级政协,县政协",,驻马店市,河南省,华中,
1765,驻马店市汝南县政协,县级,县,县级,县,"县级政协,县政协",,驻马店市,河南省,华中,
1766,驻马店市遂平县政协,县级,县,县级,县,"县级政协,县政协",,驻马店市,河南省,华中,
1767,驻马店市新蔡县政协,县级,县,县级,县,"县级政协,县政协",,驻马店市,河南省,华中,
1768,驻马店市河南驻马店经济开发区政协,县级,市辖区,县级,市辖区,"县级政协,市辖区政协,区政协",,驻马店市,河南省,华中,疑似功能区（含「开发区」），通常无独立政协委员会，请核实
1769,河南省济源市政协,县级,县级市,县级,县级市,"县级政协,县级市政协",,河南省,河南省,华中,
1770,湖北省政协,省级,省,省级,省,"省级政协,省政协",,,湖北省,华中,
1771,武汉市政协,副省级,地级市,副省级,地级市,"副省级政协,地级市政协",省会城市、省会城市政协,武汉市,湖北省,华中,
1772,武汉市江岸区政协,县级,市辖区,县级,市辖区,"县级政协,市辖区政协,区政协",,武汉市,湖北省,华中,
1773,武汉市江汉区政协,县级,市辖区,县级,市辖区,"县级政协,市辖区政协,区政协",,武汉市,湖北省,华中,
1774,武汉市硚口区政协,县级,市辖区,县级,市辖区,"县级政协,市辖区政协,区政协",,武汉市,湖北省,华中,
1775,武汉市汉阳区政协,县级,市辖区,县级,市辖区,"县级政协,市辖区政协,区政协",,武汉市,湖北省,华中,
1776,武汉市武昌区政协,县级,市辖区,县级,市辖区,"县级政协,市辖区政协,区政协",,武汉市,湖北省,华中,
1777,武汉市青山区政协,县级,市辖区,县级,市辖区,"县级政协,市辖区政协,区政协",,武汉市,湖北省,华中,
1778,武汉市洪山区政协,县级,市辖区,县级,市辖区,"县级政协,市辖区政协,区政协",,武汉市,湖北省,华中,
1779,武汉市东西湖区政协,县级,市辖区,县级,市辖区,"县级政协,市辖区政协,区政协",,武汉市,湖北省,华中,
1780,武汉市汉南区政协,县级,市辖区,县级,市辖区,"县级政协,市辖区政协,区政协",,武汉市,湖北省,华中,
1781,武汉市蔡甸区政协,县级,市辖区,县级,市辖区,"县级政协,市辖区政协,区政协",,武汉市,湖北省,华中,
1782,武汉市江夏区政协,县级,市辖区,县级,市辖区,"县级政协,市辖区政协,区政协",,武汉市,湖北省,华中,
1783,武汉市黄陂区政协,县级,市辖区,县级,市辖区,"县级政协,市辖区政协,区政协",,武汉市,湖北省,华中,
1784,武汉市新洲区政协,县级,市辖区,县级,市辖区,"县级政协,市辖区政协,区政协",,武汉市,湖北省,华中,
1785,黄石市政协,地级,地级市,地级,地级市,"地级政协,地级市政协",,黄石市,湖北省,华中,
1786,黄石市黄石港区政协,县级,市辖区,县级,市辖区,"县级政协,市辖区政协,区政协",,黄石市,湖北省,华中,
1787,黄石市西塞山区政协,县级,市辖区,县级,市辖区,"县级政协,市辖区政协,区政协",,黄石市,湖北省,华中,
1788,黄石市下陆区政协,县级,市辖区,县级,市辖区,"县级政协,市辖区政协,区政协",,黄石市,湖北省,华中,
1789,黄石市铁山区政协,县级,市辖区,县级,市辖区,"县级政协,市辖区政协,区政协",,黄石市,湖北省,华中,
1790,黄石市阳新县政协,县级,县,县级,县,"县级政协,县政协",,黄石市,湖北省,华中,
1791,黄石市大冶市政协,县级,县级市,县级,县级市,"县级政协,县级市政协",,黄石市,湖北省,华中,
1792,十堰市政协,地级,地级市,地级,地级市,"地级政协,地级市政协",,十堰市,湖北省,华中,
1793,十堰市茅箭区政协,县级,市辖区,县级,市辖区,"县级政协,市辖区政协,区政协",,十堰市,湖北省,华中,
1794,十堰市张湾区政协,县级,市辖区,县级,市辖区,"县级政协,市辖区政协,区政协",,十堰市,湖北省,华中,
1795,十堰市郧阳区政协,县级,市辖区,县级,市辖区,"县级政协,市辖区政协,区政协",,十堰市,湖北省,华中,
1796,十堰市郧西县政协,县级,县,县级,县,"县级政协,县政协",,十堰市,湖北省,华中,
1797,十堰市竹山县政协,县级,县,县级,县,"县级政协,县政协",,十堰市,湖北省,华中,
1798,十堰市竹溪县政协,县级,县,县级,县,"县级政协,县政协",,十堰市,湖北省,华中,
1799,十堰市房县政协,县级,县,县级,县,"县级政协,县政协",,十堰市,湖北省,华中,
1800,十堰市丹江口市政协,县级,县级市,县级,县级市,"县级政协,县级市政协",,十堰市,湖北省,华中,
1801,宜昌市政协,地级,地级市,地级,地级市,"地级政协,地级市政协",,宜昌市,湖北省,华中,
1802,宜昌市西陵区政协,县级,市辖区,县级,市辖区,"县级政协,市辖区政协,区政协",,宜昌市,湖北省,华中,
1803,宜昌市伍家岗区政协,县级,市辖区,县级,市辖区,"县级政协,市辖区政协,区政协",,宜昌市,湖北省,华中,
1804,宜昌市点军区政协,县级,市辖区,县级,市辖区,"县级政协,市辖区政协,区政协",,宜昌市,湖北省,华中,
1805,宜昌市猇亭区政协,县级,市辖区,县级,市辖区,"县级政协,市辖区政协,区政协",,宜昌市,湖北省,华中,
1806,宜昌市夷陵区政协,县级,市辖区,县级,市辖区,"县级政协,市辖区政协,区政协",,宜昌市,湖北省,华中,
1807,宜昌市远安县政协,县级,县,县级,县,"县级政协,县政协",,宜昌市,湖北省,华中,
1808,宜昌市兴山县政协,县级,县,县级,县,"县级政协,县政协",,宜昌市,湖北省,华中,
1809,宜昌市秭归县政协,县级,县,县级,县,"县级政协,县政协",,宜昌市,湖北省,华中,
1810,宜昌市长阳土家族自治县政协,县级,自治县,县级,自治县,"县级政协,自治县政协",,宜昌市,湖北省,华中,
1811,宜昌市五峰土家族自治县政协,县级,自治县,县级,自治县,"县级政协,自治县政协",,宜昌市,湖北省,华中,
1812,宜昌市宜都市政协,县级,县级市,县级,县级市,"县级政协,县级市政协",,宜昌市,湖北省,华中,
1813,宜昌市当阳市政协,县级,县级市,县级,县级市,"县级政协,县级市政协",,宜昌市,湖北省,华中,
1814,宜昌市枝江市政协,县级,县级市,县级,县级市,"县级政协,县级市政协",,宜昌市,湖北省,华中,
1815,襄阳市政协,地级,地级市,地级,地级市,"地级政协,地级市政协",,襄阳市,湖北省,华中,
1816,襄阳市襄城区政协,县级,市辖区,县级,市辖区,"县级政协,市辖区政协,区政协",,襄阳市,湖北省,华中,
1817,襄阳市樊城区政协,县级,市辖区,县级,市辖区,"县级政协,市辖区政协,区政协",,襄阳市,湖北省,华中,
1818,襄阳市襄州区政协,县级,市辖区,县级,市辖区,"县级政协,市辖区政协,区政协",,襄阳市,湖北省,华中,
1819,襄阳市南漳县政协,县级,县,县级,县,"县级政协,县政协",,襄阳市,湖北省,华中,
1820,襄阳市谷城县政协,县级,县,县级,县,"县级政协,县政协",,襄阳市,湖北省,华中,
1821,襄阳市保康县政协,县级,县,县级,县,"县级政协,县政协",,襄阳市,湖北省,华中,
1822,襄阳市老河口市政协,县级,县级市,县级,县级市,"县级政协,县级市政协",,襄阳市,湖北省,华中,
1823,襄阳市枣阳市政协,县级,县级市,县级,县级市,"县级政协,县级市政协",,襄阳市,湖北省,华中,
1824,襄阳市宜城市政协,县级,县级市,县级,县级市,"县级政协,县级市政协",,襄阳市,湖北省,华中,
1825,鄂州市政协,地级,地级市,地级,地级市,"地级政协,地级市政协",,鄂州市,湖北省,华中,
1826,鄂州市梁子湖区政协,县级,市辖区,县级,市辖区,"县级政协,市辖区政协,区政协",,鄂州市,湖北省,华中,
1827,鄂州市华容区政协,县级,市辖区,县级,市辖区,"县级政协,市辖区政协,区政协",,鄂州市,湖北省,华中,
1828,鄂州市鄂城区政协,县级,市辖区,县级,市辖区,"县级政协,市辖区政协,区政协",,鄂州市,湖北省,华中,
1829,荆门市政协,地级,地级市,地级,地级市,"地级政协,地级市政协",,荆门市,湖北省,华中,
1830,荆门市东宝区政协,县级,市辖区,县级,市辖区,"县级政协,市辖区政协,区政协",,荆门市,湖北省,华中,
1831,荆门市掇刀区政协,县级,市辖区,县级,市辖区,"县级政协,市辖区政协,区政协",,荆门市,湖北省,华中,
1832,荆门市沙洋县政协,县级,县,县级,县,"县级政协,县政协",,荆门市,湖北省,华中,
1833,荆门市钟祥市政协,县级,县级市,县级,县级市,"县级政协,县级市政协",,荆门市,湖北省,华中,
1834,荆门市京山市政协,县级,县级市,县级,县级市,"县级政协,县级市政协",,荆门市,湖北省,华中,
1835,孝感市政协,地级,地级市,地级,地级市,"地级政协,地级市政协",,孝感市,湖北省,华中,
1836,孝感市孝南区政协,县级,市辖区,县级,市辖区,"县级政协,市辖区政协,区政协",,孝感市,湖北省,华中,
1837,孝感市孝昌县政协,县级,县,县级,县,"县级政协,县政协",,孝感市,湖北省,华中,
1838,孝感市大悟县政协,县级,县,县级,县,"县级政协,县政协",,孝感市,湖北省,华中,
1839,孝感市云梦县政协,县级,县,县级,县,"县级政协,县政协",,孝感市,湖北省,华中,
1840,孝感市应城市政协,县级,县级市,县级,县级市,"县级政协,县级市政协",,孝感市,湖北省,华中,
1841,孝感市安陆市政协,县级,县级市,县级,县级市,"县级政协,县级市政协",,孝感市,湖北省,华中,
1842,孝感市汉川市政协,县级,县级市,县级,县级市,"县级政协,县级市政协",,孝感市,湖北省,华中,
1843,荆州市政协,地级,地级市,地级,地级市,"地级政协,地级市政协",,荆州市,湖北省,华中,
1844,荆州市沙市区政协,县级,市辖区,县级,市辖区,"县级政协,市辖区政协,区政协",,荆州市,湖北省,华中,
1845,荆州市荆州区政协,县级,市辖区,县级,市辖区,"县级政协,市辖区政协,区政协",,荆州市,湖北省,华中,
1846,荆州市公安县政协,县级,县,县级,县,"县级政协,县政协",,荆州市,湖北省,华中,
1847,荆州市江陵县政协,县级,县,县级,县,"县级政协,县政协",,荆州市,湖北省,华中,
1848,荆州市荆州经济技术开发区政协,县级,市辖区,县级,市辖区,"县级政协,市辖区政协,区政协",,荆州市,湖北省,华中,疑似功能区（含「开发区」），通常无独立政协委员会，请核实
1849,荆州市石首市政协,县级,县级市,县级,县级市,"县级政协,县级市政协",,荆州市,湖北省,华中,
1850,荆州市洪湖市政协,县级,县级市,县级,县级市,"县级政协,县级市政协",,荆州市,湖北省,华中,
1851,荆州市松滋市政协,县级,县级市,县级,县级市,"县级政协,县级市政协",,荆州市,湖北省,华中,
1852,荆州市监利市政协,县级,县级市,县级,县级市,"县级政协,县级市政协",,荆州市,湖北省,华中,
1853,黄冈市政协,地级,地级市,地级,地级市,"地级政协,地级市政协",,黄冈市,湖北省,华中,
1854,黄冈市黄州区政协,县级,市辖区,县级,市辖区,"县级政协,市辖区政协,区政协",,黄冈市,湖北省,华中,
1855,黄冈市团风县政协,县级,县,县级,县,"县级政协,县政协",,黄冈市,湖北省,华中,
1856,黄冈市红安县政协,县级,县,县级,县,"县级政协,县政协",,黄冈市,湖北省,华中,
1857,黄冈市罗田县政协,县级,县,县级,县,"县级政协,县政协",,黄冈市,湖北省,华中,
1858,黄冈市英山县政协,县级,县,县级,县,"县级政协,县政协",,黄冈市,湖北省,华中,
1859,黄冈市浠水县政协,县级,县,县级,县,"县级政协,县政协",,黄冈市,湖北省,华中,
1860,黄冈市蕲春县政协,县级,县,县级,县,"县级政协,县政协",,黄冈市,湖北省,华中,
1861,黄冈市黄梅县政协,县级,县,县级,县,"县级政协,县政协",,黄冈市,湖北省,华中,
1862,黄冈市龙感湖管理区政协,县级,市辖区,县级,市辖区,"县级政协,市辖区政协,区政协",,黄冈市,湖北省,华中,疑似功能区（含「管理区」），通常无独立政协委员会，请核实
1863,黄冈市麻城市政协,县级,县级市,县级,县级市,"县级政协,县级市政协",,黄冈市,湖北省,华中,
1864,黄冈市武穴市政协,县级,县级市,县级,县级市,"县级政协,县级市政协",,黄冈市,湖北省,华中,
1865,咸宁市政协,地级,地级市,地级,地级市,"地级政协,地级市政协",,咸宁市,湖北省,华中,
1866,咸宁市咸安区政协,县级,市辖区,县级,市辖区,"县级政协,市辖区政协,区政协",,咸宁市,湖北省,华中,
1867,咸宁市嘉鱼县政协,县级,县,县级,县,"县级政协,县政协",,咸宁市,湖北省,华中,
1868,咸宁市通城县政协,县级,县,县级,县,"县级政协,县政协",,咸宁市,湖北省,华中,
1869,咸宁市崇阳县政协,县级,县,县级,县,"县级政协,县政协",,咸宁市,湖北省,华中,
1870,咸宁市通山县政协,县级,县,县级,县,"县级政协,县政协",,咸宁市,湖北省,华中,
1871,咸宁市赤壁市政协,县级,县级市,县级,县级市,"县级政协,县级市政协",,咸宁市,湖北省,华中,
1872,随州市政协,地级,地级市,地级,地级市,"地级政协,地级市政协",,随州市,湖北省,华中,
1873,随州市曾都区政协,县级,市辖区,县级,市辖区,"县级政协,市辖区政协,区政协",,随州市,湖北省,华中,
1874,随州市随县政协,县级,县,县级,县,"县级政协,县政协",,随州市,湖北省,华中,
1875,随州市广水市政协,县级,县级市,县级,县级市,"县级政协,县级市政协",,随州市,湖北省,华中,
1876,恩施土家族苗族自治州政协,地级,自治州,地级,自治州,"地级政协,自治州政协",,恩施土家族苗族自治州,湖北省,华中,
1877,恩施土家族苗族自治州恩施市政协,县级,县级市,县级,县级市,"县级政协,县级市政协",,恩施土家族苗族自治州,湖北省,华中,
1878,恩施土家族苗族自治州利川市政协,县级,县级市,县级,县级市,"县级政协,县级市政协",,恩施土家族苗族自治州,湖北省,华中,
1879,恩施土家族苗族自治州建始县政协,县级,县,县级,县,"县级政协,县政协",,恩施土家族苗族自治州,湖北省,华中,
1880,恩施土家族苗族自治州巴东县政协,县级,县,县级,县,"县级政协,县政协",,恩施土家族苗族自治州,湖北省,华中,
1881,恩施土家族苗族自治州宣恩县政协,县级,县,县级,县,"县级政协,县政协",,恩施土家族苗族自治州,湖北省,华中,
1882,恩施土家族苗族自治州咸丰县政协,县级,县,县级,县,"县级政协,县政协",,恩施土家族苗族自治州,湖北省,华中,
1883,恩施土家族苗族自治州来凤县政协,县级,县,县级,县,"县级政协,县政协",,恩施土家族苗族自治州,湖北省,华中,
1884,恩施土家族苗族自治州鹤峰县政协,县级,县,县级,县,"县级政协,县政协",,恩施土家族苗族自治州,湖北省,华中,
1885,湖北省仙桃市政协,县级,县级市,县级,县级市,"县级政协,县级市政协",,湖北省,湖北省,华中,
1886,湖北省潜江市政协,县级,县级市,县级,县级市,"县级政协,县级市政协",,湖北省,湖北省,华中,
1887,湖北省天门市政协,县级,县级市,县级,县级市,"县级政协,县级市政协",,湖北省,湖北省,华中,
1888,湖北省神农架林区政协,县级,林区,县级,林区,"县级政协,林区政协",,湖北省,湖北省,华中,
1889,湖南省政协,省级,省,省级,省,"省级政协,省政协",,,湖南省,华中,
1890,长沙市政协,地级,地级市,地级,地级市,"地级政协,地级市政协",,长沙市,湖南省,华中,
1891,长沙市芙蓉区政协,县级,市辖区,县级,市辖区,"县级政协,市辖区政协,区政协",,长沙市,湖南省,华中,
1892,长沙市天心区政协,县级,市辖区,县级,市辖区,"县级政协,市辖区政协,区政协",,长沙市,湖南省,华中,
1893,长沙市岳麓区政协,县级,市辖区,县级,市辖区,"县级政协,市辖区政协,区政协",,长沙市,湖南省,华中,
1894,长沙市开福区政协,县级,市辖区,县级,市辖区,"县级政协,市辖区政协,区政协",,长沙市,湖南省,华中,
1895,长沙市雨花区政协,县级,市辖区,县级,市辖区,"县级政协,市辖区政协,区政协",,长沙市,湖南省,华中,
1896,长沙市望城区政协,县级,市辖区,县级,市辖区,"县级政协,市辖区政协,区政协",,长沙市,湖南省,华中,
1897,长沙市长沙县政协,县级,县,县级,县,"县级政协,县政协",,长沙市,湖南省,华中,
1898,长沙市浏阳市政协,县级,县级市,县级,县级市,"县级政协,县级市政协",,长沙市,湖南省,华中,
1899,长沙市宁乡市政协,县级,县级市,县级,县级市,"县级政协,县级市政协",,长沙市,湖南省,华中,
1900,株洲市政协,地级,地级市,地级,地级市,"地级政协,地级市政协",,株洲市,湖南省,华中,
1901,株洲市荷塘区政协,县级,市辖区,县级,市辖区,"县级政协,市辖区政协,区政协",,株洲市,湖南省,华中,
1902,株洲市芦淞区政协,县级,市辖区,县级,市辖区,"县级政协,市辖区政协,区政协",,株洲市,湖南省,华中,
1903,株洲市石峰区政协,县级,市辖区,县级,市辖区,"县级政协,市辖区政协,区政协",,株洲市,湖南省,华中,
1904,株洲市天元区政协,县级,市辖区,县级,市辖区,"县级政协,市辖区政协,区政协",,株洲市,湖南省,华中,
1905,株洲市渌口区政协,县级,市辖区,县级,市辖区,"县级政协,市辖区政协,区政协",,株洲市,湖南省,华中,
1906,株洲市攸县政协,县级,县,县级,县,"县级政协,县政协",,株洲市,湖南省,华中,
1907,株洲市茶陵县政协,县级,县,县级,县,"县级政协,县政协",,株洲市,湖南省,华中,
1908,株洲市炎陵县政协,县级,县,县级,县,"县级政协,县政协",,株洲市,湖南省,华中,
1909,株洲市醴陵市政协,县级,县级市,县级,县级市,"县级政协,县级市政协",,株洲市,湖南省,华中,
1910,湘潭市政协,地级,地级市,地级,地级市,"地级政协,地级市政协",,湘潭市,湖南省,华中,
1911,湘潭市雨湖区政协,县级,市辖区,县级,市辖区,"县级政协,市辖区政协,区政协",,湘潭市,湖南省,华中,
1912,湘潭市岳塘区政协,县级,市辖区,县级,市辖区,"县级政协,市辖区政协,区政协",,湘潭市,湖南省,华中,
1913,湘潭市湘潭县政协,县级,县,县级,县,"县级政协,县政协",,湘潭市,湖南省,华中,
1914,湘潭市湖南湘潭高新技术产业园区政协,县级,市辖区,县级,市辖区,"县级政协,市辖区政协,区政协",,湘潭市,湖南省,华中,疑似功能区（含「产业园区」），通常无独立政协委员会，请核实
1915,湘潭市湘潭昭山示范区政协,县级,市辖区,县级,市辖区,"县级政协,市辖区政协,区政协",,湘潭市,湖南省,华中,疑似功能区（含「示范区」），通常无独立政协委员会，请核实
1916,湘潭市湘潭九华示范区政协,县级,市辖区,县级,市辖区,"县级政协,市辖区政协,区政协",,湘潭市,湖南省,华中,疑似功能区（含「示范区」），通常无独立政协委员会，请核实
1917,湘潭市湘乡市政协,县级,县级市,县级,县级市,"县级政协,县级市政协",,湘潭市,湖南省,华中,
1918,湘潭市韶山市政协,县级,县级市,县级,县级市,"县级政协,县级市政协",,湘潭市,湖南省,华中,
1919,衡阳市政协,地级,地级市,地级,地级市,"地级政协,地级市政协",,衡阳市,湖南省,华中,
1920,衡阳市珠晖区政协,县级,市辖区,县级,市辖区,"县级政协,市辖区政协,区政协",,衡阳市,湖南省,华中,
1921,衡阳市雁峰区政协,县级,市辖区,县级,市辖区,"县级政协,市辖区政协,区政协",,衡阳市,湖南省,华中,
1922,衡阳市石鼓区政协,县级,市辖区,县级,市辖区,"县级政协,市辖区政协,区政协",,衡阳市,湖南省,华中,
1923,衡阳市蒸湘区政协,县级,市辖区,县级,市辖区,"县级政协,市辖区政协,区政协",,衡阳市,湖南省,华中,
1924,衡阳市南岳区政协,县级,市辖区,县级,市辖区,"县级政协,市辖区政协,区政协",,衡阳市,湖南省,华中,
1925,衡阳市衡阳县政协,县级,县,县级,县,"县级政协,县政协",,衡阳市,湖南省,华中,
1926,衡阳市衡南县政协,县级,县,县级,县,"县级政协,县政协",,衡阳市,湖南省,华中,
1927,衡阳市衡山县政协,县级,县,县级,县,"县级政协,县政协",,衡阳市,湖南省,华中,
1928,衡阳市衡东县政协,县级,县,县级,县,"县级政协,县政协",,衡阳市,湖南省,华中,
1929,衡阳市祁东县政协,县级,县,县级,县,"县级政协,县政协",,衡阳市,湖南省,华中,
1930,衡阳市湖南衡阳松木经济开发区政协,县级,市辖区,县级,市辖区,"县级政协,市辖区政协,区政协",,衡阳市,湖南省,华中,疑似功能区（含「开发区」），通常无独立政协委员会，请核实
1931,衡阳市湖南衡阳高新技术产业园区政协,县级,市辖区,县级,市辖区,"县级政协,市辖区政协,区政协",,衡阳市,湖南省,华中,疑似功能区（含「产业园区」），通常无独立政协委员会，请核实
1932,衡阳市耒阳市政协,县级,县级市,县级,县级市,"县级政协,县级市政协",,衡阳市,湖南省,华中,
1933,衡阳市常宁市政协,县级,县级市,县级,县级市,"县级政协,县级市政协",,衡阳市,湖南省,华中,
1934,邵阳市政协,地级,地级市,地级,地级市,"地级政协,地级市政协",,邵阳市,湖南省,华中,
1935,邵阳市双清区政协,县级,市辖区,县级,市辖区,"县级政协,市辖区政协,区政协",,邵阳市,湖南省,华中,
1936,邵阳市大祥区政协,县级,市辖区,县级,市辖区,"县级政协,市辖区政协,区政协",,邵阳市,湖南省,华中,
1937,邵阳市北塔区政协,县级,市辖区,县级,市辖区,"县级政协,市辖区政协,区政协",,邵阳市,湖南省,华中,
1938,邵阳市新邵县政协,县级,县,县级,县,"县级政协,县政协",,邵阳市,湖南省,华中,
1939,邵阳市邵阳县政协,县级,县,县级,县,"县级政协,县政协",,邵阳市,湖南省,华中,
1940,邵阳市隆回县政协,县级,县,县级,县,"县级政协,县政协",,邵阳市,湖南省,华中,
1941,邵阳市洞口县政协,县级,县,县级,县,"县级政协,县政协",,邵阳市,湖南省,华中,
1942,邵阳市绥宁县政协,县级,县,县级,县,"县级政协,县政协",,邵阳市,湖南省,华中,
1943,邵阳市新宁县政协,县级,县,县级,县,"县级政协,县政协",,邵阳市,湖南省,华中,
1944,邵阳市城步苗族自治县政协,县级,自治县,县级,自治县,"县级政协,自治县政协",,邵阳市,湖南省,华中,
1945,邵阳市武冈市政协,县级,县级市,县级,县级市,"县级政协,县级市政协",,邵阳市,湖南省,华中,
1946,邵阳市邵东市政协,县级,县级市,县级,县级市,"县级政协,县级市政协",,邵阳市,湖南省,华中,
1947,岳阳市政协,地级,地级市,地级,地级市,"地级政协,地级市政协",,岳阳市,湖南省,华中,
1948,岳阳市岳阳楼区政协,县级,市辖区,县级,市辖区,"县级政协,市辖区政协,区政协",,岳阳市,湖南省,华中,
1949,岳阳市云溪区政协,县级,市辖区,县级,市辖区,"县级政协,市辖区政协,区政协",,岳阳市,湖南省,华中,
1950,岳阳市君山区政协,县级,市辖区,县级,市辖区,"县级政协,市辖区政协,区政协",,岳阳市,湖南省,华中,
1951,岳阳市岳阳县政协,县级,县,县级,县,"县级政协,县政协",,岳阳市,湖南省,华中,
1952,岳阳市华容县政协,县级,县,县级,县,"县级政协,县政协",,岳阳市,湖南省,华中,
1953,岳阳市湘阴县政协,县级,县,县级,县,"县级政协,县政协",,岳阳市,湖南省,华中,
1954,岳阳市平江县政协,县级,县,县级,县,"县级政协,县政协",,岳阳市,湖南省,华中,
1955,岳阳市岳阳市屈原管理区政协,县级,市辖区,县级,市辖区,"县级政协,市辖区政协,区政协",,岳阳市,湖南省,华中,疑似功能区（含「管理区」），通常无独立政协委员会，请核实
1956,岳阳市汨罗市政协,县级,县级市,县级,县级市,"县级政协,县级市政协",,岳阳市,湖南省,华中,
1957,岳阳市临湘市政协,县级,县级市,县级,县级市,"县级政协,县级市政协",,岳阳市,湖南省,华中,
1958,常德市政协,地级,地级市,地级,地级市,"地级政协,地级市政协",,常德市,湖南省,华中,
1959,常德市武陵区政协,县级,市辖区,县级,市辖区,"县级政协,市辖区政协,区政协",,常德市,湖南省,华中,
1960,常德市鼎城区政协,县级,市辖区,县级,市辖区,"县级政协,市辖区政协,区政协",,常德市,湖南省,华中,
1961,常德市安乡县政协,县级,县,县级,县,"县级政协,县政协",,常德市,湖南省,华中,
1962,常德市汉寿县政协,县级,县,县级,县,"县级政协,县政协",,常德市,湖南省,华中,
1963,常德市澧县政协,县级,县,县级,县,"县级政协,县政协",,常德市,湖南省,华中,
1964,常德市临澧县政协,县级,县,县级,县,"县级政协,县政协",,常德市,湖南省,华中,
1965,常德市桃源县政协,县级,县,县级,县,"县级政协,县政协",,常德市,湖南省,华中,
1966,常德市石门县政协,县级,县,县级,县,"县级政协,县政协",,常德市,湖南省,华中,
1967,常德市常德市西洞庭管理区政协,县级,市辖区,县级,市辖区,"县级政协,市辖区政协,区政协",,常德市,湖南省,华中,疑似功能区（含「管理区」），通常无独立政协委员会，请核实
1968,常德市津市市政协,县级,县级市,县级,县级市,"县级政协,县级市政协",,常德市,湖南省,华中,
1969,张家界市政协,地级,地级市,地级,地级市,"地级政协,地级市政协",,张家界市,湖南省,华中,
1970,张家界市永定区政协,县级,市辖区,县级,市辖区,"县级政协,市辖区政协,区政协",,张家界市,湖南省,华中,
1971,张家界市武陵源区政协,县级,市辖区,县级,市辖区,"县级政协,市辖区政协,区政协",,张家界市,湖南省,华中,
1972,张家界市慈利县政协,县级,县,县级,县,"县级政协,县政协",,张家界市,湖南省,华中,
1973,张家界市桑植县政协,县级,县,县级,县,"县级政协,县政协",,张家界市,湖南省,华中,
1974,益阳市政协,地级,地级市,地级,地级市,"地级政协,地级市政协",,益阳市,湖南省,华中,
1975,益阳市资阳区政协,县级,市辖区,县级,市辖区,"县级政协,市辖区政协,区政协",,益阳市,湖南省,华中,
1976,益阳市赫山区政协,县级,市辖区,县级,市辖区,"县级政协,市辖区政协,区政协",,益阳市,湖南省,华中,
1977,益阳市南县政协,县级,县,县级,县,"县级政协,县政协",,益阳市,湖南省,华中,
1978,益阳市桃江县政协,县级,县,县级,县,"县级政协,县政协",,益阳市,湖南省,华中,
1979,益阳市安化县政协,县级,县,县级,县,"县级政协,县政协",,益阳市,湖南省,华中,
1980,益阳市益阳市大通湖管理区政协,县级,市辖区,县级,市辖区,"县级政协,市辖区政协,区政协",,益阳市,湖南省,华中,疑似功能区（含「管理区」），通常无独立政协委员会，请核实
1981,益阳市湖南益阳高新技术产业园区政协,县级,市辖区,县级,市辖区,"县级政协,市辖区政协,区政协",,益阳市,湖南省,华中,疑似功能区（含「产业园区」），通常无独立政协委员会，请核实
1982,益阳市沅江市政协,县级,县级市,县级,县级市,"县级政协,县级市政协",,益阳市,湖南省,华中,
1983,郴州市政协,地级,地级市,地级,地级市,"地级政协,地级市政协",,郴州市,湖南省,华中,
1984,郴州市北湖区政协,县级,市辖区,县级,市辖区,"县级政协,市辖区政协,区政协",,郴州市,湖南省,华中,
1985,郴州市苏仙区政协,县级,市辖区,县级,市辖区,"县级政协,市辖区政协,区政协",,郴州市,湖南省,华中,
1986,郴州市桂阳县政协,县级,县,县级,县,"县级政协,县政协",,郴州市,湖南省,华中,
1987,郴州市宜章县政协,县级,县,县级,县,"县级政协,县政协",,郴州市,湖南省,华中,
1988,郴州市永兴县政协,县级,县,县级,县,"县级政协,县政协",,郴州市,湖南省,华中,
1989,郴州市嘉禾县政协,县级,县,县级,县,"县级政协,县政协",,郴州市,湖南省,华中,
1990,郴州市临武县政协,县级,县,县级,县,"县级政协,县政协",,郴州市,湖南省,华中,
1991,郴州市汝城县政协,县级,县,县级,县,"县级政协,县政协",,郴州市,湖南省,华中,
1992,郴州市桂东县政协,县级,县,县级,县,"县级政协,县政协",,郴州市,湖南省,华中,
1993,郴州市安仁县政协,县级,县,县级,县,"县级政协,县政协",,郴州市,湖南省,华中,
1994,郴州市资兴市政协,县级,县级市,县级,县级市,"县级政协,县级市政协",,郴州市,湖南省,华中,
1995,永州市政协,地级,地级市,地级,地级市,"地级政协,地级市政协",,永州市,湖南省,华中,
1996,永州市零陵区政协,县级,市辖区,县级,市辖区,"县级政协,市辖区政协,区政协",,永州市,湖南省,华中,
1997,永州市冷水滩区政协,县级,市辖区,县级,市辖区,"县级政协,市辖区政协,区政协",,永州市,湖南省,华中,
1998,永州市东安县政协,县级,县,县级,县,"县级政协,县政协",,永州市,湖南省,华中,
1999,永州市双牌县政协,县级,县,县级,县,"县级政协,县政协",,永州市,湖南省,华中,
2000,永州市道县政协,县级,县,县级,县,"县级政协,县政协",,永州市,湖南省,华中,
2001,永州市江永县政协,县级,县,县级,县,"县级政协,县政协",,永州市,湖南省,华中,
2002,永州市宁远县政协,县级,县,县级,县,"县级政协,县政协",,永州市,湖南省,华中,
2003,永州市蓝山县政协,县级,县,县级,县,"县级政协,县政协",,永州市,湖南省,华中,
2004,永州市新田县政协,县级,县,县级,县,"县级政协,县政协",,永州市,湖南省,华中,
2005,永州市江华瑶族自治县政协,县级,自治县,县级,自治县,"县级政协,自治县政协",,永州市,湖南省,华中,
2006,永州市永州经济技术开发区政协,县级,市辖区,县级,市辖区,"县级政协,市辖区政协,区政协",,永州市,湖南省,华中,疑似功能区（含「开发区」），通常无独立政协委员会，请核实
2007,永州市永州市回龙圩管理区政协,县级,市辖区,县级,市辖区,"县级政协,市辖区政协,区政协",,永州市,湖南省,华中,疑似功能区（含「管理区」），通常无独立政协委员会，请核实
2008,永州市祁阳市政协,县级,县级市,县级,县级市,"县级政协,县级市政协",,永州市,湖南省,华中,
2009,怀化市政协,地级,地级市,地级,地级市,"地级政协,地级市政协",,怀化市,湖南省,华中,
2010,怀化市鹤城区政协,县级,市辖区,县级,市辖区,"县级政协,市辖区政协,区政协",,怀化市,湖南省,华中,
2011,怀化市中方县政协,县级,县,县级,县,"县级政协,县政协",,怀化市,湖南省,华中,
2012,怀化市沅陵县政协,县级,县,县级,县,"县级政协,县政协",,怀化市,湖南省,华中,
2013,怀化市辰溪县政协,县级,县,县级,县,"县级政协,县政协",,怀化市,湖南省,华中,
2014,怀化市溆浦县政协,县级,县,县级,县,"县级政协,县政协",,怀化市,湖南省,华中,
2015,怀化市会同县政协,县级,县,县级,县,"县级政协,县政协",,怀化市,湖南省,华中,
2016,怀化市麻阳苗族自治县政协,县级,自治县,县级,自治县,"县级政协,自治县政协",,怀化市,湖南省,华中,
2017,怀化市新晃侗族自治县政协,县级,自治县,县级,自治县,"县级政协,自治县政协",,怀化市,湖南省,华中,
2018,怀化市芷江侗族自治县政协,县级,自治县,县级,自治县,"县级政协,自治县政协",,怀化市,湖南省,华中,
2019,怀化市靖州苗族侗族自治县政协,县级,自治县,县级,自治县,"县级政协,自治县政协",,怀化市,湖南省,华中,
2020,怀化市通道侗族自治县政协,县级,自治县,县级,自治县,"县级政协,自治县政协",,怀化市,湖南省,华中,
2021,怀化市怀化市洪江管理区政协,县级,市辖区,县级,市辖区,"县级政协,市辖区政协,区政协",,怀化市,湖南省,华中,疑似功能区（含「管理区」），通常无独立政协委员会，请核实
2022,怀化市洪江市政协,县级,县级市,县级,县级市,"县级政协,县级市政协",,怀化市,湖南省,华中,
2023,娄底市政协,地级,地级市,地级,地级市,"地级政协,地级市政协",,娄底市,湖南省,华中,
2024,娄底市娄星区政协,县级,市辖区,县级,市辖区,"县级政协,市辖区政协,区政协",,娄底市,湖南省,华中,
2025,娄底市双峰县政协,县级,县,县级,县,"县级政协,县政协",,娄底市,湖南省,华中,
2026,娄底市新化县政协,县级,县,县级,县,"县级政协,县政协",,娄底市,湖南省,华中,
2027,娄底市冷水江市政协,县级,县级市,县级,县级市,"县级政协,县级市政协",,娄底市,湖南省,华中,
2028,娄底市涟源市政协,县级,县级市,县级,县级市,"县级政协,县级市政协",,娄底市,湖南省,华中,
2029,湘西土家族苗族自治州政协,地级,自治州,地级,自治州,"地级政协,自治州政协",,湘西土家族苗族自治州,湖南省,华中,
2030,湘西土家族苗族自治州吉首市政协,县级,县级市,县级,县级市,"县级政协,县级市政协",,湘西土家族苗族自治州,湖南省,华中,
2031,湘西土家族苗族自治州泸溪县政协,县级,县,县级,县,"县级政协,县政协",,湘西土家族苗族自治州,湖南省,华中,
2032,湘西土家族苗族自治州凤凰县政协,县级,县,县级,县,"县级政协,县政协",,湘西土家族苗族自治州,湖南省,华中,
2033,湘西土家族苗族自治州花垣县政协,县级,县,县级,县,"县级政协,县政协",,湘西土家族苗族自治州,湖南省,华中,
2034,湘西土家族苗族自治州保靖县政协,县级,县,县级,县,"县级政协,县政协",,湘西土家族苗族自治州,湖南省,华中,
2035,湘西土家族苗族自治州古丈县政协,县级,县,县级,县,"县级政协,县政协",,湘西土家族苗族自治州,湖南省,华中,
2036,湘西土家族苗族自治州永顺县政协,县级,县,县级,县,"县级政协,县政协",,湘西土家族苗族自治州,湖南省,华中,
2037,湘西土家族苗族自治州龙山县政协,县级,县,县级,县,"县级政协,县政协",,湘西土家族苗族自治州,湖南省,华中,
2038,广东省政协,省级,省,省级,省,"省级政协,省政协",,,广东省,华南,
2039,广州市政协,副省级,地级市,副省级,地级市,"副省级政协,地级市政协",省会城市、省会城市政协,广州市,广东省,华南,
2040,广州市荔湾区政协,县级,市辖区,县级,市辖区,"县级政协,市辖区政协,区政协",,广州市,广东省,华南,
2041,广州市越秀区政协,县级,市辖区,县级,市辖区,"县级政协,市辖区政协,区政协",,广州市,广东省,华南,
2042,广州市海珠区政协,县级,市辖区,县级,市辖区,"县级政协,市辖区政协,区政协",,广州市,广东省,华南,
2043,广州市天河区政协,县级,市辖区,县级,市辖区,"县级政协,市辖区政协,区政协",,广州市,广东省,华南,
2044,广州市白云区政协,县级,市辖区,县级,市辖区,"县级政协,市辖区政协,区政协",,广州市,广东省,华南,
2045,广州市黄埔区政协,县级,市辖区,县级,市辖区,"县级政协,市辖区政协,区政协",,广州市,广东省,华南,
2046,广州市番禺区政协,县级,市辖区,县级,市辖区,"县级政协,市辖区政协,区政协",,广州市,广东省,华南,
2047,广州市花都区政协,县级,市辖区,县级,市辖区,"县级政协,市辖区政协,区政协",,广州市,广东省,华南,
2048,广州市南沙区政协,县级,市辖区,县级,市辖区,"县级政协,市辖区政协,区政协",,广州市,广东省,华南,
2049,广州市从化区政协,县级,市辖区,县级,市辖区,"县级政协,市辖区政协,区政协",,广州市,广东省,华南,
2050,广州市增城区政协,县级,市辖区,县级,市辖区,"县级政协,市辖区政协,区政协",,广州市,广东省,华南,
2051,韶关市政协,地级,地级市,地级,地级市,"地级政协,地级市政协",,韶关市,广东省,华南,
2052,韶关市武江区政协,县级,市辖区,县级,市辖区,"县级政协,市辖区政协,区政协",,韶关市,广东省,华南,
2053,韶关市浈江区政协,县级,市辖区,县级,市辖区,"县级政协,市辖区政协,区政协",,韶关市,广东省,华南,
2054,韶关市曲江区政协,县级,市辖区,县级,市辖区,"县级政协,市辖区政协,区政协",,韶关市,广东省,华南,
2055,韶关市始兴县政协,县级,县,县级,县,"县级政协,县政协",,韶关市,广东省,华南,
2056,韶关市仁化县政协,县级,县,县级,县,"县级政协,县政协",,韶关市,广东省,华南,
2057,韶关市翁源县政协,县级,县,县级,县,"县级政协,县政协",,韶关市,广东省,华南,
2058,韶关市乳源瑶族自治县政协,县级,自治县,县级,自治县,"县级政协,自治县政协",,韶关市,广东省,华南,
2059,韶关市新丰县政协,县级,县,县级,县,"县级政协,县政协",,韶关市,广东省,华南,
2060,韶关市乐昌市政协,县级,县级市,县级,县级市,"县级政协,县级市政协",,韶关市,广东省,华南,
2061,韶关市南雄市政协,县级,县级市,县级,县级市,"县级政协,县级市政协",,韶关市,广东省,华南,
2062,深圳市政协,副省级,地级市,副省级,地级市,"副省级政协,地级市政协",计划单列市、计划单列市政协,深圳市,广东省,华南,
2063,深圳市罗湖区政协,县级,市辖区,县级,市辖区,"县级政协,市辖区政协,区政协",,深圳市,广东省,华南,
2064,深圳市福田区政协,县级,市辖区,县级,市辖区,"县级政协,市辖区政协,区政协",,深圳市,广东省,华南,
2065,深圳市南山区政协,县级,市辖区,县级,市辖区,"县级政协,市辖区政协,区政协",,深圳市,广东省,华南,
2066,深圳市宝安区政协,县级,市辖区,县级,市辖区,"县级政协,市辖区政协,区政协",,深圳市,广东省,华南,
2067,深圳市龙岗区政协,县级,市辖区,县级,市辖区,"县级政协,市辖区政协,区政协",,深圳市,广东省,华南,
2068,深圳市盐田区政协,县级,市辖区,县级,市辖区,"县级政协,市辖区政协,区政协",,深圳市,广东省,华南,
2069,深圳市龙华区政协,县级,市辖区,县级,市辖区,"县级政协,市辖区政协,区政协",,深圳市,广东省,华南,
2070,深圳市坪山区政协,县级,市辖区,县级,市辖区,"县级政协,市辖区政协,区政协",,深圳市,广东省,华南,
2071,深圳市光明区政协,县级,市辖区,县级,市辖区,"县级政协,市辖区政协,区政协",,深圳市,广东省,华南,
2072,珠海市政协,地级,地级市,地级,地级市,"地级政协,地级市政协",,珠海市,广东省,华南,
2073,珠海市香洲区政协,县级,市辖区,县级,市辖区,"县级政协,市辖区政协,区政协",,珠海市,广东省,华南,
2074,珠海市斗门区政协,县级,市辖区,县级,市辖区,"县级政协,市辖区政协,区政协",,珠海市,广东省,华南,
2075,珠海市金湾区政协,县级,市辖区,县级,市辖区,"县级政协,市辖区政协,区政协",,珠海市,广东省,华南,
2076,汕头市政协,地级,地级市,地级,地级市,"地级政协,地级市政协",,汕头市,广东省,华南,
2077,汕头市龙湖区政协,县级,市辖区,县级,市辖区,"县级政协,市辖区政协,区政协",,汕头市,广东省,华南,
2078,汕头市金平区政协,县级,市辖区,县级,市辖区,"县级政协,市辖区政协,区政协",,汕头市,广东省,华南,
2079,汕头市濠江区政协,县级,市辖区,县级,市辖区,"县级政协,市辖区政协,区政协",,汕头市,广东省,华南,
2080,汕头市潮阳区政协,县级,市辖区,县级,市辖区,"县级政协,市辖区政协,区政协",,汕头市,广东省,华南,
2081,汕头市潮南区政协,县级,市辖区,县级,市辖区,"县级政协,市辖区政协,区政协",,汕头市,广东省,华南,
2082,汕头市澄海区政协,县级,市辖区,县级,市辖区,"县级政协,市辖区政协,区政协",,汕头市,广东省,华南,
2083,汕头市南澳县政协,县级,县,县级,县,"县级政协,县政协",,汕头市,广东省,华南,
2084,佛山市政协,地级,地级市,地级,地级市,"地级政协,地级市政协",,佛山市,广东省,华南,
2085,佛山市禅城区政协,县级,市辖区,县级,市辖区,"县级政协,市辖区政协,区政协",,佛山市,广东省,华南,
2086,佛山市南海区政协,县级,市辖区,县级,市辖区,"县级政协,市辖区政协,区政协",,佛山市,广东省,华南,
2087,佛山市顺德区政协,县级,市辖区,县级,市辖区,"县级政协,市辖区政协,区政协",,佛山市,广东省,华南,
2088,佛山市三水区政协,县级,市辖区,县级,市辖区,"县级政协,市辖区政协,区政协",,佛山市,广东省,华南,
2089,佛山市高明区政协,县级,市辖区,县级,市辖区,"县级政协,市辖区政协,区政协",,佛山市,广东省,华南,
2090,江门市政协,地级,地级市,地级,地级市,"地级政协,地级市政协",,江门市,广东省,华南,
2091,江门市蓬江区政协,县级,市辖区,县级,市辖区,"县级政协,市辖区政协,区政协",,江门市,广东省,华南,
2092,江门市江海区政协,县级,市辖区,县级,市辖区,"县级政协,市辖区政协,区政协",,江门市,广东省,华南,
2093,江门市新会区政协,县级,市辖区,县级,市辖区,"县级政协,市辖区政协,区政协",,江门市,广东省,华南,
2094,江门市台山市政协,县级,县级市,县级,县级市,"县级政协,县级市政协",,江门市,广东省,华南,
2095,江门市开平市政协,县级,县级市,县级,县级市,"县级政协,县级市政协",,江门市,广东省,华南,
2096,江门市鹤山市政协,县级,县级市,县级,县级市,"县级政协,县级市政协",,江门市,广东省,华南,
2097,江门市恩平市政协,县级,县级市,县级,县级市,"县级政协,县级市政协",,江门市,广东省,华南,
2098,湛江市政协,地级,地级市,地级,地级市,"地级政协,地级市政协",,湛江市,广东省,华南,
2099,湛江市赤坎区政协,县级,市辖区,县级,市辖区,"县级政协,市辖区政协,区政协",,湛江市,广东省,华南,
2100,湛江市霞山区政协,县级,市辖区,县级,市辖区,"县级政协,市辖区政协,区政协",,湛江市,广东省,华南,
2101,湛江市坡头区政协,县级,市辖区,县级,市辖区,"县级政协,市辖区政协,区政协",,湛江市,广东省,华南,
2102,湛江市麻章区政协,县级,市辖区,县级,市辖区,"县级政协,市辖区政协,区政协",,湛江市,广东省,华南,
2103,湛江市遂溪县政协,县级,县,县级,县,"县级政协,县政协",,湛江市,广东省,华南,
2104,湛江市徐闻县政协,县级,县,县级,县,"县级政协,县政协",,湛江市,广东省,华南,
2105,湛江市廉江市政协,县级,县级市,县级,县级市,"县级政协,县级市政协",,湛江市,广东省,华南,
2106,湛江市雷州市政协,县级,县级市,县级,县级市,"县级政协,县级市政协",,湛江市,广东省,华南,
2107,湛江市吴川市政协,县级,县级市,县级,县级市,"县级政协,县级市政协",,湛江市,广东省,华南,
2108,茂名市政协,地级,地级市,地级,地级市,"地级政协,地级市政协",,茂名市,广东省,华南,
2109,茂名市茂南区政协,县级,市辖区,县级,市辖区,"县级政协,市辖区政协,区政协",,茂名市,广东省,华南,
2110,茂名市电白区政协,县级,市辖区,县级,市辖区,"县级政协,市辖区政协,区政协",,茂名市,广东省,华南,
2111,茂名市高州市政协,县级,县级市,县级,县级市,"县级政协,县级市政协",,茂名市,广东省,华南,
2112,茂名市化州市政协,县级,县级市,县级,县级市,"县级政协,县级市政协",,茂名市,广东省,华南,
2113,茂名市信宜市政协,县级,县级市,县级,县级市,"县级政协,县级市政协",,茂名市,广东省,华南,
2114,肇庆市政协,地级,地级市,地级,地级市,"地级政协,地级市政协",,肇庆市,广东省,华南,
2115,肇庆市端州区政协,县级,市辖区,县级,市辖区,"县级政协,市辖区政协,区政协",,肇庆市,广东省,华南,
2116,肇庆市鼎湖区政协,县级,市辖区,县级,市辖区,"县级政协,市辖区政协,区政协",,肇庆市,广东省,华南,
2117,肇庆市高要区政协,县级,市辖区,县级,市辖区,"县级政协,市辖区政协,区政协",,肇庆市,广东省,华南,
2118,肇庆市广宁县政协,县级,县,县级,县,"县级政协,县政协",,肇庆市,广东省,华南,
2119,肇庆市怀集县政协,县级,县,县级,县,"县级政协,县政协",,肇庆市,广东省,华南,
2120,肇庆市封开县政协,县级,县,县级,县,"县级政协,县政协",,肇庆市,广东省,华南,
2121,肇庆市德庆县政协,县级,县,县级,县,"县级政协,县政协",,肇庆市,广东省,华南,
2122,肇庆市四会市政协,县级,县级市,县级,县级市,"县级政协,县级市政协",,肇庆市,广东省,华南,
2123,惠州市政协,地级,地级市,地级,地级市,"地级政协,地级市政协",,惠州市,广东省,华南,
2124,惠州市惠城区政协,县级,市辖区,县级,市辖区,"县级政协,市辖区政协,区政协",,惠州市,广东省,华南,
2125,惠州市惠阳区政协,县级,市辖区,县级,市辖区,"县级政协,市辖区政协,区政协",,惠州市,广东省,华南,
2126,惠州市博罗县政协,县级,县,县级,县,"县级政协,县政协",,惠州市,广东省,华南,
2127,惠州市惠东县政协,县级,县,县级,县,"县级政协,县政协",,惠州市,广东省,华南,
2128,惠州市龙门县政协,县级,县,县级,县,"县级政协,县政协",,惠州市,广东省,华南,
2129,梅州市政协,地级,地级市,地级,地级市,"地级政协,地级市政协",,梅州市,广东省,华南,
2130,梅州市梅江区政协,县级,市辖区,县级,市辖区,"县级政协,市辖区政协,区政协",,梅州市,广东省,华南,
2131,梅州市梅县区政协,县级,市辖区,县级,市辖区,"县级政协,市辖区政协,区政协",,梅州市,广东省,华南,
2132,梅州市大埔县政协,县级,县,县级,县,"县级政协,县政协",,梅州市,广东省,华南,
2133,梅州市丰顺县政协,县级,县,县级,县,"县级政协,县政协",,梅州市,广东省,华南,
2134,梅州市五华县政协,县级,县,县级,县,"县级政协,县政协",,梅州市,广东省,华南,
2135,梅州市平远县政协,县级,县,县级,县,"县级政协,县政协",,梅州市,广东省,华南,
2136,梅州市蕉岭县政协,县级,县,县级,县,"县级政协,县政协",,梅州市,广东省,华南,
2137,梅州市兴宁市政协,县级,县级市,县级,县级市,"县级政协,县级市政协",,梅州市,广东省,华南,
2138,汕尾市政协,地级,地级市,地级,地级市,"地级政协,地级市政协",,汕尾市,广东省,华南,
2139,汕尾市城区政协,县级,市辖区,县级,市辖区,"县级政协,市辖区政协,区政协",,汕尾市,广东省,华南,
2140,汕尾市海丰县政协,县级,县,县级,县,"县级政协,县政协",,汕尾市,广东省,华南,
2141,汕尾市陆河县政协,县级,县,县级,县,"县级政协,县政协",,汕尾市,广东省,华南,
2142,汕尾市陆丰市政协,县级,县级市,县级,县级市,"县级政协,县级市政协",,汕尾市,广东省,华南,
2143,河源市政协,地级,地级市,地级,地级市,"地级政协,地级市政协",,河源市,广东省,华南,
2144,河源市源城区政协,县级,市辖区,县级,市辖区,"县级政协,市辖区政协,区政协",,河源市,广东省,华南,
2145,河源市紫金县政协,县级,县,县级,县,"县级政协,县政协",,河源市,广东省,华南,
2146,河源市龙川县政协,县级,县,县级,县,"县级政协,县政协",,河源市,广东省,华南,
2147,河源市连平县政协,县级,县,县级,县,"县级政协,县政协",,河源市,广东省,华南,
2148,河源市和平县政协,县级,县,县级,县,"县级政协,县政协",,河源市,广东省,华南,
2149,河源市东源县政协,县级,县,县级,县,"县级政协,县政协",,河源市,广东省,华南,
2150,阳江市政协,地级,地级市,地级,地级市,"地级政协,地级市政协",,阳江市,广东省,华南,
2151,阳江市江城区政协,县级,市辖区,县级,市辖区,"县级政协,市辖区政协,区政协",,阳江市,广东省,华南,
2152,阳江市阳东区政协,县级,市辖区,县级,市辖区,"县级政协,市辖区政协,区政协",,阳江市,广东省,华南,
2153,阳江市阳西县政协,县级,县,县级,县,"县级政协,县政协",,阳江市,广东省,华南,
2154,阳江市阳春市政协,县级,县级市,县级,县级市,"县级政协,县级市政协",,阳江市,广东省,华南,
2155,清远市政协,地级,地级市,地级,地级市,"地级政协,地级市政协",,清远市,广东省,华南,
2156,清远市清城区政协,县级,市辖区,县级,市辖区,"县级政协,市辖区政协,区政协",,清远市,广东省,华南,
2157,清远市清新区政协,县级,市辖区,县级,市辖区,"县级政协,市辖区政协,区政协",,清远市,广东省,华南,
2158,清远市佛冈县政协,县级,县,县级,县,"县级政协,县政协",,清远市,广东省,华南,
2159,清远市阳山县政协,县级,县,县级,县,"县级政协,县政协",,清远市,广东省,华南,
2160,清远市连山壮族瑶族自治县政协,县级,自治县,县级,自治县,"县级政协,自治县政协",,清远市,广东省,华南,
2161,清远市连南瑶族自治县政协,县级,自治县,县级,自治县,"县级政协,自治县政协",,清远市,广东省,华南,
2162,清远市英德市政协,县级,县级市,县级,县级市,"县级政协,县级市政协",,清远市,广东省,华南,
2163,清远市连州市政协,县级,县级市,县级,县级市,"县级政协,县级市政协",,清远市,广东省,华南,
2164,东莞市政协,地级,地级市,地级,地级市,"地级政协,地级市政协",,东莞市,广东省,华南,
2165,东莞市东莞滨海湾新区政协,县级,市辖区,县级,市辖区,"县级政协,市辖区政协,区政协",,东莞市,广东省,华南,疑似功能区（含「新区」），通常无独立政协委员会，请核实
2166,中山市政协,地级,地级市,地级,地级市,"地级政协,地级市政协",,中山市,广东省,华南,
2167,潮州市政协,地级,地级市,地级,地级市,"地级政协,地级市政协",,潮州市,广东省,华南,
2168,潮州市湘桥区政协,县级,市辖区,县级,市辖区,"县级政协,市辖区政协,区政协",,潮州市,广东省,华南,
2169,潮州市潮安区政协,县级,市辖区,县级,市辖区,"县级政协,市辖区政协,区政协",,潮州市,广东省,华南,
2170,潮州市饶平县政协,县级,县,县级,县,"县级政协,县政协",,潮州市,广东省,华南,
2171,揭阳市政协,地级,地级市,地级,地级市,"地级政协,地级市政协",,揭阳市,广东省,华南,
2172,揭阳市榕城区政协,县级,市辖区,县级,市辖区,"县级政协,市辖区政协,区政协",,揭阳市,广东省,华南,
2173,揭阳市揭东区政协,县级,市辖区,县级,市辖区,"县级政协,市辖区政协,区政协",,揭阳市,广东省,华南,
2174,揭阳市揭西县政协,县级,县,县级,县,"县级政协,县政协",,揭阳市,广东省,华南,
2175,揭阳市惠来县政协,县级,县,县级,县,"县级政协,县政协",,揭阳市,广东省,华南,
2176,揭阳市普宁市政协,县级,县级市,县级,县级市,"县级政协,县级市政协",,揭阳市,广东省,华南,
2177,云浮市政协,地级,地级市,地级,地级市,"地级政协,地级市政协",,云浮市,广东省,华南,
2178,云浮市云城区政协,县级,市辖区,县级,市辖区,"县级政协,市辖区政协,区政协",,云浮市,广东省,华南,
2179,云浮市云安区政协,县级,市辖区,县级,市辖区,"县级政协,市辖区政协,区政协",,云浮市,广东省,华南,
2180,云浮市新兴县政协,县级,县,县级,县,"县级政协,县政协",,云浮市,广东省,华南,
2181,云浮市郁南县政协,县级,县,县级,县,"县级政协,县政协",,云浮市,广东省,华南,
2182,云浮市罗定市政协,县级,县级市,县级,县级市,"县级政协,县级市政协",,云浮市,广东省,华南,
2183,广西壮族自治区政协,省级,自治区,省级,自治区,"省级政协,自治区政协",民族自治区,,广西壮族自治区,华南,
2184,南宁市政协,地级,地级市,地级,地级市,"地级政协,地级市政协",,南宁市,广西壮族自治区,华南,
2185,南宁市兴宁区政协,县级,市辖区,县级,市辖区,"县级政协,市辖区政协,区政协",,南宁市,广西壮族自治区,华南,
2186,南宁市青秀区政协,县级,市辖区,县级,市辖区,"县级政协,市辖区政协,区政协",,南宁市,广西壮族自治区,华南,
2187,南宁市江南区政协,县级,市辖区,县级,市辖区,"县级政协,市辖区政协,区政协",,南宁市,广西壮族自治区,华南,
2188,南宁市西乡塘区政协,县级,市辖区,县级,市辖区,"县级政协,市辖区政协,区政协",,南宁市,广西壮族自治区,华南,
2189,南宁市良庆区政协,县级,市辖区,县级,市辖区,"县级政协,市辖区政协,区政协",,南宁市,广西壮族自治区,华南,
2190,南宁市邕宁区政协,县级,市辖区,县级,市辖区,"县级政协,市辖区政协,区政协",,南宁市,广西壮族自治区,华南,
2191,南宁市武鸣区政协,县级,市辖区,县级,市辖区,"县级政协,市辖区政协,区政协",,南宁市,广西壮族自治区,华南,
2192,南宁市隆安县政协,县级,县,县级,县,"县级政协,县政协",,南宁市,广西壮族自治区,华南,
2193,南宁市马山县政协,县级,县,县级,县,"县级政协,县政协",,南宁市,广西壮族自治区,华南,
2194,南宁市上林县政协,县级,县,县级,县,"县级政协,县政协",,南宁市,广西壮族自治区,华南,
2195,南宁市宾阳县政协,县级,县,县级,县,"县级政协,县政协",,南宁市,广西壮族自治区,华南,
2196,南宁市横州市政协,县级,县级市,县级,县级市,"县级政协,县级市政协",,南宁市,广西壮族自治区,华南,
2197,柳州市政协,地级,地级市,地级,地级市,"地级政协,地级市政协",,柳州市,广西壮族自治区,华南,
2198,柳州市城中区政协,县级,市辖区,县级,市辖区,"县级政协,市辖区政协,区政协",,柳州市,广西壮族自治区,华南,
2199,柳州市鱼峰区政协,县级,市辖区,县级,市辖区,"县级政协,市辖区政协,区政协",,柳州市,广西壮族自治区,华南,
2200,柳州市柳南区政协,县级,市辖区,县级,市辖区,"县级政协,市辖区政协,区政协",,柳州市,广西壮族自治区,华南,
2201,柳州市柳北区政协,县级,市辖区,县级,市辖区,"县级政协,市辖区政协,区政协",,柳州市,广西壮族自治区,华南,
2202,柳州市柳江区政协,县级,市辖区,县级,市辖区,"县级政协,市辖区政协,区政协",,柳州市,广西壮族自治区,华南,
2203,柳州市柳城县政协,县级,县,县级,县,"县级政协,县政协",,柳州市,广西壮族自治区,华南,
2204,柳州市鹿寨县政协,县级,县,县级,县,"县级政协,县政协",,柳州市,广西壮族自治区,华南,
2205,柳州市融安县政协,县级,县,县级,县,"县级政协,县政协",,柳州市,广西壮族自治区,华南,
2206,柳州市融水苗族自治县政协,县级,自治县,县级,自治县,"县级政协,自治县政协",,柳州市,广西壮族自治区,华南,
2207,柳州市三江侗族自治县政协,县级,自治县,县级,自治县,"县级政协,自治县政协",,柳州市,广西壮族自治区,华南,
2208,桂林市政协,地级,地级市,地级,地级市,"地级政协,地级市政协",,桂林市,广西壮族自治区,华南,
2209,桂林市秀峰区政协,县级,市辖区,县级,市辖区,"县级政协,市辖区政协,区政协",,桂林市,广西壮族自治区,华南,
2210,桂林市叠彩区政协,县级,市辖区,县级,市辖区,"县级政协,市辖区政协,区政协",,桂林市,广西壮族自治区,华南,
2211,桂林市象山区政协,县级,市辖区,县级,市辖区,"县级政协,市辖区政协,区政协",,桂林市,广西壮族自治区,华南,
2212,桂林市七星区政协,县级,市辖区,县级,市辖区,"县级政协,市辖区政协,区政协",,桂林市,广西壮族自治区,华南,
2213,桂林市雁山区政协,县级,市辖区,县级,市辖区,"县级政协,市辖区政协,区政协",,桂林市,广西壮族自治区,华南,
2214,桂林市临桂区政协,县级,市辖区,县级,市辖区,"县级政协,市辖区政协,区政协",,桂林市,广西壮族自治区,华南,
2215,桂林市阳朔县政协,县级,县,县级,县,"县级政协,县政协",,桂林市,广西壮族自治区,华南,
2216,桂林市灵川县政协,县级,县,县级,县,"县级政协,县政协",,桂林市,广西壮族自治区,华南,
2217,桂林市全州县政协,县级,县,县级,县,"县级政协,县政协",,桂林市,广西壮族自治区,华南,
2218,桂林市兴安县政协,县级,县,县级,县,"县级政协,县政协",,桂林市,广西壮族自治区,华南,
2219,桂林市永福县政协,县级,县,县级,县,"县级政协,县政协",,桂林市,广西壮族自治区,华南,
2220,桂林市灌阳县政协,县级,县,县级,县,"县级政协,县政协",,桂林市,广西壮族自治区,华南,
2221,桂林市龙胜各族自治县政协,县级,自治县,县级,自治县,"县级政协,自治县政协",,桂林市,广西壮族自治区,华南,
2222,桂林市资源县政协,县级,县,县级,县,"县级政协,县政协",,桂林市,广西壮族自治区,华南,
2223,桂林市平乐县政协,县级,县,县级,县,"县级政协,县政协",,桂林市,广西壮族自治区,华南,
2224,桂林市恭城瑶族自治县政协,县级,自治县,县级,自治县,"县级政协,自治县政协",,桂林市,广西壮族自治区,华南,
2225,桂林市荔浦市政协,县级,县级市,县级,县级市,"县级政协,县级市政协",,桂林市,广西壮族自治区,华南,
2226,梧州市政协,地级,地级市,地级,地级市,"地级政协,地级市政协",,梧州市,广西壮族自治区,华南,
2227,梧州市万秀区政协,县级,市辖区,县级,市辖区,"县级政协,市辖区政协,区政协",,梧州市,广西壮族自治区,华南,
2228,梧州市长洲区政协,县级,市辖区,县级,市辖区,"县级政协,市辖区政协,区政协",,梧州市,广西壮族自治区,华南,
2229,梧州市龙圩区政协,县级,市辖区,县级,市辖区,"县级政协,市辖区政协,区政协",,梧州市,广西壮族自治区,华南,
2230,梧州市苍梧县政协,县级,县,县级,县,"县级政协,县政协",,梧州市,广西壮族自治区,华南,
2231,梧州市藤县政协,县级,县,县级,县,"县级政协,县政协",,梧州市,广西壮族自治区,华南,
2232,梧州市蒙山县政协,县级,县,县级,县,"县级政协,县政协",,梧州市,广西壮族自治区,华南,
2233,梧州市岑溪市政协,县级,县级市,县级,县级市,"县级政协,县级市政协",,梧州市,广西壮族自治区,华南,
2234,北海市政协,地级,地级市,地级,地级市,"地级政协,地级市政协",,北海市,广西壮族自治区,华南,
2235,北海市海城区政协,县级,市辖区,县级,市辖区,"县级政协,市辖区政协,区政协",,北海市,广西壮族自治区,华南,
2236,北海市银海区政协,县级,市辖区,县级,市辖区,"县级政协,市辖区政协,区政协",,北海市,广西壮族自治区,华南,
2237,北海市铁山港区政协,县级,市辖区,县级,市辖区,"县级政协,市辖区政协,区政协",,北海市,广西壮族自治区,华南,
2238,北海市合浦县政协,县级,县,县级,县,"县级政协,县政协",,北海市,广西壮族自治区,华南,
2239,防城港市政协,地级,地级市,地级,地级市,"地级政协,地级市政协",,防城港市,广西壮族自治区,华南,
2240,防城港市港口区政协,县级,市辖区,县级,市辖区,"县级政协,市辖区政协,区政协",,防城港市,广西壮族自治区,华南,
2241,防城港市防城区政协,县级,市辖区,县级,市辖区,"县级政协,市辖区政协,区政协",,防城港市,广西壮族自治区,华南,
2242,防城港市上思县政协,县级,县,县级,县,"县级政协,县政协",,防城港市,广西壮族自治区,华南,
2243,防城港市东兴市政协,县级,县级市,县级,县级市,"县级政协,县级市政协",,防城港市,广西壮族自治区,华南,
2244,钦州市政协,地级,地级市,地级,地级市,"地级政协,地级市政协",,钦州市,广西壮族自治区,华南,
2245,钦州市钦南区政协,县级,市辖区,县级,市辖区,"县级政协,市辖区政协,区政协",,钦州市,广西壮族自治区,华南,
2246,钦州市钦北区政协,县级,市辖区,县级,市辖区,"县级政协,市辖区政协,区政协",,钦州市,广西壮族自治区,华南,
2247,钦州市灵山县政协,县级,县,县级,县,"县级政协,县政协",,钦州市,广西壮族自治区,华南,
2248,钦州市浦北县政协,县级,县,县级,县,"县级政协,县政协",,钦州市,广西壮族自治区,华南,
2249,贵港市政协,地级,地级市,地级,地级市,"地级政协,地级市政协",,贵港市,广西壮族自治区,华南,
2250,贵港市港北区政协,县级,市辖区,县级,市辖区,"县级政协,市辖区政协,区政协",,贵港市,广西壮族自治区,华南,
2251,贵港市港南区政协,县级,市辖区,县级,市辖区,"县级政协,市辖区政协,区政协",,贵港市,广西壮族自治区,华南,
2252,贵港市覃塘区政协,县级,市辖区,县级,市辖区,"县级政协,市辖区政协,区政协",,贵港市,广西壮族自治区,华南,
2253,贵港市平南县政协,县级,县,县级,县,"县级政协,县政协",,贵港市,广西壮族自治区,华南,
2254,贵港市桂平市政协,县级,县级市,县级,县级市,"县级政协,县级市政协",,贵港市,广西壮族自治区,华南,
2255,玉林市政协,地级,地级市,地级,地级市,"地级政协,地级市政协",,玉林市,广西壮族自治区,华南,
2256,玉林市玉州区政协,县级,市辖区,县级,市辖区,"县级政协,市辖区政协,区政协",,玉林市,广西壮族自治区,华南,
2257,玉林市福绵区政协,县级,市辖区,县级,市辖区,"县级政协,市辖区政协,区政协",,玉林市,广西壮族自治区,华南,
2258,玉林市容县政协,县级,县,县级,县,"县级政协,县政协",,玉林市,广西壮族自治区,华南,
2259,玉林市陆川县政协,县级,县,县级,县,"县级政协,县政协",,玉林市,广西壮族自治区,华南,
2260,玉林市博白县政协,县级,县,县级,县,"县级政协,县政协",,玉林市,广西壮族自治区,华南,
2261,玉林市兴业县政协,县级,县,县级,县,"县级政协,县政协",,玉林市,广西壮族自治区,华南,
2262,玉林市北流市政协,县级,县级市,县级,县级市,"县级政协,县级市政协",,玉林市,广西壮族自治区,华南,
2263,百色市政协,地级,地级市,地级,地级市,"地级政协,地级市政协",,百色市,广西壮族自治区,华南,
2264,百色市右江区政协,县级,市辖区,县级,市辖区,"县级政协,市辖区政协,区政协",,百色市,广西壮族自治区,华南,
2265,百色市田阳区政协,县级,市辖区,县级,市辖区,"县级政协,市辖区政协,区政协",,百色市,广西壮族自治区,华南,
2266,百色市田东县政协,县级,县,县级,县,"县级政协,县政协",,百色市,广西壮族自治区,华南,
2267,百色市德保县政协,县级,县,县级,县,"县级政协,县政协",,百色市,广西壮族自治区,华南,
2268,百色市那坡县政协,县级,县,县级,县,"县级政协,县政协",,百色市,广西壮族自治区,华南,
2269,百色市凌云县政协,县级,县,县级,县,"县级政协,县政协",,百色市,广西壮族自治区,华南,
2270,百色市乐业县政协,县级,县,县级,县,"县级政协,县政协",,百色市,广西壮族自治区,华南,
2271,百色市田林县政协,县级,县,县级,县,"县级政协,县政协",,百色市,广西壮族自治区,华南,
2272,百色市西林县政协,县级,县,县级,县,"县级政协,县政协",,百色市,广西壮族自治区,华南,
2273,百色市隆林各族自治县政协,县级,自治县,县级,自治县,"县级政协,自治县政协",,百色市,广西壮族自治区,华南,
2274,百色市靖西市政协,县级,县级市,县级,县级市,"县级政协,县级市政协",,百色市,广西壮族自治区,华南,
2275,百色市平果市政协,县级,县级市,县级,县级市,"县级政协,县级市政协",,百色市,广西壮族自治区,华南,
2276,贺州市政协,地级,地级市,地级,地级市,"地级政协,地级市政协",,贺州市,广西壮族自治区,华南,
2277,贺州市八步区政协,县级,市辖区,县级,市辖区,"县级政协,市辖区政协,区政协",,贺州市,广西壮族自治区,华南,
2278,贺州市平桂区政协,县级,市辖区,县级,市辖区,"县级政协,市辖区政协,区政协",,贺州市,广西壮族自治区,华南,
2279,贺州市昭平县政协,县级,县,县级,县,"县级政协,县政协",,贺州市,广西壮族自治区,华南,
2280,贺州市钟山县政协,县级,县,县级,县,"县级政协,县政协",,贺州市,广西壮族自治区,华南,
2281,贺州市富川瑶族自治县政协,县级,自治县,县级,自治县,"县级政协,自治县政协",,贺州市,广西壮族自治区,华南,
2282,河池市政协,地级,地级市,地级,地级市,"地级政协,地级市政协",,河池市,广西壮族自治区,华南,
2283,河池市金城江区政协,县级,市辖区,县级,市辖区,"县级政协,市辖区政协,区政协",,河池市,广西壮族自治区,华南,
2284,河池市宜州区政协,县级,市辖区,县级,市辖区,"县级政协,市辖区政协,区政协",,河池市,广西壮族自治区,华南,
2285,河池市南丹县政协,县级,县,县级,县,"县级政协,县政协",,河池市,广西壮族自治区,华南,
2286,河池市天峨县政协,县级,县,县级,县,"县级政协,县政协",,河池市,广西壮族自治区,华南,
2287,河池市凤山县政协,县级,县,县级,县,"县级政协,县政协",,河池市,广西壮族自治区,华南,
2288,河池市东兰县政协,县级,县,县级,县,"县级政协,县政协",,河池市,广西壮族自治区,华南,
2289,河池市罗城仫佬族自治县政协,县级,自治县,县级,自治县,"县级政协,自治县政协",,河池市,广西壮族自治区,华南,
2290,河池市环江毛南族自治县政协,县级,自治县,县级,自治县,"县级政协,自治县政协",,河池市,广西壮族自治区,华南,
2291,河池市巴马瑶族自治县政协,县级,自治县,县级,自治县,"县级政协,自治县政协",,河池市,广西壮族自治区,华南,
2292,河池市都安瑶族自治县政协,县级,自治县,县级,自治县,"县级政协,自治县政协",,河池市,广西壮族自治区,华南,
2293,河池市大化瑶族自治县政协,县级,自治县,县级,自治县,"县级政协,自治县政协",,河池市,广西壮族自治区,华南,
2294,来宾市政协,地级,地级市,地级,地级市,"地级政协,地级市政协",,来宾市,广西壮族自治区,华南,
2295,来宾市兴宾区政协,县级,市辖区,县级,市辖区,"县级政协,市辖区政协,区政协",,来宾市,广西壮族自治区,华南,
2296,来宾市忻城县政协,县级,县,县级,县,"县级政协,县政协",,来宾市,广西壮族自治区,华南,
2297,来宾市象州县政协,县级,县,县级,县,"县级政协,县政协",,来宾市,广西壮族自治区,华南,
2298,来宾市武宣县政协,县级,县,县级,县,"县级政协,县政协",,来宾市,广西壮族自治区,华南,
2299,来宾市金秀瑶族自治县政协,县级,自治县,县级,自治县,"县级政协,自治县政协",,来宾市,广西壮族自治区,华南,
2300,来宾市合山市政协,县级,县级市,县级,县级市,"县级政协,县级市政协",,来宾市,广西壮族自治区,华南,
2301,崇左市政协,地级,地级市,地级,地级市,"地级政协,地级市政协",,崇左市,广西壮族自治区,华南,
2302,崇左市江州区政协,县级,市辖区,县级,市辖区,"县级政协,市辖区政协,区政协",,崇左市,广西壮族自治区,华南,
2303,崇左市扶绥县政协,县级,县,县级,县,"县级政协,县政协",,崇左市,广西壮族自治区,华南,
2304,崇左市宁明县政协,县级,县,县级,县,"县级政协,县政协",,崇左市,广西壮族自治区,华南,
2305,崇左市龙州县政协,县级,县,县级,县,"县级政协,县政协",,崇左市,广西壮族自治区,华南,
2306,崇左市大新县政协,县级,县,县级,县,"县级政协,县政协",,崇左市,广西壮族自治区,华南,
2307,崇左市天等县政协,县级,县,县级,县,"县级政协,县政协",,崇左市,广西壮族自治区,华南,
2308,崇左市凭祥市政协,县级,县级市,县级,县级市,"县级政协,县级市政协",,崇左市,广西壮族自治区,华南,
2309,海南省政协,省级,省,省级,省,"省级政协,省政协",,,海南省,华南,
2310,海口市政协,地级,地级市,地级,地级市,"地级政协,地级市政协",,海口市,海南省,华南,
2311,海口市秀英区政协,县级,市辖区,县级,市辖区,"县级政协,市辖区政协,区政协",,海口市,海南省,华南,
2312,海口市龙华区政协,县级,市辖区,县级,市辖区,"县级政协,市辖区政协,区政协",,海口市,海南省,华南,
2313,海口市琼山区政协,县级,市辖区,县级,市辖区,"县级政协,市辖区政协,区政协",,海口市,海南省,华南,
2314,海口市美兰区政协,县级,市辖区,县级,市辖区,"县级政协,市辖区政协,区政协",,海口市,海南省,华南,
2315,三亚市政协,地级,地级市,地级,地级市,"地级政协,地级市政协",,三亚市,海南省,华南,
2316,三亚市海棠区政协,县级,市辖区,县级,市辖区,"县级政协,市辖区政协,区政协",,三亚市,海南省,华南,
2317,三亚市吉阳区政协,县级,市辖区,县级,市辖区,"县级政协,市辖区政协,区政协",,三亚市,海南省,华南,
2318,三亚市天涯区政协,县级,市辖区,县级,市辖区,"县级政协,市辖区政协,区政协",,三亚市,海南省,华南,
2319,三亚市崖州区政协,县级,市辖区,县级,市辖区,"县级政协,市辖区政协,区政协",,三亚市,海南省,华南,
2320,三沙市政协,地级,地级市,地级,地级市,"地级政协,地级市政协",,三沙市,海南省,华南,
2321,儋州市政协,地级,地级市,地级,地级市,"地级政协,地级市政协",,儋州市,海南省,华南,
2322,儋州市洋浦经济开发区政协,县级,市辖区,县级,市辖区,"县级政协,市辖区政协,区政协",,儋州市,海南省,华南,疑似功能区（含「开发区」），通常无独立政协委员会，请核实
2323,海南省五指山市政协,县级,县级市,县级,县级市,"县级政协,县级市政协",,海南省,海南省,华南,
2324,海南省琼海市政协,县级,县级市,县级,县级市,"县级政协,县级市政协",,海南省,海南省,华南,
2325,海南省文昌市政协,县级,县级市,县级,县级市,"县级政协,县级市政协",,海南省,海南省,华南,
2326,海南省万宁市政协,县级,县级市,县级,县级市,"县级政协,县级市政协",,海南省,海南省,华南,
2327,海南省东方市政协,县级,县级市,县级,县级市,"县级政协,县级市政协",,海南省,海南省,华南,
2328,海南省定安县政协,县级,县,县级,县,"县级政协,县政协",,海南省,海南省,华南,
2329,海南省屯昌县政协,县级,县,县级,县,"县级政协,县政协",,海南省,海南省,华南,
2330,海南省澄迈县政协,县级,县,县级,县,"县级政协,县政协",,海南省,海南省,华南,
2331,海南省临高县政协,县级,县,县级,县,"县级政协,县政协",,海南省,海南省,华南,
2332,海南省白沙黎族自治县政协,县级,自治县,县级,自治县,"县级政协,自治县政协",,海南省,海南省,华南,
2333,海南省昌江黎族自治县政协,县级,自治县,县级,自治县,"县级政协,自治县政协",,海南省,海南省,华南,
2334,海南省乐东黎族自治县政协,县级,自治县,县级,自治县,"县级政协,自治县政协",,海南省,海南省,华南,
2335,海南省陵水黎族自治县政协,县级,自治县,县级,自治县,"县级政协,自治县政协",,海南省,海南省,华南,
2336,海南省保亭黎族苗族自治县政协,县级,自治县,县级,自治县,"县级政协,自治县政协",,海南省,海南省,华南,
2337,海南省琼中黎族苗族自治县政协,县级,自治县,县级,自治县,"县级政协,自治县政协",,海南省,海南省,华南,
2338,重庆市政协,省级,直辖市,省级,直辖市,"省级政协,直辖市政协",,,重庆市,西南,
2339,重庆市万州区政协,县级,市辖区,县级,市辖区,"县级政协,市辖区政协,区政协",,重庆市,重庆市,西南,
2340,重庆市涪陵区政协,县级,市辖区,县级,市辖区,"县级政协,市辖区政协,区政协",,重庆市,重庆市,西南,
2341,重庆市渝中区政协,县级,市辖区,县级,市辖区,"县级政协,市辖区政协,区政协",,重庆市,重庆市,西南,
2342,重庆市大渡口区政协,县级,市辖区,县级,市辖区,"县级政协,市辖区政协,区政协",,重庆市,重庆市,西南,
2343,重庆市江北区政协,县级,市辖区,县级,市辖区,"县级政协,市辖区政协,区政协",,重庆市,重庆市,西南,
2344,重庆市沙坪坝区政协,县级,市辖区,县级,市辖区,"县级政协,市辖区政协,区政协",,重庆市,重庆市,西南,
2345,重庆市九龙坡区政协,县级,市辖区,县级,市辖区,"县级政协,市辖区政协,区政协",,重庆市,重庆市,西南,
2346,重庆市南岸区政协,县级,市辖区,县级,市辖区,"县级政协,市辖区政协,区政协",,重庆市,重庆市,西南,
2347,重庆市北碚区政协,县级,市辖区,县级,市辖区,"县级政协,市辖区政协,区政协",,重庆市,重庆市,西南,
2348,重庆市綦江区政协,县级,市辖区,县级,市辖区,"县级政协,市辖区政协,区政协",,重庆市,重庆市,西南,
2349,重庆市大足区政协,县级,市辖区,县级,市辖区,"县级政协,市辖区政协,区政协",,重庆市,重庆市,西南,
2350,重庆市渝北区政协,县级,市辖区,县级,市辖区,"县级政协,市辖区政协,区政协",,重庆市,重庆市,西南,
2351,重庆市巴南区政协,县级,市辖区,县级,市辖区,"县级政协,市辖区政协,区政协",,重庆市,重庆市,西南,
2352,重庆市黔江区政协,县级,市辖区,县级,市辖区,"县级政协,市辖区政协,区政协",,重庆市,重庆市,西南,
2353,重庆市长寿区政协,县级,市辖区,县级,市辖区,"县级政协,市辖区政协,区政协",,重庆市,重庆市,西南,
2354,重庆市江津区政协,县级,市辖区,县级,市辖区,"县级政协,市辖区政协,区政协",,重庆市,重庆市,西南,
2355,重庆市合川区政协,县级,市辖区,县级,市辖区,"县级政协,市辖区政协,区政协",,重庆市,重庆市,西南,
2356,重庆市永川区政协,县级,市辖区,县级,市辖区,"县级政协,市辖区政协,区政协",,重庆市,重庆市,西南,
2357,重庆市南川区政协,县级,市辖区,县级,市辖区,"县级政协,市辖区政协,区政协",,重庆市,重庆市,西南,
2358,重庆市璧山区政协,县级,市辖区,县级,市辖区,"县级政协,市辖区政协,区政协",,重庆市,重庆市,西南,
2359,重庆市铜梁区政协,县级,市辖区,县级,市辖区,"县级政协,市辖区政协,区政协",,重庆市,重庆市,西南,
2360,重庆市潼南区政协,县级,市辖区,县级,市辖区,"县级政协,市辖区政协,区政协",,重庆市,重庆市,西南,
2361,重庆市荣昌区政协,县级,市辖区,县级,市辖区,"县级政协,市辖区政协,区政协",,重庆市,重庆市,西南,
2362,重庆市开州区政协,县级,市辖区,县级,市辖区,"县级政协,市辖区政协,区政协",,重庆市,重庆市,西南,
2363,重庆市梁平区政协,县级,市辖区,县级,市辖区,"县级政协,市辖区政协,区政协",,重庆市,重庆市,西南,
2364,重庆市武隆区政协,县级,市辖区,县级,市辖区,"县级政协,市辖区政协,区政协",,重庆市,重庆市,西南,
2365,县政协,地级,地级市,地级,地级市,"地级政协,地级市政协",,县,重庆市,西南,
2366,县城口县政协,县级,县,县级,县,"县级政协,县政协",,县,重庆市,西南,
2367,县丰都县政协,县级,县,县级,县,"县级政协,县政协",,县,重庆市,西南,
2368,县垫江县政协,县级,县,县级,县,"县级政协,县政协",,县,重庆市,西南,
2369,县忠县政协,县级,县,县级,县,"县级政协,县政协",,县,重庆市,西南,
2370,县云阳县政协,县级,县,县级,县,"县级政协,县政协",,县,重庆市,西南,
2371,县奉节县政协,县级,县,县级,县,"县级政协,县政协",,县,重庆市,西南,
2372,县巫山县政协,县级,县,县级,县,"县级政协,县政协",,县,重庆市,西南,
2373,县巫溪县政协,县级,县,县级,县,"县级政协,县政协",,县,重庆市,西南,
2374,县石柱土家族自治县政协,县级,自治县,县级,自治县,"县级政协,自治县政协",,县,重庆市,西南,
2375,县秀山土家族苗族自治县政协,县级,自治县,县级,自治县,"县级政协,自治县政协",,县,重庆市,西南,
2376,县酉阳土家族苗族自治县政协,县级,自治县,县级,自治县,"县级政协,自治县政协",,县,重庆市,西南,
2377,县彭水苗族土家族自治县政协,县级,自治县,县级,自治县,"县级政协,自治县政协",,县,重庆市,西南,
2378,四川省政协,省级,省,省级,省,"省级政协,省政协",,,四川省,西南,
2379,成都市政协,副省级,地级市,副省级,地级市,"副省级政协,地级市政协",省会城市、省会城市政协,成都市,四川省,西南,
2380,成都市锦江区政协,县级,市辖区,县级,市辖区,"县级政协,市辖区政协,区政协",,成都市,四川省,西南,
2381,成都市青羊区政协,县级,市辖区,县级,市辖区,"县级政协,市辖区政协,区政协",,成都市,四川省,西南,
2382,成都市金牛区政协,县级,市辖区,县级,市辖区,"县级政协,市辖区政协,区政协",,成都市,四川省,西南,
2383,成都市武侯区政协,县级,市辖区,县级,市辖区,"县级政协,市辖区政协,区政协",,成都市,四川省,西南,
2384,成都市成华区政协,县级,市辖区,县级,市辖区,"县级政协,市辖区政协,区政协",,成都市,四川省,西南,
2385,成都市龙泉驿区政协,县级,市辖区,县级,市辖区,"县级政协,市辖区政协,区政协",,成都市,四川省,西南,
2386,成都市青白江区政协,县级,市辖区,县级,市辖区,"县级政协,市辖区政协,区政协",,成都市,四川省,西南,
2387,成都市新都区政协,县级,市辖区,县级,市辖区,"县级政协,市辖区政协,区政协",,成都市,四川省,西南,
2388,成都市温江区政协,县级,市辖区,县级,市辖区,"县级政协,市辖区政协,区政协",,成都市,四川省,西南,
2389,成都市双流区政协,县级,市辖区,县级,市辖区,"县级政协,市辖区政协,区政协",,成都市,四川省,西南,
2390,成都市郫都区政协,县级,市辖区,县级,市辖区,"县级政协,市辖区政协,区政协",,成都市,四川省,西南,
2391,成都市新津区政协,县级,市辖区,县级,市辖区,"县级政协,市辖区政协,区政协",,成都市,四川省,西南,
2392,成都市金堂县政协,县级,县,县级,县,"县级政协,县政协",,成都市,四川省,西南,
2393,成都市大邑县政协,县级,县,县级,县,"县级政协,县政协",,成都市,四川省,西南,
2394,成都市蒲江县政协,县级,县,县级,县,"县级政协,县政协",,成都市,四川省,西南,
2395,成都市都江堰市政协,县级,县级市,县级,县级市,"县级政协,县级市政协",,成都市,四川省,西南,
2396,成都市彭州市政协,县级,县级市,县级,县级市,"县级政协,县级市政协",,成都市,四川省,西南,
2397,成都市邛崃市政协,县级,县级市,县级,县级市,"县级政协,县级市政协",,成都市,四川省,西南,
2398,成都市崇州市政协,县级,县级市,县级,县级市,"县级政协,县级市政协",,成都市,四川省,西南,
2399,成都市简阳市政协,县级,县级市,县级,县级市,"县级政协,县级市政协",,成都市,四川省,西南,
2400,自贡市政协,地级,地级市,地级,地级市,"地级政协,地级市政协",,自贡市,四川省,西南,
2401,自贡市自流井区政协,县级,市辖区,县级,市辖区,"县级政协,市辖区政协,区政协",,自贡市,四川省,西南,
2402,自贡市贡井区政协,县级,市辖区,县级,市辖区,"县级政协,市辖区政协,区政协",,自贡市,四川省,西南,
2403,自贡市大安区政协,县级,市辖区,县级,市辖区,"县级政协,市辖区政协,区政协",,自贡市,四川省,西南,
2404,自贡市沿滩区政协,县级,市辖区,县级,市辖区,"县级政协,市辖区政协,区政协",,自贡市,四川省,西南,
2405,自贡市荣县政协,县级,县,县级,县,"县级政协,县政协",,自贡市,四川省,西南,
2406,自贡市富顺县政协,县级,县,县级,县,"县级政协,县政协",,自贡市,四川省,西南,
2407,攀枝花市政协,地级,地级市,地级,地级市,"地级政协,地级市政协",,攀枝花市,四川省,西南,
2408,攀枝花市东区政协,县级,市辖区,县级,市辖区,"县级政协,市辖区政协,区政协",,攀枝花市,四川省,西南,
2409,攀枝花市西区政协,县级,市辖区,县级,市辖区,"县级政协,市辖区政协,区政协",,攀枝花市,四川省,西南,
2410,攀枝花市仁和区政协,县级,市辖区,县级,市辖区,"县级政协,市辖区政协,区政协",,攀枝花市,四川省,西南,
2411,攀枝花市米易县政协,县级,县,县级,县,"县级政协,县政协",,攀枝花市,四川省,西南,
2412,攀枝花市盐边县政协,县级,县,县级,县,"县级政协,县政协",,攀枝花市,四川省,西南,
2413,泸州市政协,地级,地级市,地级,地级市,"地级政协,地级市政协",,泸州市,四川省,西南,
2414,泸州市江阳区政协,县级,市辖区,县级,市辖区,"县级政协,市辖区政协,区政协",,泸州市,四川省,西南,
2415,泸州市纳溪区政协,县级,市辖区,县级,市辖区,"县级政协,市辖区政协,区政协",,泸州市,四川省,西南,
2416,泸州市龙马潭区政协,县级,市辖区,县级,市辖区,"县级政协,市辖区政协,区政协",,泸州市,四川省,西南,
2417,泸州市泸县政协,县级,县,县级,县,"县级政协,县政协",,泸州市,四川省,西南,
2418,泸州市合江县政协,县级,县,县级,县,"县级政协,县政协",,泸州市,四川省,西南,
2419,泸州市叙永县政协,县级,县,县级,县,"县级政协,县政协",,泸州市,四川省,西南,
2420,泸州市古蔺县政协,县级,县,县级,县,"县级政协,县政协",,泸州市,四川省,西南,
2421,德阳市政协,地级,地级市,地级,地级市,"地级政协,地级市政协",,德阳市,四川省,西南,
2422,德阳市旌阳区政协,县级,市辖区,县级,市辖区,"县级政协,市辖区政协,区政协",,德阳市,四川省,西南,
2423,德阳市罗江区政协,县级,市辖区,县级,市辖区,"县级政协,市辖区政协,区政协",,德阳市,四川省,西南,
2424,德阳市中江县政协,县级,县,县级,县,"县级政协,县政协",,德阳市,四川省,西南,
2425,德阳市广汉市政协,县级,县级市,县级,县级市,"县级政协,县级市政协",,德阳市,四川省,西南,
2426,德阳市什邡市政协,县级,县级市,县级,县级市,"县级政协,县级市政协",,德阳市,四川省,西南,
2427,德阳市绵竹市政协,县级,县级市,县级,县级市,"县级政协,县级市政协",,德阳市,四川省,西南,
2428,绵阳市政协,地级,地级市,地级,地级市,"地级政协,地级市政协",,绵阳市,四川省,西南,
2429,绵阳市涪城区政协,县级,市辖区,县级,市辖区,"县级政协,市辖区政协,区政协",,绵阳市,四川省,西南,
2430,绵阳市游仙区政协,县级,市辖区,县级,市辖区,"县级政协,市辖区政协,区政协",,绵阳市,四川省,西南,
2431,绵阳市安州区政协,县级,市辖区,县级,市辖区,"县级政协,市辖区政协,区政协",,绵阳市,四川省,西南,
2432,绵阳市三台县政协,县级,县,县级,县,"县级政协,县政协",,绵阳市,四川省,西南,
2433,绵阳市盐亭县政协,县级,县,县级,县,"县级政协,县政协",,绵阳市,四川省,西南,
2434,绵阳市梓潼县政协,县级,县,县级,县,"县级政协,县政协",,绵阳市,四川省,西南,
2435,绵阳市北川羌族自治县政协,县级,自治县,县级,自治县,"县级政协,自治县政协",,绵阳市,四川省,西南,
2436,绵阳市平武县政协,县级,县,县级,县,"县级政协,县政协",,绵阳市,四川省,西南,
2437,绵阳市江油市政协,县级,县级市,县级,县级市,"县级政协,县级市政协",,绵阳市,四川省,西南,
2438,广元市政协,地级,地级市,地级,地级市,"地级政协,地级市政协",,广元市,四川省,西南,
2439,广元市利州区政协,县级,市辖区,县级,市辖区,"县级政协,市辖区政协,区政协",,广元市,四川省,西南,
2440,广元市昭化区政协,县级,市辖区,县级,市辖区,"县级政协,市辖区政协,区政协",,广元市,四川省,西南,
2441,广元市朝天区政协,县级,市辖区,县级,市辖区,"县级政协,市辖区政协,区政协",,广元市,四川省,西南,
2442,广元市旺苍县政协,县级,县,县级,县,"县级政协,县政协",,广元市,四川省,西南,
2443,广元市青川县政协,县级,县,县级,县,"县级政协,县政协",,广元市,四川省,西南,
2444,广元市剑阁县政协,县级,县,县级,县,"县级政协,县政协",,广元市,四川省,西南,
2445,广元市苍溪县政协,县级,县,县级,县,"县级政协,县政协",,广元市,四川省,西南,
2446,遂宁市政协,地级,地级市,地级,地级市,"地级政协,地级市政协",,遂宁市,四川省,西南,
2447,遂宁市船山区政协,县级,市辖区,县级,市辖区,"县级政协,市辖区政协,区政协",,遂宁市,四川省,西南,
2448,遂宁市安居区政协,县级,市辖区,县级,市辖区,"县级政协,市辖区政协,区政协",,遂宁市,四川省,西南,
2449,遂宁市蓬溪县政协,县级,县,县级,县,"县级政协,县政协",,遂宁市,四川省,西南,
2450,遂宁市大英县政协,县级,县,县级,县,"县级政协,县政协",,遂宁市,四川省,西南,
2451,遂宁市射洪市政协,县级,县级市,县级,县级市,"县级政协,县级市政协",,遂宁市,四川省,西南,
2452,内江市政协,地级,地级市,地级,地级市,"地级政协,地级市政协",,内江市,四川省,西南,
2453,内江市市中区政协,县级,市辖区,县级,市辖区,"县级政协,市辖区政协,区政协",,内江市,四川省,西南,
2454,内江市东兴区政协,县级,市辖区,县级,市辖区,"县级政协,市辖区政协,区政协",,内江市,四川省,西南,
2455,内江市威远县政协,县级,县,县级,县,"县级政协,县政协",,内江市,四川省,西南,
2456,内江市资中县政协,县级,县,县级,县,"县级政协,县政协",,内江市,四川省,西南,
2457,内江市隆昌市政协,县级,县级市,县级,县级市,"县级政协,县级市政协",,内江市,四川省,西南,
2458,乐山市政协,地级,地级市,地级,地级市,"地级政协,地级市政协",,乐山市,四川省,西南,
2459,乐山市市中区政协,县级,市辖区,县级,市辖区,"县级政协,市辖区政协,区政协",,乐山市,四川省,西南,
2460,乐山市沙湾区政协,县级,市辖区,县级,市辖区,"县级政协,市辖区政协,区政协",,乐山市,四川省,西南,
2461,乐山市五通桥区政协,县级,市辖区,县级,市辖区,"县级政协,市辖区政协,区政协",,乐山市,四川省,西南,
2462,乐山市金口河区政协,县级,市辖区,县级,市辖区,"县级政协,市辖区政协,区政协",,乐山市,四川省,西南,
2463,乐山市犍为县政协,县级,县,县级,县,"县级政协,县政协",,乐山市,四川省,西南,
2464,乐山市井研县政协,县级,县,县级,县,"县级政协,县政协",,乐山市,四川省,西南,
2465,乐山市夹江县政协,县级,县,县级,县,"县级政协,县政协",,乐山市,四川省,西南,
2466,乐山市沐川县政协,县级,县,县级,县,"县级政协,县政协",,乐山市,四川省,西南,
2467,乐山市峨边彝族自治县政协,县级,自治县,县级,自治县,"县级政协,自治县政协",,乐山市,四川省,西南,
2468,乐山市马边彝族自治县政协,县级,自治县,县级,自治县,"县级政协,自治县政协",,乐山市,四川省,西南,
2469,乐山市峨眉山市政协,县级,县级市,县级,县级市,"县级政协,县级市政协",,乐山市,四川省,西南,
2470,南充市政协,地级,地级市,地级,地级市,"地级政协,地级市政协",,南充市,四川省,西南,
2471,南充市顺庆区政协,县级,市辖区,县级,市辖区,"县级政协,市辖区政协,区政协",,南充市,四川省,西南,
2472,南充市高坪区政协,县级,市辖区,县级,市辖区,"县级政协,市辖区政协,区政协",,南充市,四川省,西南,
2473,南充市嘉陵区政协,县级,市辖区,县级,市辖区,"县级政协,市辖区政协,区政协",,南充市,四川省,西南,
2474,南充市南部县政协,县级,县,县级,县,"县级政协,县政协",,南充市,四川省,西南,
2475,南充市营山县政协,县级,县,县级,县,"县级政协,县政协",,南充市,四川省,西南,
2476,南充市蓬安县政协,县级,县,县级,县,"县级政协,县政协",,南充市,四川省,西南,
2477,南充市仪陇县政协,县级,县,县级,县,"县级政协,县政协",,南充市,四川省,西南,
2478,南充市西充县政协,县级,县,县级,县,"县级政协,县政协",,南充市,四川省,西南,
2479,南充市阆中市政协,县级,县级市,县级,县级市,"县级政协,县级市政协",,南充市,四川省,西南,
2480,眉山市政协,地级,地级市,地级,地级市,"地级政协,地级市政协",,眉山市,四川省,西南,
2481,眉山市东坡区政协,县级,市辖区,县级,市辖区,"县级政协,市辖区政协,区政协",,眉山市,四川省,西南,
2482,眉山市彭山区政协,县级,市辖区,县级,市辖区,"县级政协,市辖区政协,区政协",,眉山市,四川省,西南,
2483,眉山市仁寿县政协,县级,县,县级,县,"县级政协,县政协",,眉山市,四川省,西南,
2484,眉山市洪雅县政协,县级,县,县级,县,"县级政协,县政协",,眉山市,四川省,西南,
2485,眉山市丹棱县政协,县级,县,县级,县,"县级政协,县政协",,眉山市,四川省,西南,
2486,眉山市青神县政协,县级,县,县级,县,"县级政协,县政协",,眉山市,四川省,西南,
2487,宜宾市政协,地级,地级市,地级,地级市,"地级政协,地级市政协",,宜宾市,四川省,西南,
2488,宜宾市翠屏区政协,县级,市辖区,县级,市辖区,"县级政协,市辖区政协,区政协",,宜宾市,四川省,西南,
2489,宜宾市南溪区政协,县级,市辖区,县级,市辖区,"县级政协,市辖区政协,区政协",,宜宾市,四川省,西南,
2490,宜宾市叙州区政协,县级,市辖区,县级,市辖区,"县级政协,市辖区政协,区政协",,宜宾市,四川省,西南,
2491,宜宾市江安县政协,县级,县,县级,县,"县级政协,县政协",,宜宾市,四川省,西南,
2492,宜宾市长宁县政协,县级,县,县级,县,"县级政协,县政协",,宜宾市,四川省,西南,
2493,宜宾市高县政协,县级,县,县级,县,"县级政协,县政协",,宜宾市,四川省,西南,
2494,宜宾市珙县政协,县级,县,县级,县,"县级政协,县政协",,宜宾市,四川省,西南,
2495,宜宾市筠连县政协,县级,县,县级,县,"县级政协,县政协",,宜宾市,四川省,西南,
2496,宜宾市兴文县政协,县级,县,县级,县,"县级政协,县政协",,宜宾市,四川省,西南,
2497,宜宾市屏山县政协,县级,县,县级,县,"县级政协,县政协",,宜宾市,四川省,西南,
2498,广安市政协,地级,地级市,地级,地级市,"地级政协,地级市政协",,广安市,四川省,西南,
2499,广安市广安区政协,县级,市辖区,县级,市辖区,"县级政协,市辖区政协,区政协",,广安市,四川省,西南,
2500,广安市前锋区政协,县级,市辖区,县级,市辖区,"县级政协,市辖区政协,区政协",,广安市,四川省,西南,
2501,广安市岳池县政协,县级,县,县级,县,"县级政协,县政协",,广安市,四川省,西南,
2502,广安市武胜县政协,县级,县,县级,县,"县级政协,县政协",,广安市,四川省,西南,
2503,广安市邻水县政协,县级,县,县级,县,"县级政协,县政协",,广安市,四川省,西南,
2504,广安市华蓥市政协,县级,县级市,县级,县级市,"县级政协,县级市政协",,广安市,四川省,西南,
2505,达州市政协,地级,地级市,地级,地级市,"地级政协,地级市政协",,达州市,四川省,西南,
2506,达州市通川区政协,县级,市辖区,县级,市辖区,"县级政协,市辖区政协,区政协",,达州市,四川省,西南,
2507,达州市达川区政协,县级,市辖区,县级,市辖区,"县级政协,市辖区政协,区政协",,达州市,四川省,西南,
2508,达州市宣汉县政协,县级,县,县级,县,"县级政协,县政协",,达州市,四川省,西南,
2509,达州市开江县政协,县级,县,县级,县,"县级政协,县政协",,达州市,四川省,西南,
2510,达州市大竹县政协,县级,县,县级,县,"县级政协,县政协",,达州市,四川省,西南,
2511,达州市渠县政协,县级,县,县级,县,"县级政协,县政协",,达州市,四川省,西南,
2512,达州市万源市政协,县级,县级市,县级,县级市,"县级政协,县级市政协",,达州市,四川省,西南,
2513,雅安市政协,地级,地级市,地级,地级市,"地级政协,地级市政协",,雅安市,四川省,西南,
2514,雅安市雨城区政协,县级,市辖区,县级,市辖区,"县级政协,市辖区政协,区政协",,雅安市,四川省,西南,
2515,雅安市名山区政协,县级,市辖区,县级,市辖区,"县级政协,市辖区政协,区政协",,雅安市,四川省,西南,
2516,雅安市荥经县政协,县级,县,县级,县,"县级政协,县政协",,雅安市,四川省,西南,
2517,雅安市汉源县政协,县级,县,县级,县,"县级政协,县政协",,雅安市,四川省,西南,
2518,雅安市石棉县政协,县级,县,县级,县,"县级政协,县政协",,雅安市,四川省,西南,
2519,雅安市天全县政协,县级,县,县级,县,"县级政协,县政协",,雅安市,四川省,西南,
2520,雅安市芦山县政协,县级,县,县级,县,"县级政协,县政协",,雅安市,四川省,西南,
2521,雅安市宝兴县政协,县级,县,县级,县,"县级政协,县政协",,雅安市,四川省,西南,
2522,巴中市政协,地级,地级市,地级,地级市,"地级政协,地级市政协",,巴中市,四川省,西南,
2523,巴中市巴州区政协,县级,市辖区,县级,市辖区,"县级政协,市辖区政协,区政协",,巴中市,四川省,西南,
2524,巴中市恩阳区政协,县级,市辖区,县级,市辖区,"县级政协,市辖区政协,区政协",,巴中市,四川省,西南,
2525,巴中市通江县政协,县级,县,县级,县,"县级政协,县政协",,巴中市,四川省,西南,
2526,巴中市南江县政协,县级,县,县级,县,"县级政协,县政协",,巴中市,四川省,西南,
2527,巴中市平昌县政协,县级,县,县级,县,"县级政协,县政协",,巴中市,四川省,西南,
2528,资阳市政协,地级,地级市,地级,地级市,"地级政协,地级市政协",,资阳市,四川省,西南,
2529,资阳市雁江区政协,县级,市辖区,县级,市辖区,"县级政协,市辖区政协,区政协",,资阳市,四川省,西南,
2530,资阳市安岳县政协,县级,县,县级,县,"县级政协,县政协",,资阳市,四川省,西南,
2531,资阳市乐至县政协,县级,县,县级,县,"县级政协,县政协",,资阳市,四川省,西南,
2532,阿坝藏族羌族自治州政协,地级,自治州,地级,自治州,"地级政协,自治州政协",,阿坝藏族羌族自治州,四川省,西南,
2533,阿坝藏族羌族自治州马尔康市政协,县级,县级市,县级,县级市,"县级政协,县级市政协",,阿坝藏族羌族自治州,四川省,西南,
2534,阿坝藏族羌族自治州汶川县政协,县级,县,县级,县,"县级政协,县政协",,阿坝藏族羌族自治州,四川省,西南,
2535,阿坝藏族羌族自治州理县政协,县级,县,县级,县,"县级政协,县政协",,阿坝藏族羌族自治州,四川省,西南,
2536,阿坝藏族羌族自治州茂县政协,县级,县,县级,县,"县级政协,县政协",,阿坝藏族羌族自治州,四川省,西南,
2537,阿坝藏族羌族自治州松潘县政协,县级,县,县级,县,"县级政协,县政协",,阿坝藏族羌族自治州,四川省,西南,
2538,阿坝藏族羌族自治州九寨沟县政协,县级,县,县级,县,"县级政协,县政协",,阿坝藏族羌族自治州,四川省,西南,
2539,阿坝藏族羌族自治州金川县政协,县级,县,县级,县,"县级政协,县政协",,阿坝藏族羌族自治州,四川省,西南,
2540,阿坝藏族羌族自治州小金县政协,县级,县,县级,县,"县级政协,县政协",,阿坝藏族羌族自治州,四川省,西南,
2541,阿坝藏族羌族自治州黑水县政协,县级,县,县级,县,"县级政协,县政协",,阿坝藏族羌族自治州,四川省,西南,
2542,阿坝藏族羌族自治州壤塘县政协,县级,县,县级,县,"县级政协,县政协",,阿坝藏族羌族自治州,四川省,西南,
2543,阿坝藏族羌族自治州阿坝县政协,县级,县,县级,县,"县级政协,县政协",,阿坝藏族羌族自治州,四川省,西南,
2544,阿坝藏族羌族自治州若尔盖县政协,县级,县,县级,县,"县级政协,县政协",,阿坝藏族羌族自治州,四川省,西南,
2545,阿坝藏族羌族自治州红原县政协,县级,县,县级,县,"县级政协,县政协",,阿坝藏族羌族自治州,四川省,西南,
2546,甘孜藏族自治州政协,地级,自治州,地级,自治州,"地级政协,自治州政协",,甘孜藏族自治州,四川省,西南,
2547,甘孜藏族自治州康定市政协,县级,县级市,县级,县级市,"县级政协,县级市政协",,甘孜藏族自治州,四川省,西南,
2548,甘孜藏族自治州泸定县政协,县级,县,县级,县,"县级政协,县政协",,甘孜藏族自治州,四川省,西南,
2549,甘孜藏族自治州丹巴县政协,县级,县,县级,县,"县级政协,县政协",,甘孜藏族自治州,四川省,西南,
2550,甘孜藏族自治州九龙县政协,县级,县,县级,县,"县级政协,县政协",,甘孜藏族自治州,四川省,西南,
2551,甘孜藏族自治州雅江县政协,县级,县,县级,县,"县级政协,县政协",,甘孜藏族自治州,四川省,西南,
2552,甘孜藏族自治州道孚县政协,县级,县,县级,县,"县级政协,县政协",,甘孜藏族自治州,四川省,西南,
2553,甘孜藏族自治州炉霍县政协,县级,县,县级,县,"县级政协,县政协",,甘孜藏族自治州,四川省,西南,
2554,甘孜藏族自治州甘孜县政协,县级,县,县级,县,"县级政协,县政协",,甘孜藏族自治州,四川省,西南,
2555,甘孜藏族自治州新龙县政协,县级,县,县级,县,"县级政协,县政协",,甘孜藏族自治州,四川省,西南,
2556,甘孜藏族自治州德格县政协,县级,县,县级,县,"县级政协,县政协",,甘孜藏族自治州,四川省,西南,
2557,甘孜藏族自治州白玉县政协,县级,县,县级,县,"县级政协,县政协",,甘孜藏族自治州,四川省,西南,
2558,甘孜藏族自治州石渠县政协,县级,县,县级,县,"县级政协,县政协",,甘孜藏族自治州,四川省,西南,
2559,甘孜藏族自治州色达县政协,县级,县,县级,县,"县级政协,县政协",,甘孜藏族自治州,四川省,西南,
2560,甘孜藏族自治州理塘县政协,县级,县,县级,县,"县级政协,县政协",,甘孜藏族自治州,四川省,西南,
2561,甘孜藏族自治州巴塘县政协,县级,县,县级,县,"县级政协,县政协",,甘孜藏族自治州,四川省,西南,
2562,甘孜藏族自治州乡城县政协,县级,县,县级,县,"县级政协,县政协",,甘孜藏族自治州,四川省,西南,
2563,甘孜藏族自治州稻城县政协,县级,县,县级,县,"县级政协,县政协",,甘孜藏族自治州,四川省,西南,
2564,甘孜藏族自治州得荣县政协,县级,县,县级,县,"县级政协,县政协",,甘孜藏族自治州,四川省,西南,
2565,凉山彝族自治州政协,地级,自治州,地级,自治州,"地级政协,自治州政协",,凉山彝族自治州,四川省,西南,
2566,凉山彝族自治州西昌市政协,县级,县级市,县级,县级市,"县级政协,县级市政协",,凉山彝族自治州,四川省,西南,
2567,凉山彝族自治州会理市政协,县级,县级市,县级,县级市,"县级政协,县级市政协",,凉山彝族自治州,四川省,西南,
2568,凉山彝族自治州木里藏族自治县政协,县级,自治县,县级,自治县,"县级政协,自治县政协",,凉山彝族自治州,四川省,西南,
2569,凉山彝族自治州盐源县政协,县级,县,县级,县,"县级政协,县政协",,凉山彝族自治州,四川省,西南,
2570,凉山彝族自治州德昌县政协,县级,县,县级,县,"县级政协,县政协",,凉山彝族自治州,四川省,西南,
2571,凉山彝族自治州会东县政协,县级,县,县级,县,"县级政协,县政协",,凉山彝族自治州,四川省,西南,
2572,凉山彝族自治州宁南县政协,县级,县,县级,县,"县级政协,县政协",,凉山彝族自治州,四川省,西南,
2573,凉山彝族自治州普格县政协,县级,县,县级,县,"县级政协,县政协",,凉山彝族自治州,四川省,西南,
2574,凉山彝族自治州布拖县政协,县级,县,县级,县,"县级政协,县政协",,凉山彝族自治州,四川省,西南,
2575,凉山彝族自治州金阳县政协,县级,县,县级,县,"县级政协,县政协",,凉山彝族自治州,四川省,西南,
2576,凉山彝族自治州昭觉县政协,县级,县,县级,县,"县级政协,县政协",,凉山彝族自治州,四川省,西南,
2577,凉山彝族自治州喜德县政协,县级,县,县级,县,"县级政协,县政协",,凉山彝族自治州,四川省,西南,
2578,凉山彝族自治州冕宁县政协,县级,县,县级,县,"县级政协,县政协",,凉山彝族自治州,四川省,西南,
2579,凉山彝族自治州越西县政协,县级,县,县级,县,"县级政协,县政协",,凉山彝族自治州,四川省,西南,
2580,凉山彝族自治州甘洛县政协,县级,县,县级,县,"县级政协,县政协",,凉山彝族自治州,四川省,西南,
2581,凉山彝族自治州美姑县政协,县级,县,县级,县,"县级政协,县政协",,凉山彝族自治州,四川省,西南,
2582,凉山彝族自治州雷波县政协,县级,县,县级,县,"县级政协,县政协",,凉山彝族自治州,四川省,西南,
2583,贵州省政协,省级,省,省级,省,"省级政协,省政协",,,贵州省,西南,
2584,贵阳市政协,地级,地级市,地级,地级市,"地级政协,地级市政协",,贵阳市,贵州省,西南,
2585,贵阳市南明区政协,县级,市辖区,县级,市辖区,"县级政协,市辖区政协,区政协",,贵阳市,贵州省,西南,
2586,贵阳市云岩区政协,县级,市辖区,县级,市辖区,"县级政协,市辖区政协,区政协",,贵阳市,贵州省,西南,
2587,贵阳市花溪区政协,县级,市辖区,县级,市辖区,"县级政协,市辖区政协,区政协",,贵阳市,贵州省,西南,
2588,贵阳市乌当区政协,县级,市辖区,县级,市辖区,"县级政协,市辖区政协,区政协",,贵阳市,贵州省,西南,
2589,贵阳市白云区政协,县级,市辖区,县级,市辖区,"县级政协,市辖区政协,区政协",,贵阳市,贵州省,西南,
2590,贵阳市观山湖区政协,县级,市辖区,县级,市辖区,"县级政协,市辖区政协,区政协",,贵阳市,贵州省,西南,
2591,贵阳市开阳县政协,县级,县,县级,县,"县级政协,县政协",,贵阳市,贵州省,西南,
2592,贵阳市息烽县政协,县级,县,县级,县,"县级政协,县政协",,贵阳市,贵州省,西南,
2593,贵阳市修文县政协,县级,县,县级,县,"县级政协,县政协",,贵阳市,贵州省,西南,
2594,贵阳市清镇市政协,县级,县级市,县级,县级市,"县级政协,县级市政协",,贵阳市,贵州省,西南,
2595,六盘水市政协,地级,地级市,地级,地级市,"地级政协,地级市政协",,六盘水市,贵州省,西南,
2596,六盘水市钟山区政协,县级,市辖区,县级,市辖区,"县级政协,市辖区政协,区政协",,六盘水市,贵州省,西南,
2597,六盘水市六枝特区政协,县级,特区,县级,特区,"县级政协,特区政协",,六盘水市,贵州省,西南,
2598,六盘水市水城区政协,县级,市辖区,县级,市辖区,"县级政协,市辖区政协,区政协",,六盘水市,贵州省,西南,
2599,六盘水市盘州市政协,县级,县级市,县级,县级市,"县级政协,县级市政协",,六盘水市,贵州省,西南,
2600,遵义市政协,地级,地级市,地级,地级市,"地级政协,地级市政协",,遵义市,贵州省,西南,
2601,遵义市红花岗区政协,县级,市辖区,县级,市辖区,"县级政协,市辖区政协,区政协",,遵义市,贵州省,西南,
2602,遵义市汇川区政协,县级,市辖区,县级,市辖区,"县级政协,市辖区政协,区政协",,遵义市,贵州省,西南,
2603,遵义市播州区政协,县级,市辖区,县级,市辖区,"县级政协,市辖区政协,区政协",,遵义市,贵州省,西南,
2604,遵义市桐梓县政协,县级,县,县级,县,"县级政协,县政协",,遵义市,贵州省,西南,
2605,遵义市绥阳县政协,县级,县,县级,县,"县级政协,县政协",,遵义市,贵州省,西南,
2606,遵义市正安县政协,县级,县,县级,县,"县级政协,县政协",,遵义市,贵州省,西南,
2607,遵义市道真仡佬族苗族自治县政协,县级,自治县,县级,自治县,"县级政协,自治县政协",,遵义市,贵州省,西南,
2608,遵义市务川仡佬族苗族自治县政协,县级,自治县,县级,自治县,"县级政协,自治县政协",,遵义市,贵州省,西南,
2609,遵义市凤冈县政协,县级,县,县级,县,"县级政协,县政协",,遵义市,贵州省,西南,
2610,遵义市湄潭县政协,县级,县,县级,县,"县级政协,县政协",,遵义市,贵州省,西南,
2611,遵义市余庆县政协,县级,县,县级,县,"县级政协,县政协",,遵义市,贵州省,西南,
2612,遵义市习水县政协,县级,县,县级,县,"县级政协,县政协",,遵义市,贵州省,西南,
2613,遵义市赤水市政协,县级,县级市,县级,县级市,"县级政协,县级市政协",,遵义市,贵州省,西南,
2614,遵义市仁怀市政协,县级,县级市,县级,县级市,"县级政协,县级市政协",,遵义市,贵州省,西南,
2615,安顺市政协,地级,地级市,地级,地级市,"地级政协,地级市政协",,安顺市,贵州省,西南,
2616,安顺市西秀区政协,县级,市辖区,县级,市辖区,"县级政协,市辖区政协,区政协",,安顺市,贵州省,西南,
2617,安顺市平坝区政协,县级,市辖区,县级,市辖区,"县级政协,市辖区政协,区政协",,安顺市,贵州省,西南,
2618,安顺市普定县政协,县级,县,县级,县,"县级政协,县政协",,安顺市,贵州省,西南,
2619,安顺市镇宁布依族苗族自治县政协,县级,自治县,县级,自治县,"县级政协,自治县政协",,安顺市,贵州省,西南,
2620,安顺市关岭布依族苗族自治县政协,县级,自治县,县级,自治县,"县级政协,自治县政协",,安顺市,贵州省,西南,
2621,安顺市紫云苗族布依族自治县政协,县级,自治县,县级,自治县,"县级政协,自治县政协",,安顺市,贵州省,西南,
2622,毕节市政协,地级,地级市,地级,地级市,"地级政协,地级市政协",,毕节市,贵州省,西南,
2623,毕节市七星关区政协,县级,市辖区,县级,市辖区,"县级政协,市辖区政协,区政协",,毕节市,贵州省,西南,
2624,毕节市大方县政协,县级,县,县级,县,"县级政协,县政协",,毕节市,贵州省,西南,
2625,毕节市金沙县政协,县级,县,县级,县,"县级政协,县政协",,毕节市,贵州省,西南,
2626,毕节市织金县政协,县级,县,县级,县,"县级政协,县政协",,毕节市,贵州省,西南,
2627,毕节市纳雍县政协,县级,县,县级,县,"县级政协,县政协",,毕节市,贵州省,西南,
2628,毕节市威宁彝族回族苗族自治县政协,县级,自治县,县级,自治县,"县级政协,自治县政协",,毕节市,贵州省,西南,
2629,毕节市赫章县政协,县级,县,县级,县,"县级政协,县政协",,毕节市,贵州省,西南,
2630,毕节市黔西市政协,县级,县级市,县级,县级市,"县级政协,县级市政协",,毕节市,贵州省,西南,
2631,铜仁市政协,地级,地级市,地级,地级市,"地级政协,地级市政协",,铜仁市,贵州省,西南,
2632,铜仁市碧江区政协,县级,市辖区,县级,市辖区,"县级政协,市辖区政协,区政协",,铜仁市,贵州省,西南,
2633,铜仁市万山区政协,县级,市辖区,县级,市辖区,"县级政协,市辖区政协,区政协",,铜仁市,贵州省,西南,
2634,铜仁市江口县政协,县级,县,县级,县,"县级政协,县政协",,铜仁市,贵州省,西南,
2635,铜仁市玉屏侗族自治县政协,县级,自治县,县级,自治县,"县级政协,自治县政协",,铜仁市,贵州省,西南,
2636,铜仁市石阡县政协,县级,县,县级,县,"县级政协,县政协",,铜仁市,贵州省,西南,
2637,铜仁市思南县政协,县级,县,县级,县,"县级政协,县政协",,铜仁市,贵州省,西南,
2638,铜仁市印江土家族苗族自治县政协,县级,自治县,县级,自治县,"县级政协,自治县政协",,铜仁市,贵州省,西南,
2639,铜仁市德江县政协,县级,县,县级,县,"县级政协,县政协",,铜仁市,贵州省,西南,
2640,铜仁市沿河土家族自治县政协,县级,自治县,县级,自治县,"县级政协,自治县政协",,铜仁市,贵州省,西南,
2641,铜仁市松桃苗族自治县政协,县级,自治县,县级,自治县,"县级政协,自治县政协",,铜仁市,贵州省,西南,
2642,黔西南布依族苗族自治州政协,地级,自治州,地级,自治州,"地级政协,自治州政协",,黔西南布依族苗族自治州,贵州省,西南,
2643,黔西南布依族苗族自治州兴义市政协,县级,县级市,县级,县级市,"县级政协,县级市政协",,黔西南布依族苗族自治州,贵州省,西南,
2644,黔西南布依族苗族自治州兴仁市政协,县级,县级市,县级,县级市,"县级政协,县级市政协",,黔西南布依族苗族自治州,贵州省,西南,
2645,黔西南布依族苗族自治州普安县政协,县级,县,县级,县,"县级政协,县政协",,黔西南布依族苗族自治州,贵州省,西南,
2646,黔西南布依族苗族自治州晴隆县政协,县级,县,县级,县,"县级政协,县政协",,黔西南布依族苗族自治州,贵州省,西南,
2647,黔西南布依族苗族自治州贞丰县政协,县级,县,县级,县,"县级政协,县政协",,黔西南布依族苗族自治州,贵州省,西南,
2648,黔西南布依族苗族自治州望谟县政协,县级,县,县级,县,"县级政协,县政协",,黔西南布依族苗族自治州,贵州省,西南,
2649,黔西南布依族苗族自治州册亨县政协,县级,县,县级,县,"县级政协,县政协",,黔西南布依族苗族自治州,贵州省,西南,
2650,黔西南布依族苗族自治州安龙县政协,县级,县,县级,县,"县级政协,县政协",,黔西南布依族苗族自治州,贵州省,西南,
2651,黔东南苗族侗族自治州政协,地级,自治州,地级,自治州,"地级政协,自治州政协",,黔东南苗族侗族自治州,贵州省,西南,
2652,黔东南苗族侗族自治州凯里市政协,县级,县级市,县级,县级市,"县级政协,县级市政协",,黔东南苗族侗族自治州,贵州省,西南,
2653,黔东南苗族侗族自治州黄平县政协,县级,县,县级,县,"县级政协,县政协",,黔东南苗族侗族自治州,贵州省,西南,
2654,黔东南苗族侗族自治州施秉县政协,县级,县,县级,县,"县级政协,县政协",,黔东南苗族侗族自治州,贵州省,西南,
2655,黔东南苗族侗族自治州三穗县政协,县级,县,县级,县,"县级政协,县政协",,黔东南苗族侗族自治州,贵州省,西南,
2656,黔东南苗族侗族自治州镇远县政协,县级,县,县级,县,"县级政协,县政协",,黔东南苗族侗族自治州,贵州省,西南,
2657,黔东南苗族侗族自治州岑巩县政协,县级,县,县级,县,"县级政协,县政协",,黔东南苗族侗族自治州,贵州省,西南,
2658,黔东南苗族侗族自治州天柱县政协,县级,县,县级,县,"县级政协,县政协",,黔东南苗族侗族自治州,贵州省,西南,
2659,黔东南苗族侗族自治州锦屏县政协,县级,县,县级,县,"县级政协,县政协",,黔东南苗族侗族自治州,贵州省,西南,
2660,黔东南苗族侗族自治州剑河县政协,县级,县,县级,县,"县级政协,县政协",,黔东南苗族侗族自治州,贵州省,西南,
2661,黔东南苗族侗族自治州台江县政协,县级,县,县级,县,"县级政协,县政协",,黔东南苗族侗族自治州,贵州省,西南,
2662,黔东南苗族侗族自治州黎平县政协,县级,县,县级,县,"县级政协,县政协",,黔东南苗族侗族自治州,贵州省,西南,
2663,黔东南苗族侗族自治州榕江县政协,县级,县,县级,县,"县级政协,县政协",,黔东南苗族侗族自治州,贵州省,西南,
2664,黔东南苗族侗族自治州从江县政协,县级,县,县级,县,"县级政协,县政协",,黔东南苗族侗族自治州,贵州省,西南,
2665,黔东南苗族侗族自治州雷山县政协,县级,县,县级,县,"县级政协,县政协",,黔东南苗族侗族自治州,贵州省,西南,
2666,黔东南苗族侗族自治州麻江县政协,县级,县,县级,县,"县级政协,县政协",,黔东南苗族侗族自治州,贵州省,西南,
2667,黔东南苗族侗族自治州丹寨县政协,县级,县,县级,县,"县级政协,县政协",,黔东南苗族侗族自治州,贵州省,西南,
2668,黔南布依族苗族自治州政协,地级,自治州,地级,自治州,"地级政协,自治州政协",,黔南布依族苗族自治州,贵州省,西南,
2669,黔南布依族苗族自治州都匀市政协,县级,县级市,县级,县级市,"县级政协,县级市政协",,黔南布依族苗族自治州,贵州省,西南,
2670,黔南布依族苗族自治州福泉市政协,县级,县级市,县级,县级市,"县级政协,县级市政协",,黔南布依族苗族自治州,贵州省,西南,
2671,黔南布依族苗族自治州荔波县政协,县级,县,县级,县,"县级政协,县政协",,黔南布依族苗族自治州,贵州省,西南,
2672,黔南布依族苗族自治州贵定县政协,县级,县,县级,县,"县级政协,县政协",,黔南布依族苗族自治州,贵州省,西南,
2673,黔南布依族苗族自治州瓮安县政协,县级,县,县级,县,"县级政协,县政协",,黔南布依族苗族自治州,贵州省,西南,
2674,黔南布依族苗族自治州独山县政协,县级,县,县级,县,"县级政协,县政协",,黔南布依族苗族自治州,贵州省,西南,
2675,黔南布依族苗族自治州平塘县政协,县级,县,县级,县,"县级政协,县政协",,黔南布依族苗族自治州,贵州省,西南,
2676,黔南布依族苗族自治州罗甸县政协,县级,县,县级,县,"县级政协,县政协",,黔南布依族苗族自治州,贵州省,西南,
2677,黔南布依族苗族自治州长顺县政协,县级,县,县级,县,"县级政协,县政协",,黔南布依族苗族自治州,贵州省,西南,
2678,黔南布依族苗族自治州龙里县政协,县级,县,县级,县,"县级政协,县政协",,黔南布依族苗族自治州,贵州省,西南,
2679,黔南布依族苗族自治州惠水县政协,县级,县,县级,县,"县级政协,县政协",,黔南布依族苗族自治州,贵州省,西南,
2680,黔南布依族苗族自治州三都水族自治县政协,县级,自治县,县级,自治县,"县级政协,自治县政协",,黔南布依族苗族自治州,贵州省,西南,
2681,云南省政协,省级,省,省级,省,"省级政协,省政协",,,云南省,西南,
2682,昆明市政协,地级,地级市,地级,地级市,"地级政协,地级市政协",,昆明市,云南省,西南,
2683,昆明市五华区政协,县级,市辖区,县级,市辖区,"县级政协,市辖区政协,区政协",,昆明市,云南省,西南,
2684,昆明市盘龙区政协,县级,市辖区,县级,市辖区,"县级政协,市辖区政协,区政协",,昆明市,云南省,西南,
2685,昆明市官渡区政协,县级,市辖区,县级,市辖区,"县级政协,市辖区政协,区政协",,昆明市,云南省,西南,
2686,昆明市西山区政协,县级,市辖区,县级,市辖区,"县级政协,市辖区政协,区政协",,昆明市,云南省,西南,
2687,昆明市东川区政协,县级,市辖区,县级,市辖区,"县级政协,市辖区政协,区政协",,昆明市,云南省,西南,
2688,昆明市呈贡区政协,县级,市辖区,县级,市辖区,"县级政协,市辖区政协,区政协",,昆明市,云南省,西南,
2689,昆明市晋宁区政协,县级,市辖区,县级,市辖区,"县级政协,市辖区政协,区政协",,昆明市,云南省,西南,
2690,昆明市富民县政协,县级,县,县级,县,"县级政协,县政协",,昆明市,云南省,西南,
2691,昆明市宜良县政协,县级,县,县级,县,"县级政协,县政协",,昆明市,云南省,西南,
2692,昆明市石林彝族自治县政协,县级,自治县,县级,自治县,"县级政协,自治县政协",,昆明市,云南省,西南,
2693,昆明市嵩明县政协,县级,县,县级,县,"县级政协,县政协",,昆明市,云南省,西南,
2694,昆明市禄劝彝族苗族自治县政协,县级,自治县,县级,自治县,"县级政协,自治县政协",,昆明市,云南省,西南,
2695,昆明市寻甸回族彝族自治县政协,县级,自治县,县级,自治县,"县级政协,自治县政协",,昆明市,云南省,西南,
2696,昆明市安宁市政协,县级,县级市,县级,县级市,"县级政协,县级市政协",,昆明市,云南省,西南,
2697,曲靖市政协,地级,地级市,地级,地级市,"地级政协,地级市政协",,曲靖市,云南省,西南,
2698,曲靖市麒麟区政协,县级,市辖区,县级,市辖区,"县级政协,市辖区政协,区政协",,曲靖市,云南省,西南,
2699,曲靖市沾益区政协,县级,市辖区,县级,市辖区,"县级政协,市辖区政协,区政协",,曲靖市,云南省,西南,
2700,曲靖市马龙区政协,县级,市辖区,县级,市辖区,"县级政协,市辖区政协,区政协",,曲靖市,云南省,西南,
2701,曲靖市陆良县政协,县级,县,县级,县,"县级政协,县政协",,曲靖市,云南省,西南,
2702,曲靖市师宗县政协,县级,县,县级,县,"县级政协,县政协",,曲靖市,云南省,西南,
2703,曲靖市罗平县政协,县级,县,县级,县,"县级政协,县政协",,曲靖市,云南省,西南,
2704,曲靖市富源县政协,县级,县,县级,县,"县级政协,县政协",,曲靖市,云南省,西南,
2705,曲靖市会泽县政协,县级,县,县级,县,"县级政协,县政协",,曲靖市,云南省,西南,
2706,曲靖市宣威市政协,县级,县级市,县级,县级市,"县级政协,县级市政协",,曲靖市,云南省,西南,
2707,玉溪市政协,地级,地级市,地级,地级市,"地级政协,地级市政协",,玉溪市,云南省,西南,
2708,玉溪市红塔区政协,县级,市辖区,县级,市辖区,"县级政协,市辖区政协,区政协",,玉溪市,云南省,西南,
2709,玉溪市江川区政协,县级,市辖区,县级,市辖区,"县级政协,市辖区政协,区政协",,玉溪市,云南省,西南,
2710,玉溪市通海县政协,县级,县,县级,县,"县级政协,县政协",,玉溪市,云南省,西南,
2711,玉溪市华宁县政协,县级,县,县级,县,"县级政协,县政协",,玉溪市,云南省,西南,
2712,玉溪市易门县政协,县级,县,县级,县,"县级政协,县政协",,玉溪市,云南省,西南,
2713,玉溪市峨山彝族自治县政协,县级,自治县,县级,自治县,"县级政协,自治县政协",,玉溪市,云南省,西南,
2714,玉溪市新平彝族傣族自治县政协,县级,自治县,县级,自治县,"县级政协,自治县政协",,玉溪市,云南省,西南,
2715,玉溪市元江哈尼族彝族傣族自治县政协,县级,自治县,县级,自治县,"县级政协,自治县政协",,玉溪市,云南省,西南,
2716,玉溪市澄江市政协,县级,县级市,县级,县级市,"县级政协,县级市政协",,玉溪市,云南省,西南,
2717,保山市政协,地级,地级市,地级,地级市,"地级政协,地级市政协",,保山市,云南省,西南,
2718,保山市隆阳区政协,县级,市辖区,县级,市辖区,"县级政协,市辖区政协,区政协",,保山市,云南省,西南,
2719,保山市施甸县政协,县级,县,县级,县,"县级政协,县政协",,保山市,云南省,西南,
2720,保山市龙陵县政协,县级,县,县级,县,"县级政协,县政协",,保山市,云南省,西南,
2721,保山市昌宁县政协,县级,县,县级,县,"县级政协,县政协",,保山市,云南省,西南,
2722,保山市腾冲市政协,县级,县级市,县级,县级市,"县级政协,县级市政协",,保山市,云南省,西南,
2723,昭通市政协,地级,地级市,地级,地级市,"地级政协,地级市政协",,昭通市,云南省,西南,
2724,昭通市昭阳区政协,县级,市辖区,县级,市辖区,"县级政协,市辖区政协,区政协",,昭通市,云南省,西南,
2725,昭通市鲁甸县政协,县级,县,县级,县,"县级政协,县政协",,昭通市,云南省,西南,
2726,昭通市巧家县政协,县级,县,县级,县,"县级政协,县政协",,昭通市,云南省,西南,
2727,昭通市盐津县政协,县级,县,县级,县,"县级政协,县政协",,昭通市,云南省,西南,
2728,昭通市大关县政协,县级,县,县级,县,"县级政协,县政协",,昭通市,云南省,西南,
2729,昭通市永善县政协,县级,县,县级,县,"县级政协,县政协",,昭通市,云南省,西南,
2730,昭通市绥江县政协,县级,县,县级,县,"县级政协,县政协",,昭通市,云南省,西南,
2731,昭通市镇雄县政协,县级,县,县级,县,"县级政协,县政协",,昭通市,云南省,西南,
2732,昭通市彝良县政协,县级,县,县级,县,"县级政协,县政协",,昭通市,云南省,西南,
2733,昭通市威信县政协,县级,县,县级,县,"县级政协,县政协",,昭通市,云南省,西南,
2734,昭通市水富市政协,县级,县级市,县级,县级市,"县级政协,县级市政协",,昭通市,云南省,西南,
2735,丽江市政协,地级,地级市,地级,地级市,"地级政协,地级市政协",,丽江市,云南省,西南,
2736,丽江市古城区政协,县级,市辖区,县级,市辖区,"县级政协,市辖区政协,区政协",,丽江市,云南省,西南,
2737,丽江市玉龙纳西族自治县政协,县级,自治县,县级,自治县,"县级政协,自治县政协",,丽江市,云南省,西南,
2738,丽江市永胜县政协,县级,县,县级,县,"县级政协,县政协",,丽江市,云南省,西南,
2739,丽江市华坪县政协,县级,县,县级,县,"县级政协,县政协",,丽江市,云南省,西南,
2740,丽江市宁蒗彝族自治县政协,县级,自治县,县级,自治县,"县级政协,自治县政协",,丽江市,云南省,西南,
2741,普洱市政协,地级,地级市,地级,地级市,"地级政协,地级市政协",,普洱市,云南省,西南,
2742,普洱市思茅区政协,县级,市辖区,县级,市辖区,"县级政协,市辖区政协,区政协",,普洱市,云南省,西南,
2743,普洱市宁洱哈尼族彝族自治县政协,县级,自治县,县级,自治县,"县级政协,自治县政协",,普洱市,云南省,西南,
2744,普洱市墨江哈尼族自治县政协,县级,自治县,县级,自治县,"县级政协,自治县政协",,普洱市,云南省,西南,
2745,普洱市景东彝族自治县政协,县级,自治县,县级,自治县,"县级政协,自治县政协",,普洱市,云南省,西南,
2746,普洱市景谷傣族彝族自治县政协,县级,自治县,县级,自治县,"县级政协,自治县政协",,普洱市,云南省,西南,
2747,普洱市镇沅彝族哈尼族拉祜族自治县政协,县级,自治县,县级,自治县,"县级政协,自治县政协",,普洱市,云南省,西南,
2748,普洱市江城哈尼族彝族自治县政协,县级,自治县,县级,自治县,"县级政协,自治县政协",,普洱市,云南省,西南,
2749,普洱市孟连傣族拉祜族佤族自治县政协,县级,自治县,县级,自治县,"县级政协,自治县政协",,普洱市,云南省,西南,
2750,普洱市澜沧拉祜族自治县政协,县级,自治县,县级,自治县,"县级政协,自治县政协",,普洱市,云南省,西南,
2751,普洱市西盟佤族自治县政协,县级,自治县,县级,自治县,"县级政协,自治县政协",,普洱市,云南省,西南,
2752,临沧市政协,地级,地级市,地级,地级市,"地级政协,地级市政协",,临沧市,云南省,西南,
2753,临沧市临翔区政协,县级,市辖区,县级,市辖区,"县级政协,市辖区政协,区政协",,临沧市,云南省,西南,
2754,临沧市凤庆县政协,县级,县,县级,县,"县级政协,县政协",,临沧市,云南省,西南,
2755,临沧市云县政协,县级,县,县级,县,"县级政协,县政协",,临沧市,云南省,西南,
2756,临沧市永德县政协,县级,县,县级,县,"县级政协,县政协",,临沧市,云南省,西南,
2757,临沧市镇康县政协,县级,县,县级,县,"县级政协,县政协",,临沧市,云南省,西南,
2758,临沧市双江拉祜族佤族布朗族傣族自治县政协,县级,自治县,县级,自治县,"县级政协,自治县政协",,临沧市,云南省,西南,
2759,临沧市耿马傣族佤族自治县政协,县级,自治县,县级,自治县,"县级政协,自治县政协",,临沧市,云南省,西南,
2760,临沧市沧源佤族自治县政协,县级,自治县,县级,自治县,"县级政协,自治县政协",,临沧市,云南省,西南,
2761,楚雄彝族自治州政协,地级,自治州,地级,自治州,"地级政协,自治州政协",,楚雄彝族自治州,云南省,西南,
2762,楚雄彝族自治州楚雄市政协,县级,县级市,县级,县级市,"县级政协,县级市政协",,楚雄彝族自治州,云南省,西南,
2763,楚雄彝族自治州禄丰市政协,县级,县级市,县级,县级市,"县级政协,县级市政协",,楚雄彝族自治州,云南省,西南,
2764,楚雄彝族自治州双柏县政协,县级,县,县级,县,"县级政协,县政协",,楚雄彝族自治州,云南省,西南,
2765,楚雄彝族自治州牟定县政协,县级,县,县级,县,"县级政协,县政协",,楚雄彝族自治州,云南省,西南,
2766,楚雄彝族自治州南华县政协,县级,县,县级,县,"县级政协,县政协",,楚雄彝族自治州,云南省,西南,
2767,楚雄彝族自治州姚安县政协,县级,县,县级,县,"县级政协,县政协",,楚雄彝族自治州,云南省,西南,
2768,楚雄彝族自治州大姚县政协,县级,县,县级,县,"县级政协,县政协",,楚雄彝族自治州,云南省,西南,
2769,楚雄彝族自治州永仁县政协,县级,县,县级,县,"县级政协,县政协",,楚雄彝族自治州,云南省,西南,
2770,楚雄彝族自治州元谋县政协,县级,县,县级,县,"县级政协,县政协",,楚雄彝族自治州,云南省,西南,
2771,楚雄彝族自治州武定县政协,县级,县,县级,县,"县级政协,县政协",,楚雄彝族自治州,云南省,西南,
2772,红河哈尼族彝族自治州政协,地级,自治州,地级,自治州,"地级政协,自治州政协",,红河哈尼族彝族自治州,云南省,西南,
2773,红河哈尼族彝族自治州个旧市政协,县级,县级市,县级,县级市,"县级政协,县级市政协",,红河哈尼族彝族自治州,云南省,西南,
2774,红河哈尼族彝族自治州开远市政协,县级,县级市,县级,县级市,"县级政协,县级市政协",,红河哈尼族彝族自治州,云南省,西南,
2775,红河哈尼族彝族自治州蒙自市政协,县级,县级市,县级,县级市,"县级政协,县级市政协",,红河哈尼族彝族自治州,云南省,西南,
2776,红河哈尼族彝族自治州弥勒市政协,县级,县级市,县级,县级市,"县级政协,县级市政协",,红河哈尼族彝族自治州,云南省,西南,
2777,红河哈尼族彝族自治州屏边苗族自治县政协,县级,自治县,县级,自治县,"县级政协,自治县政协",,红河哈尼族彝族自治州,云南省,西南,
2778,红河哈尼族彝族自治州建水县政协,县级,县,县级,县,"县级政协,县政协",,红河哈尼族彝族自治州,云南省,西南,
2779,红河哈尼族彝族自治州石屏县政协,县级,县,县级,县,"县级政协,县政协",,红河哈尼族彝族自治州,云南省,西南,
2780,红河哈尼族彝族自治州泸西县政协,县级,县,县级,县,"县级政协,县政协",,红河哈尼族彝族自治州,云南省,西南,
2781,红河哈尼族彝族自治州元阳县政协,县级,县,县级,县,"县级政协,县政协",,红河哈尼族彝族自治州,云南省,西南,
2782,红河哈尼族彝族自治州红河县政协,县级,县,县级,县,"县级政协,县政协",,红河哈尼族彝族自治州,云南省,西南,
2783,红河哈尼族彝族自治州金平苗族瑶族傣族自治县政协,县级,自治县,县级,自治县,"县级政协,自治县政协",,红河哈尼族彝族自治州,云南省,西南,
2784,红河哈尼族彝族自治州绿春县政协,县级,县,县级,县,"县级政协,县政协",,红河哈尼族彝族自治州,云南省,西南,
2785,红河哈尼族彝族自治州河口瑶族自治县政协,县级,自治县,县级,自治县,"县级政协,自治县政协",,红河哈尼族彝族自治州,云南省,西南,
2786,文山壮族苗族自治州政协,地级,自治州,地级,自治州,"地级政协,自治州政协",,文山壮族苗族自治州,云南省,西南,
2787,文山壮族苗族自治州文山市政协,县级,县级市,县级,县级市,"县级政协,县级市政协",,文山壮族苗族自治州,云南省,西南,
2788,文山壮族苗族自治州砚山县政协,县级,县,县级,县,"县级政协,县政协",,文山壮族苗族自治州,云南省,西南,
2789,文山壮族苗族自治州西畴县政协,县级,县,县级,县,"县级政协,县政协",,文山壮族苗族自治州,云南省,西南,
2790,文山壮族苗族自治州麻栗坡县政协,县级,县,县级,县,"县级政协,县政协",,文山壮族苗族自治州,云南省,西南,
2791,文山壮族苗族自治州马关县政协,县级,县,县级,县,"县级政协,县政协",,文山壮族苗族自治州,云南省,西南,
2792,文山壮族苗族自治州丘北县政协,县级,县,县级,县,"县级政协,县政协",,文山壮族苗族自治州,云南省,西南,
2793,文山壮族苗族自治州广南县政协,县级,县,县级,县,"县级政协,县政协",,文山壮族苗族自治州,云南省,西南,
2794,文山壮族苗族自治州富宁县政协,县级,县,县级,县,"县级政协,县政协",,文山壮族苗族自治州,云南省,西南,
2795,西双版纳傣族自治州政协,地级,自治州,地级,自治州,"地级政协,自治州政协",,西双版纳傣族自治州,云南省,西南,
2796,西双版纳傣族自治州景洪市政协,县级,县级市,县级,县级市,"县级政协,县级市政协",,西双版纳傣族自治州,云南省,西南,
2797,西双版纳傣族自治州勐海县政协,县级,县,县级,县,"县级政协,县政协",,西双版纳傣族自治州,云南省,西南,
2798,西双版纳傣族自治州勐腊县政协,县级,县,县级,县,"县级政协,县政协",,西双版纳傣族自治州,云南省,西南,
2799,大理白族自治州政协,地级,自治州,地级,自治州,"地级政协,自治州政协",,大理白族自治州,云南省,西南,
2800,大理白族自治州大理市政协,县级,县级市,县级,县级市,"县级政协,县级市政协",,大理白族自治州,云南省,西南,
2801,大理白族自治州漾濞彝族自治县政协,县级,自治县,县级,自治县,"县级政协,自治县政协",,大理白族自治州,云南省,西南,
2802,大理白族自治州祥云县政协,县级,县,县级,县,"县级政协,县政协",,大理白族自治州,云南省,西南,
2803,大理白族自治州宾川县政协,县级,县,县级,县,"县级政协,县政协",,大理白族自治州,云南省,西南,
2804,大理白族自治州弥渡县政协,县级,县,县级,县,"县级政协,县政协",,大理白族自治州,云南省,西南,
2805,大理白族自治州南涧彝族自治县政协,县级,自治县,县级,自治县,"县级政协,自治县政协",,大理白族自治州,云南省,西南,
2806,大理白族自治州巍山彝族回族自治县政协,县级,自治县,县级,自治县,"县级政协,自治县政协",,大理白族自治州,云南省,西南,
2807,大理白族自治州永平县政协,县级,县,县级,县,"县级政协,县政协",,大理白族自治州,云南省,西南,
2808,大理白族自治州云龙县政协,县级,县,县级,县,"县级政协,县政协",,大理白族自治州,云南省,西南,
2809,大理白族自治州洱源县政协,县级,县,县级,县,"县级政协,县政协",,大理白族自治州,云南省,西南,
2810,大理白族自治州剑川县政协,县级,县,县级,县,"县级政协,县政协",,大理白族自治州,云南省,西南,
2811,大理白族自治州鹤庆县政协,县级,县,县级,县,"县级政协,县政协",,大理白族自治州,云南省,西南,
2812,德宏傣族景颇族自治州政协,地级,自治州,地级,自治州,"地级政协,自治州政协",,德宏傣族景颇族自治州,云南省,西南,
2813,德宏傣族景颇族自治州瑞丽市政协,县级,县级市,县级,县级市,"县级政协,县级市政协",,德宏傣族景颇族自治州,云南省,西南,
2814,德宏傣族景颇族自治州芒市政协,县级,县级市,县级,县级市,"县级政协,县级市政协",,德宏傣族景颇族自治州,云南省,西南,
2815,德宏傣族景颇族自治州梁河县政协,县级,县,县级,县,"县级政协,县政协",,德宏傣族景颇族自治州,云南省,西南,
2816,德宏傣族景颇族自治州盈江县政协,县级,县,县级,县,"县级政协,县政协",,德宏傣族景颇族自治州,云南省,西南,
2817,德宏傣族景颇族自治州陇川县政协,县级,县,县级,县,"县级政协,县政协",,德宏傣族景颇族自治州,云南省,西南,
2818,怒江傈僳族自治州政协,地级,自治州,地级,自治州,"地级政协,自治州政协",,怒江傈僳族自治州,云南省,西南,
2819,怒江傈僳族自治州泸水市政协,县级,县级市,县级,县级市,"县级政协,县级市政协",,怒江傈僳族自治州,云南省,西南,
2820,怒江傈僳族自治州福贡县政协,县级,县,县级,县,"县级政协,县政协",,怒江傈僳族自治州,云南省,西南,
2821,怒江傈僳族自治州贡山独龙族怒族自治县政协,县级,自治县,县级,自治县,"县级政协,自治县政协",,怒江傈僳族自治州,云南省,西南,
2822,怒江傈僳族自治州兰坪白族普米族自治县政协,县级,自治县,县级,自治县,"县级政协,自治县政协",,怒江傈僳族自治州,云南省,西南,
2823,迪庆藏族自治州政协,地级,自治州,地级,自治州,"地级政协,自治州政协",,迪庆藏族自治州,云南省,西南,
2824,迪庆藏族自治州香格里拉市政协,县级,县级市,县级,县级市,"县级政协,县级市政协",,迪庆藏族自治州,云南省,西南,
2825,迪庆藏族自治州德钦县政协,县级,县,县级,县,"县级政协,县政协",,迪庆藏族自治州,云南省,西南,
2826,迪庆藏族自治州维西傈僳族自治县政协,县级,自治县,县级,自治县,"县级政协,自治县政协",,迪庆藏族自治州,云南省,西南,
2827,西藏自治区政协,省级,自治区,省级,自治区,"省级政协,自治区政协",民族自治区,,西藏自治区,西南,
2828,拉萨市政协,地级,地级市,地级,地级市,"地级政协,地级市政协",,拉萨市,西藏自治区,西南,
2829,拉萨市城关区政协,县级,市辖区,县级,市辖区,"县级政协,市辖区政协,区政协",,拉萨市,西藏自治区,西南,
2830,拉萨市堆龙德庆区政协,县级,市辖区,县级,市辖区,"县级政协,市辖区政协,区政协",,拉萨市,西藏自治区,西南,
2831,拉萨市达孜区政协,县级,市辖区,县级,市辖区,"县级政协,市辖区政协,区政协",,拉萨市,西藏自治区,西南,
2832,拉萨市林周县政协,县级,县,县级,县,"县级政协,县政协",,拉萨市,西藏自治区,西南,
2833,拉萨市当雄县政协,县级,县,县级,县,"县级政协,县政协",,拉萨市,西藏自治区,西南,
2834,拉萨市尼木县政协,县级,县,县级,县,"县级政协,县政协",,拉萨市,西藏自治区,西南,
2835,拉萨市曲水县政协,县级,县,县级,县,"县级政协,县政协",,拉萨市,西藏自治区,西南,
2836,拉萨市墨竹工卡县政协,县级,县,县级,县,"县级政协,县政协",,拉萨市,西藏自治区,西南,
2837,拉萨市格尔木藏青工业园区政协,县级,市辖区,县级,市辖区,"县级政协,市辖区政协,区政协",,拉萨市,西藏自治区,西南,疑似功能区（含「工业园区」），通常无独立政协委员会，请核实
2838,拉萨市拉萨经济技术开发区政协,县级,市辖区,县级,市辖区,"县级政协,市辖区政协,区政协",,拉萨市,西藏自治区,西南,疑似功能区（含「开发区」），通常无独立政协委员会，请核实
2839,拉萨市西藏文化旅游创意园区政协,县级,市辖区,县级,市辖区,"县级政协,市辖区政协,区政协",,拉萨市,西藏自治区,西南,
2840,拉萨市达孜工业园区政协,县级,市辖区,县级,市辖区,"县级政协,市辖区政协,区政协",,拉萨市,西藏自治区,西南,疑似功能区（含「工业园区」），通常无独立政协委员会，请核实
2841,日喀则市政协,地级,地级市,地级,地级市,"地级政协,地级市政协",,日喀则市,西藏自治区,西南,
2842,日喀则市桑珠孜区政协,县级,市辖区,县级,市辖区,"县级政协,市辖区政协,区政协",,日喀则市,西藏自治区,西南,
2843,日喀则市南木林县政协,县级,县,县级,县,"县级政协,县政协",,日喀则市,西藏自治区,西南,
2844,日喀则市江孜县政协,县级,县,县级,县,"县级政协,县政协",,日喀则市,西藏自治区,西南,
2845,日喀则市定日县政协,县级,县,县级,县,"县级政协,县政协",,日喀则市,西藏自治区,西南,
2846,日喀则市萨迦县政协,县级,县,县级,县,"县级政协,县政协",,日喀则市,西藏自治区,西南,
2847,日喀则市拉孜县政协,县级,县,县级,县,"县级政协,县政协",,日喀则市,西藏自治区,西南,
2848,日喀则市昂仁县政协,县级,县,县级,县,"县级政协,县政协",,日喀则市,西藏自治区,西南,
2849,日喀则市谢通门县政协,县级,县,县级,县,"县级政协,县政协",,日喀则市,西藏自治区,西南,
2850,日喀则市白朗县政协,县级,县,县级,县,"县级政协,县政协",,日喀则市,西藏自治区,西南,
2851,日喀则市仁布县政协,县级,县,县级,县,"县级政协,县政协",,日喀则市,西藏自治区,西南,
2852,日喀则市康马县政协,县级,县,县级,县,"县级政协,县政协",,日喀则市,西藏自治区,西南,
2853,日喀则市定结县政协,县级,县,县级,县,"县级政协,县政协",,日喀则市,西藏自治区,西南,
2854,日喀则市仲巴县政协,县级,县,县级,县,"县级政协,县政协",,日喀则市,西藏自治区,西南,
2855,日喀则市亚东县政协,县级,县,县级,县,"县级政协,县政协",,日喀则市,西藏自治区,西南,
2856,日喀则市吉隆县政协,县级,县,县级,县,"县级政协,县政协",,日喀则市,西藏自治区,西南,
2857,日喀则市聂拉木县政协,县级,县,县级,县,"县级政协,县政协",,日喀则市,西藏自治区,西南,
2858,日喀则市萨嘎县政协,县级,县,县级,县,"县级政协,县政协",,日喀则市,西藏自治区,西南,
2859,日喀则市岗巴县政协,县级,县,县级,县,"县级政协,县政协",,日喀则市,西藏自治区,西南,
2860,昌都市政协,地级,地级市,地级,地级市,"地级政协,地级市政协",,昌都市,西藏自治区,西南,
2861,昌都市卡若区政协,县级,市辖区,县级,市辖区,"县级政协,市辖区政协,区政协",,昌都市,西藏自治区,西南,
2862,昌都市江达县政协,县级,县,县级,县,"县级政协,县政协",,昌都市,西藏自治区,西南,
2863,昌都市贡觉县政协,县级,县,县级,县,"县级政协,县政协",,昌都市,西藏自治区,西南,
2864,昌都市类乌齐县政协,县级,县,县级,县,"县级政协,县政协",,昌都市,西藏自治区,西南,
2865,昌都市丁青县政协,县级,县,县级,县,"县级政协,县政协",,昌都市,西藏自治区,西南,
2866,昌都市察雅县政协,县级,县,县级,县,"县级政协,县政协",,昌都市,西藏自治区,西南,
2867,昌都市八宿县政协,县级,县,县级,县,"县级政协,县政协",,昌都市,西藏自治区,西南,
2868,昌都市左贡县政协,县级,县,县级,县,"县级政协,县政协",,昌都市,西藏自治区,西南,
2869,昌都市芒康县政协,县级,县,县级,县,"县级政协,县政协",,昌都市,西藏自治区,西南,
2870,昌都市洛隆县政协,县级,县,县级,县,"县级政协,县政协",,昌都市,西藏自治区,西南,
2871,昌都市边坝县政协,县级,县,县级,县,"县级政协,县政协",,昌都市,西藏自治区,西南,
2872,林芝市政协,地级,地级市,地级,地级市,"地级政协,地级市政协",,林芝市,西藏自治区,西南,
2873,林芝市巴宜区政协,县级,市辖区,县级,市辖区,"县级政协,市辖区政协,区政协",,林芝市,西藏自治区,西南,
2874,林芝市工布江达县政协,县级,县,县级,县,"县级政协,县政协",,林芝市,西藏自治区,西南,
2875,林芝市墨脱县政协,县级,县,县级,县,"县级政协,县政协",,林芝市,西藏自治区,西南,
2876,林芝市波密县政协,县级,县,县级,县,"县级政协,县政协",,林芝市,西藏自治区,西南,
2877,林芝市察隅县政协,县级,县,县级,县,"县级政协,县政协",,林芝市,西藏自治区,西南,
2878,林芝市朗县政协,县级,县,县级,县,"县级政协,县政协",,林芝市,西藏自治区,西南,
2879,林芝市米林市政协,县级,县级市,县级,县级市,"县级政协,县级市政协",,林芝市,西藏自治区,西南,
2880,山南市政协,地级,地级市,地级,地级市,"地级政协,地级市政协",,山南市,西藏自治区,西南,
2881,山南市乃东区政协,县级,市辖区,县级,市辖区,"县级政协,市辖区政协,区政协",,山南市,西藏自治区,西南,
2882,山南市扎囊县政协,县级,县,县级,县,"县级政协,县政协",,山南市,西藏自治区,西南,
2883,山南市贡嘎县政协,县级,县,县级,县,"县级政协,县政协",,山南市,西藏自治区,西南,
2884,山南市桑日县政协,县级,县,县级,县,"县级政协,县政协",,山南市,西藏自治区,西南,
2885,山南市琼结县政协,县级,县,县级,县,"县级政协,县政协",,山南市,西藏自治区,西南,
2886,山南市曲松县政协,县级,县,县级,县,"县级政协,县政协",,山南市,西藏自治区,西南,
2887,山南市措美县政协,县级,县,县级,县,"县级政协,县政协",,山南市,西藏自治区,西南,
2888,山南市洛扎县政协,县级,县,县级,县,"县级政协,县政协",,山南市,西藏自治区,西南,
2889,山南市加查县政协,县级,县,县级,县,"县级政协,县政协",,山南市,西藏自治区,西南,
2890,山南市隆子县政协,县级,县,县级,县,"县级政协,县政协",,山南市,西藏自治区,西南,
2891,山南市浪卡子县政协,县级,县,县级,县,"县级政协,县政协",,山南市,西藏自治区,西南,
2892,山南市错那市政协,县级,县级市,县级,县级市,"县级政协,县级市政协",,山南市,西藏自治区,西南,
2893,那曲市政协,地级,地级市,地级,地级市,"地级政协,地级市政协",,那曲市,西藏自治区,西南,
2894,那曲市色尼区政协,县级,市辖区,县级,市辖区,"县级政协,市辖区政协,区政协",,那曲市,西藏自治区,西南,
2895,那曲市嘉黎县政协,县级,县,县级,县,"县级政协,县政协",,那曲市,西藏自治区,西南,
2896,那曲市比如县政协,县级,县,县级,县,"县级政协,县政协",,那曲市,西藏自治区,西南,
2897,那曲市聂荣县政协,县级,县,县级,县,"县级政协,县政协",,那曲市,西藏自治区,西南,
2898,那曲市安多县政协,县级,县,县级,县,"县级政协,县政协",,那曲市,西藏自治区,西南,
2899,那曲市申扎县政协,县级,县,县级,县,"县级政协,县政协",,那曲市,西藏自治区,西南,
2900,那曲市索县政协,县级,县,县级,县,"县级政协,县政协",,那曲市,西藏自治区,西南,
2901,那曲市班戈县政协,县级,县,县级,县,"县级政协,县政协",,那曲市,西藏自治区,西南,
2902,那曲市巴青县政协,县级,县,县级,县,"县级政协,县政协",,那曲市,西藏自治区,西南,
2903,那曲市尼玛县政协,县级,县,县级,县,"县级政协,县政协",,那曲市,西藏自治区,西南,
2904,那曲市双湖县政协,县级,县,县级,县,"县级政协,县政协",,那曲市,西藏自治区,西南,
2905,阿里地区政协,地级,地区,地级,地区,"地级政协,地区政协",,阿里地区,西藏自治区,西南,
2906,阿里地区普兰县政协,县级,县,县级,县,"县级政协,县政协",,阿里地区,西藏自治区,西南,
2907,阿里地区札达县政协,县级,县,县级,县,"县级政协,县政协",,阿里地区,西藏自治区,西南,
2908,阿里地区噶尔县政协,县级,县,县级,县,"县级政协,县政协",,阿里地区,西藏自治区,西南,
2909,阿里地区日土县政协,县级,县,县级,县,"县级政协,县政协",,阿里地区,西藏自治区,西南,
2910,阿里地区革吉县政协,县级,县,县级,县,"县级政协,县政协",,阿里地区,西藏自治区,西南,
2911,阿里地区改则县政协,县级,县,县级,县,"县级政协,县政协",,阿里地区,西藏自治区,西南,
2912,阿里地区措勤县政协,县级,县,县级,县,"县级政协,县政协",,阿里地区,西藏自治区,西南,
2913,陕西省政协,省级,省,省级,省,"省级政协,省政协",,,陕西省,西北,
2914,西安市政协,副省级,地级市,副省级,地级市,"副省级政协,地级市政协",省会城市、省会城市政协,西安市,陕西省,西北,
2915,西安市新城区政协,县级,市辖区,县级,市辖区,"县级政协,市辖区政协,区政协",,西安市,陕西省,西北,
2916,西安市碑林区政协,县级,市辖区,县级,市辖区,"县级政协,市辖区政协,区政协",,西安市,陕西省,西北,
2917,西安市莲湖区政协,县级,市辖区,县级,市辖区,"县级政协,市辖区政协,区政协",,西安市,陕西省,西北,
2918,西安市灞桥区政协,县级,市辖区,县级,市辖区,"县级政协,市辖区政协,区政协",,西安市,陕西省,西北,
2919,西安市未央区政协,县级,市辖区,县级,市辖区,"县级政协,市辖区政协,区政协",,西安市,陕西省,西北,
2920,西安市雁塔区政协,县级,市辖区,县级,市辖区,"县级政协,市辖区政协,区政协",,西安市,陕西省,西北,
2921,西安市阎良区政协,县级,市辖区,县级,市辖区,"县级政协,市辖区政协,区政协",,西安市,陕西省,西北,
2922,西安市临潼区政协,县级,市辖区,县级,市辖区,"县级政协,市辖区政协,区政协",,西安市,陕西省,西北,
2923,西安市长安区政协,县级,市辖区,县级,市辖区,"县级政协,市辖区政协,区政协",,西安市,陕西省,西北,
2924,西安市高陵区政协,县级,市辖区,县级,市辖区,"县级政协,市辖区政协,区政协",,西安市,陕西省,西北,
2925,西安市鄠邑区政协,县级,市辖区,县级,市辖区,"县级政协,市辖区政协,区政协",,西安市,陕西省,西北,
2926,西安市蓝田县政协,县级,县,县级,县,"县级政协,县政协",,西安市,陕西省,西北,
2927,西安市周至县政协,县级,县,县级,县,"县级政协,县政协",,西安市,陕西省,西北,
2928,铜川市政协,地级,地级市,地级,地级市,"地级政协,地级市政协",,铜川市,陕西省,西北,
2929,铜川市王益区政协,县级,市辖区,县级,市辖区,"县级政协,市辖区政协,区政协",,铜川市,陕西省,西北,
2930,铜川市印台区政协,县级,市辖区,县级,市辖区,"县级政协,市辖区政协,区政协",,铜川市,陕西省,西北,
2931,铜川市耀州区政协,县级,市辖区,县级,市辖区,"县级政协,市辖区政协,区政协",,铜川市,陕西省,西北,
2932,铜川市宜君县政协,县级,县,县级,县,"县级政协,县政协",,铜川市,陕西省,西北,
2933,宝鸡市政协,地级,地级市,地级,地级市,"地级政协,地级市政协",,宝鸡市,陕西省,西北,
2934,宝鸡市渭滨区政协,县级,市辖区,县级,市辖区,"县级政协,市辖区政协,区政协",,宝鸡市,陕西省,西北,
2935,宝鸡市金台区政协,县级,市辖区,县级,市辖区,"县级政协,市辖区政协,区政协",,宝鸡市,陕西省,西北,
2936,宝鸡市陈仓区政协,县级,市辖区,县级,市辖区,"县级政协,市辖区政协,区政协",,宝鸡市,陕西省,西北,
2937,宝鸡市凤翔区政协,县级,市辖区,县级,市辖区,"县级政协,市辖区政协,区政协",,宝鸡市,陕西省,西北,
2938,宝鸡市岐山县政协,县级,县,县级,县,"县级政协,县政协",,宝鸡市,陕西省,西北,
2939,宝鸡市扶风县政协,县级,县,县级,县,"县级政协,县政协",,宝鸡市,陕西省,西北,
2940,宝鸡市眉县政协,县级,县,县级,县,"县级政协,县政协",,宝鸡市,陕西省,西北,
2941,宝鸡市陇县政协,县级,县,县级,县,"县级政协,县政协",,宝鸡市,陕西省,西北,
2942,宝鸡市千阳县政协,县级,县,县级,县,"县级政协,县政协",,宝鸡市,陕西省,西北,
2943,宝鸡市麟游县政协,县级,县,县级,县,"县级政协,县政协",,宝鸡市,陕西省,西北,
2944,宝鸡市凤县政协,县级,县,县级,县,"县级政协,县政协",,宝鸡市,陕西省,西北,
2945,宝鸡市太白县政协,县级,县,县级,县,"县级政协,县政协",,宝鸡市,陕西省,西北,
2946,咸阳市政协,地级,地级市,地级,地级市,"地级政协,地级市政协",,咸阳市,陕西省,西北,
2947,咸阳市秦都区政协,县级,市辖区,县级,市辖区,"县级政协,市辖区政协,区政协",,咸阳市,陕西省,西北,
2948,咸阳市杨陵区政协,县级,市辖区,县级,市辖区,"县级政协,市辖区政协,区政协",,咸阳市,陕西省,西北,
2949,咸阳市渭城区政协,县级,市辖区,县级,市辖区,"县级政协,市辖区政协,区政协",,咸阳市,陕西省,西北,
2950,咸阳市三原县政协,县级,县,县级,县,"县级政协,县政协",,咸阳市,陕西省,西北,
2951,咸阳市泾阳县政协,县级,县,县级,县,"县级政协,县政协",,咸阳市,陕西省,西北,
2952,咸阳市乾县政协,县级,县,县级,县,"县级政协,县政协",,咸阳市,陕西省,西北,
2953,咸阳市礼泉县政协,县级,县,县级,县,"县级政协,县政协",,咸阳市,陕西省,西北,
2954,咸阳市永寿县政协,县级,县,县级,县,"县级政协,县政协",,咸阳市,陕西省,西北,
2955,咸阳市长武县政协,县级,县,县级,县,"县级政协,县政协",,咸阳市,陕西省,西北,
2956,咸阳市旬邑县政协,县级,县,县级,县,"县级政协,县政协",,咸阳市,陕西省,西北,
2957,咸阳市淳化县政协,县级,县,县级,县,"县级政协,县政协",,咸阳市,陕西省,西北,
2958,咸阳市武功县政协,县级,县,县级,县,"县级政协,县政协",,咸阳市,陕西省,西北,
2959,咸阳市兴平市政协,县级,县级市,县级,县级市,"县级政协,县级市政协",,咸阳市,陕西省,西北,
2960,咸阳市彬州市政协,县级,县级市,县级,县级市,"县级政协,县级市政协",,咸阳市,陕西省,西北,
2961,渭南市政协,地级,地级市,地级,地级市,"地级政协,地级市政协",,渭南市,陕西省,西北,
2962,渭南市临渭区政协,县级,市辖区,县级,市辖区,"县级政协,市辖区政协,区政协",,渭南市,陕西省,西北,
2963,渭南市华州区政协,县级,市辖区,县级,市辖区,"县级政协,市辖区政协,区政协",,渭南市,陕西省,西北,
2964,渭南市潼关县政协,县级,县,县级,县,"县级政协,县政协",,渭南市,陕西省,西北,
2965,渭南市大荔县政协,县级,县,县级,县,"县级政协,县政协",,渭南市,陕西省,西北,
2966,渭南市合阳县政协,县级,县,县级,县,"县级政协,县政协",,渭南市,陕西省,西北,
2967,渭南市澄城县政协,县级,县,县级,县,"县级政协,县政协",,渭南市,陕西省,西北,
2968,渭南市蒲城县政协,县级,县,县级,县,"县级政协,县政协",,渭南市,陕西省,西北,
2969,渭南市白水县政协,县级,县,县级,县,"县级政协,县政协",,渭南市,陕西省,西北,
2970,渭南市富平县政协,县级,县,县级,县,"县级政协,县政协",,渭南市,陕西省,西北,
2971,渭南市韩城市政协,县级,县级市,县级,县级市,"县级政协,县级市政协",,渭南市,陕西省,西北,
2972,渭南市华阴市政协,县级,县级市,县级,县级市,"县级政协,县级市政协",,渭南市,陕西省,西北,
2973,延安市政协,地级,地级市,地级,地级市,"地级政协,地级市政协",,延安市,陕西省,西北,
2974,延安市宝塔区政协,县级,市辖区,县级,市辖区,"县级政协,市辖区政协,区政协",,延安市,陕西省,西北,
2975,延安市安塞区政协,县级,市辖区,县级,市辖区,"县级政协,市辖区政协,区政协",,延安市,陕西省,西北,
2976,延安市延长县政协,县级,县,县级,县,"县级政协,县政协",,延安市,陕西省,西北,
2977,延安市延川县政协,县级,县,县级,县,"县级政协,县政协",,延安市,陕西省,西北,
2978,延安市志丹县政协,县级,县,县级,县,"县级政协,县政协",,延安市,陕西省,西北,
2979,延安市吴起县政协,县级,县,县级,县,"县级政协,县政协",,延安市,陕西省,西北,
2980,延安市甘泉县政协,县级,县,县级,县,"县级政协,县政协",,延安市,陕西省,西北,
2981,延安市富县政协,县级,县,县级,县,"县级政协,县政协",,延安市,陕西省,西北,
2982,延安市洛川县政协,县级,县,县级,县,"县级政协,县政协",,延安市,陕西省,西北,
2983,延安市宜川县政协,县级,县,县级,县,"县级政协,县政协",,延安市,陕西省,西北,
2984,延安市黄龙县政协,县级,县,县级,县,"县级政协,县政协",,延安市,陕西省,西北,
2985,延安市黄陵县政协,县级,县,县级,县,"县级政协,县政协",,延安市,陕西省,西北,
2986,延安市子长市政协,县级,县级市,县级,县级市,"县级政协,县级市政协",,延安市,陕西省,西北,
2987,汉中市政协,地级,地级市,地级,地级市,"地级政协,地级市政协",,汉中市,陕西省,西北,
2988,汉中市汉台区政协,县级,市辖区,县级,市辖区,"县级政协,市辖区政协,区政协",,汉中市,陕西省,西北,
2989,汉中市南郑区政协,县级,市辖区,县级,市辖区,"县级政协,市辖区政协,区政协",,汉中市,陕西省,西北,
2990,汉中市城固县政协,县级,县,县级,县,"县级政协,县政协",,汉中市,陕西省,西北,
2991,汉中市洋县政协,县级,县,县级,县,"县级政协,县政协",,汉中市,陕西省,西北,
2992,汉中市西乡县政协,县级,县,县级,县,"县级政协,县政协",,汉中市,陕西省,西北,
2993,汉中市勉县政协,县级,县,县级,县,"县级政协,县政协",,汉中市,陕西省,西北,
2994,汉中市宁强县政协,县级,县,县级,县,"县级政协,县政协",,汉中市,陕西省,西北,
2995,汉中市略阳县政协,县级,县,县级,县,"县级政协,县政协",,汉中市,陕西省,西北,
2996,汉中市镇巴县政协,县级,县,县级,县,"县级政协,县政协",,汉中市,陕西省,西北,
2997,汉中市留坝县政协,县级,县,县级,县,"县级政协,县政协",,汉中市,陕西省,西北,
2998,汉中市佛坪县政协,县级,县,县级,县,"县级政协,县政协",,汉中市,陕西省,西北,
2999,榆林市政协,地级,地级市,地级,地级市,"地级政协,地级市政协",,榆林市,陕西省,西北,
3000,榆林市榆阳区政协,县级,市辖区,县级,市辖区,"县级政协,市辖区政协,区政协",,榆林市,陕西省,西北,
3001,榆林市横山区政协,县级,市辖区,县级,市辖区,"县级政协,市辖区政协,区政协",,榆林市,陕西省,西北,
3002,榆林市府谷县政协,县级,县,县级,县,"县级政协,县政协",,榆林市,陕西省,西北,
3003,榆林市靖边县政协,县级,县,县级,县,"县级政协,县政协",,榆林市,陕西省,西北,
3004,榆林市定边县政协,县级,县,县级,县,"县级政协,县政协",,榆林市,陕西省,西北,
3005,榆林市绥德县政协,县级,县,县级,县,"县级政协,县政协",,榆林市,陕西省,西北,
3006,榆林市米脂县政协,县级,县,县级,县,"县级政协,县政协",,榆林市,陕西省,西北,
3007,榆林市佳县政协,县级,县,县级,县,"县级政协,县政协",,榆林市,陕西省,西北,
3008,榆林市吴堡县政协,县级,县,县级,县,"县级政协,县政协",,榆林市,陕西省,西北,
3009,榆林市清涧县政协,县级,县,县级,县,"县级政协,县政协",,榆林市,陕西省,西北,
3010,榆林市子洲县政协,县级,县,县级,县,"县级政协,县政协",,榆林市,陕西省,西北,
3011,榆林市神木市政协,县级,县级市,县级,县级市,"县级政协,县级市政协",,榆林市,陕西省,西北,
3012,安康市政协,地级,地级市,地级,地级市,"地级政协,地级市政协",,安康市,陕西省,西北,
3013,安康市汉滨区政协,县级,市辖区,县级,市辖区,"县级政协,市辖区政协,区政协",,安康市,陕西省,西北,
3014,安康市汉阴县政协,县级,县,县级,县,"县级政协,县政协",,安康市,陕西省,西北,
3015,安康市石泉县政协,县级,县,县级,县,"县级政协,县政协",,安康市,陕西省,西北,
3016,安康市宁陕县政协,县级,县,县级,县,"县级政协,县政协",,安康市,陕西省,西北,
3017,安康市紫阳县政协,县级,县,县级,县,"县级政协,县政协",,安康市,陕西省,西北,
3018,安康市岚皋县政协,县级,县,县级,县,"县级政协,县政协",,安康市,陕西省,西北,
3019,安康市平利县政协,县级,县,县级,县,"县级政协,县政协",,安康市,陕西省,西北,
3020,安康市镇坪县政协,县级,县,县级,县,"县级政协,县政协",,安康市,陕西省,西北,
3021,安康市白河县政协,县级,县,县级,县,"县级政协,县政协",,安康市,陕西省,西北,
3022,安康市旬阳市政协,县级,县级市,县级,县级市,"县级政协,县级市政协",,安康市,陕西省,西北,
3023,商洛市政协,地级,地级市,地级,地级市,"地级政协,地级市政协",,商洛市,陕西省,西北,
3024,商洛市商州区政协,县级,市辖区,县级,市辖区,"县级政协,市辖区政协,区政协",,商洛市,陕西省,西北,
3025,商洛市洛南县政协,县级,县,县级,县,"县级政协,县政协",,商洛市,陕西省,西北,
3026,商洛市丹凤县政协,县级,县,县级,县,"县级政协,县政协",,商洛市,陕西省,西北,
3027,商洛市商南县政协,县级,县,县级,县,"县级政协,县政协",,商洛市,陕西省,西北,
3028,商洛市山阳县政协,县级,县,县级,县,"县级政协,县政协",,商洛市,陕西省,西北,
3029,商洛市镇安县政协,县级,县,县级,县,"县级政协,县政协",,商洛市,陕西省,西北,
3030,商洛市柞水县政协,县级,县,县级,县,"县级政协,县政协",,商洛市,陕西省,西北,
3031,甘肃省政协,省级,省,省级,省,"省级政协,省政协",,,甘肃省,西北,
3032,兰州市政协,地级,地级市,地级,地级市,"地级政协,地级市政协",,兰州市,甘肃省,西北,
3033,兰州市城关区政协,县级,市辖区,县级,市辖区,"县级政协,市辖区政协,区政协",,兰州市,甘肃省,西北,
3034,兰州市七里河区政协,县级,市辖区,县级,市辖区,"县级政协,市辖区政协,区政协",,兰州市,甘肃省,西北,
3035,兰州市西固区政协,县级,市辖区,县级,市辖区,"县级政协,市辖区政协,区政协",,兰州市,甘肃省,西北,
3036,兰州市安宁区政协,县级,市辖区,县级,市辖区,"县级政协,市辖区政协,区政协",,兰州市,甘肃省,西北,
3037,兰州市红古区政协,县级,市辖区,县级,市辖区,"县级政协,市辖区政协,区政协",,兰州市,甘肃省,西北,
3038,兰州市永登县政协,县级,县,县级,县,"县级政协,县政协",,兰州市,甘肃省,西北,
3039,兰州市皋兰县政协,县级,县,县级,县,"县级政协,县政协",,兰州市,甘肃省,西北,
3040,兰州市榆中县政协,县级,县,县级,县,"县级政协,县政协",,兰州市,甘肃省,西北,
3041,兰州市兰州新区政协,县级,市辖区,县级,市辖区,"县级政协,市辖区政协,区政协",,兰州市,甘肃省,西北,疑似功能区（含「新区」），通常无独立政协委员会，请核实
3042,嘉峪关市政协,地级,地级市,地级,地级市,"地级政协,地级市政协",,嘉峪关市,甘肃省,西北,
3043,金昌市政协,地级,地级市,地级,地级市,"地级政协,地级市政协",,金昌市,甘肃省,西北,
3044,金昌市金川区政协,县级,市辖区,县级,市辖区,"县级政协,市辖区政协,区政协",,金昌市,甘肃省,西北,
3045,金昌市永昌县政协,县级,县,县级,县,"县级政协,县政协",,金昌市,甘肃省,西北,
3046,白银市政协,地级,地级市,地级,地级市,"地级政协,地级市政协",,白银市,甘肃省,西北,
3047,白银市白银区政协,县级,市辖区,县级,市辖区,"县级政协,市辖区政协,区政协",,白银市,甘肃省,西北,
3048,白银市平川区政协,县级,市辖区,县级,市辖区,"县级政协,市辖区政协,区政协",,白银市,甘肃省,西北,
3049,白银市靖远县政协,县级,县,县级,县,"县级政协,县政协",,白银市,甘肃省,西北,
3050,白银市会宁县政协,县级,县,县级,县,"县级政协,县政协",,白银市,甘肃省,西北,
3051,白银市景泰县政协,县级,县,县级,县,"县级政协,县政协",,白银市,甘肃省,西北,
3052,天水市政协,地级,地级市,地级,地级市,"地级政协,地级市政协",,天水市,甘肃省,西北,
3053,天水市秦州区政协,县级,市辖区,县级,市辖区,"县级政协,市辖区政协,区政协",,天水市,甘肃省,西北,
3054,天水市麦积区政协,县级,市辖区,县级,市辖区,"县级政协,市辖区政协,区政协",,天水市,甘肃省,西北,
3055,天水市清水县政协,县级,县,县级,县,"县级政协,县政协",,天水市,甘肃省,西北,
3056,天水市秦安县政协,县级,县,县级,县,"县级政协,县政协",,天水市,甘肃省,西北,
3057,天水市甘谷县政协,县级,县,县级,县,"县级政协,县政协",,天水市,甘肃省,西北,
3058,天水市武山县政协,县级,县,县级,县,"县级政协,县政协",,天水市,甘肃省,西北,
3059,天水市张家川回族自治县政协,县级,自治县,县级,自治县,"县级政协,自治县政协",,天水市,甘肃省,西北,
3060,武威市政协,地级,地级市,地级,地级市,"地级政协,地级市政协",,武威市,甘肃省,西北,
3061,武威市凉州区政协,县级,市辖区,县级,市辖区,"县级政协,市辖区政协,区政协",,武威市,甘肃省,西北,
3062,武威市民勤县政协,县级,县,县级,县,"县级政协,县政协",,武威市,甘肃省,西北,
3063,武威市古浪县政协,县级,县,县级,县,"县级政协,县政协",,武威市,甘肃省,西北,
3064,武威市天祝藏族自治县政协,县级,自治县,县级,自治县,"县级政协,自治县政协",,武威市,甘肃省,西北,
3065,张掖市政协,地级,地级市,地级,地级市,"地级政协,地级市政协",,张掖市,甘肃省,西北,
3066,张掖市甘州区政协,县级,市辖区,县级,市辖区,"县级政协,市辖区政协,区政协",,张掖市,甘肃省,西北,
3067,张掖市肃南裕固族自治县政协,县级,自治县,县级,自治县,"县级政协,自治县政协",,张掖市,甘肃省,西北,
3068,张掖市民乐县政协,县级,县,县级,县,"县级政协,县政协",,张掖市,甘肃省,西北,
3069,张掖市临泽县政协,县级,县,县级,县,"县级政协,县政协",,张掖市,甘肃省,西北,
3070,张掖市高台县政协,县级,县,县级,县,"县级政协,县政协",,张掖市,甘肃省,西北,
3071,张掖市山丹县政协,县级,县,县级,县,"县级政协,县政协",,张掖市,甘肃省,西北,
3072,平凉市政协,地级,地级市,地级,地级市,"地级政协,地级市政协",,平凉市,甘肃省,西北,
3073,平凉市崆峒区政协,县级,市辖区,县级,市辖区,"县级政协,市辖区政协,区政协",,平凉市,甘肃省,西北,
3074,平凉市泾川县政协,县级,县,县级,县,"县级政协,县政协",,平凉市,甘肃省,西北,
3075,平凉市灵台县政协,县级,县,县级,县,"县级政协,县政协",,平凉市,甘肃省,西北,
3076,平凉市崇信县政协,县级,县,县级,县,"县级政协,县政协",,平凉市,甘肃省,西北,
3077,平凉市庄浪县政协,县级,县,县级,县,"县级政协,县政协",,平凉市,甘肃省,西北,
3078,平凉市静宁县政协,县级,县,县级,县,"县级政协,县政协",,平凉市,甘肃省,西北,
3079,平凉市华亭市政协,县级,县级市,县级,县级市,"县级政协,县级市政协",,平凉市,甘肃省,西北,
3080,酒泉市政协,地级,地级市,地级,地级市,"地级政协,地级市政协",,酒泉市,甘肃省,西北,
3081,酒泉市肃州区政协,县级,市辖区,县级,市辖区,"县级政协,市辖区政协,区政协",,酒泉市,甘肃省,西北,
3082,酒泉市金塔县政协,县级,县,县级,县,"县级政协,县政协",,酒泉市,甘肃省,西北,
3083,酒泉市瓜州县政协,县级,县,县级,县,"县级政协,县政协",,酒泉市,甘肃省,西北,
3084,酒泉市肃北蒙古族自治县政协,县级,自治县,县级,自治县,"县级政协,自治县政协",,酒泉市,甘肃省,西北,
3085,酒泉市阿克塞哈萨克族自治县政协,县级,自治县,县级,自治县,"县级政协,自治县政协",,酒泉市,甘肃省,西北,
3086,酒泉市玉门市政协,县级,县级市,县级,县级市,"县级政协,县级市政协",,酒泉市,甘肃省,西北,
3087,酒泉市敦煌市政协,县级,县级市,县级,县级市,"县级政协,县级市政协",,酒泉市,甘肃省,西北,
3088,庆阳市政协,地级,地级市,地级,地级市,"地级政协,地级市政协",,庆阳市,甘肃省,西北,
3089,庆阳市西峰区政协,县级,市辖区,县级,市辖区,"县级政协,市辖区政协,区政协",,庆阳市,甘肃省,西北,
3090,庆阳市庆城县政协,县级,县,县级,县,"县级政协,县政协",,庆阳市,甘肃省,西北,
3091,庆阳市环县政协,县级,县,县级,县,"县级政协,县政协",,庆阳市,甘肃省,西北,
3092,庆阳市华池县政协,县级,县,县级,县,"县级政协,县政协",,庆阳市,甘肃省,西北,
3093,庆阳市合水县政协,县级,县,县级,县,"县级政协,县政协",,庆阳市,甘肃省,西北,
3094,庆阳市正宁县政协,县级,县,县级,县,"县级政协,县政协",,庆阳市,甘肃省,西北,
3095,庆阳市宁县政协,县级,县,县级,县,"县级政协,县政协",,庆阳市,甘肃省,西北,
3096,庆阳市镇原县政协,县级,县,县级,县,"县级政协,县政协",,庆阳市,甘肃省,西北,
3097,定西市政协,地级,地级市,地级,地级市,"地级政协,地级市政协",,定西市,甘肃省,西北,
3098,定西市安定区政协,县级,市辖区,县级,市辖区,"县级政协,市辖区政协,区政协",,定西市,甘肃省,西北,
3099,定西市通渭县政协,县级,县,县级,县,"县级政协,县政协",,定西市,甘肃省,西北,
3100,定西市陇西县政协,县级,县,县级,县,"县级政协,县政协",,定西市,甘肃省,西北,
3101,定西市渭源县政协,县级,县,县级,县,"县级政协,县政协",,定西市,甘肃省,西北,
3102,定西市临洮县政协,县级,县,县级,县,"县级政协,县政协",,定西市,甘肃省,西北,
3103,定西市漳县政协,县级,县,县级,县,"县级政协,县政协",,定西市,甘肃省,西北,
3104,定西市岷县政协,县级,县,县级,县,"县级政协,县政协",,定西市,甘肃省,西北,
3105,陇南市政协,地级,地级市,地级,地级市,"地级政协,地级市政协",,陇南市,甘肃省,西北,
3106,陇南市武都区政协,县级,市辖区,县级,市辖区,"县级政协,市辖区政协,区政协",,陇南市,甘肃省,西北,
3107,陇南市成县政协,县级,县,县级,县,"县级政协,县政协",,陇南市,甘肃省,西北,
3108,陇南市文县政协,县级,县,县级,县,"县级政协,县政协",,陇南市,甘肃省,西北,
3109,陇南市宕昌县政协,县级,县,县级,县,"县级政协,县政协",,陇南市,甘肃省,西北,
3110,陇南市康县政协,县级,县,县级,县,"县级政协,县政协",,陇南市,甘肃省,西北,
3111,陇南市西和县政协,县级,县,县级,县,"县级政协,县政协",,陇南市,甘肃省,西北,
3112,陇南市礼县政协,县级,县,县级,县,"县级政协,县政协",,陇南市,甘肃省,西北,
3113,陇南市徽县政协,县级,县,县级,县,"县级政协,县政协",,陇南市,甘肃省,西北,
3114,陇南市两当县政协,县级,县,县级,县,"县级政协,县政协",,陇南市,甘肃省,西北,
3115,临夏回族自治州政协,地级,自治州,地级,自治州,"地级政协,自治州政协",,临夏回族自治州,甘肃省,西北,
3116,临夏回族自治州临夏市政协,县级,县级市,县级,县级市,"县级政协,县级市政协",,临夏回族自治州,甘肃省,西北,
3117,临夏回族自治州临夏县政协,县级,县,县级,县,"县级政协,县政协",,临夏回族自治州,甘肃省,西北,
3118,临夏回族自治州康乐县政协,县级,县,县级,县,"县级政协,县政协",,临夏回族自治州,甘肃省,西北,
3119,临夏回族自治州永靖县政协,县级,县,县级,县,"县级政协,县政协",,临夏回族自治州,甘肃省,西北,
3120,临夏回族自治州广河县政协,县级,县,县级,县,"县级政协,县政协",,临夏回族自治州,甘肃省,西北,
3121,临夏回族自治州和政县政协,县级,县,县级,县,"县级政协,县政协",,临夏回族自治州,甘肃省,西北,
3122,临夏回族自治州东乡族自治县政协,县级,自治县,县级,自治县,"县级政协,自治县政协",,临夏回族自治州,甘肃省,西北,
3123,临夏回族自治州积石山保安族东乡族撒拉族自治县政协,县级,自治县,县级,自治县,"县级政协,自治县政协",,临夏回族自治州,甘肃省,西北,
3124,甘南藏族自治州政协,地级,自治州,地级,自治州,"地级政协,自治州政协",,甘南藏族自治州,甘肃省,西北,
3125,甘南藏族自治州合作市政协,县级,县级市,县级,县级市,"县级政协,县级市政协",,甘南藏族自治州,甘肃省,西北,
3126,甘南藏族自治州临潭县政协,县级,县,县级,县,"县级政协,县政协",,甘南藏族自治州,甘肃省,西北,
3127,甘南藏族自治州卓尼县政协,县级,县,县级,县,"县级政协,县政协",,甘南藏族自治州,甘肃省,西北,
3128,甘南藏族自治州舟曲县政协,县级,县,县级,县,"县级政协,县政协",,甘南藏族自治州,甘肃省,西北,
3129,甘南藏族自治州迭部县政协,县级,县,县级,县,"县级政协,县政协",,甘南藏族自治州,甘肃省,西北,
3130,甘南藏族自治州玛曲县政协,县级,县,县级,县,"县级政协,县政协",,甘南藏族自治州,甘肃省,西北,
3131,甘南藏族自治州碌曲县政协,县级,县,县级,县,"县级政协,县政协",,甘南藏族自治州,甘肃省,西北,
3132,甘南藏族自治州夏河县政协,县级,县,县级,县,"县级政协,县政协",,甘南藏族自治州,甘肃省,西北,
3133,青海省政协,省级,省,省级,省,"省级政协,省政协",,,青海省,西北,
3134,西宁市政协,地级,地级市,地级,地级市,"地级政协,地级市政协",,西宁市,青海省,西北,
3135,西宁市城东区政协,县级,市辖区,县级,市辖区,"县级政协,市辖区政协,区政协",,西宁市,青海省,西北,
3136,西宁市城中区政协,县级,市辖区,县级,市辖区,"县级政协,市辖区政协,区政协",,西宁市,青海省,西北,
3137,西宁市城西区政协,县级,市辖区,县级,市辖区,"县级政协,市辖区政协,区政协",,西宁市,青海省,西北,
3138,西宁市城北区政协,县级,市辖区,县级,市辖区,"县级政协,市辖区政协,区政协",,西宁市,青海省,西北,
3139,西宁市湟中区政协,县级,市辖区,县级,市辖区,"县级政协,市辖区政协,区政协",,西宁市,青海省,西北,
3140,西宁市大通回族土族自治县政协,县级,自治县,县级,自治县,"县级政协,自治县政协",,西宁市,青海省,西北,
3141,西宁市湟源县政协,县级,县,县级,县,"县级政协,县政协",,西宁市,青海省,西北,
3142,海东市政协,地级,地级市,地级,地级市,"地级政协,地级市政协",,海东市,青海省,西北,
3143,海东市乐都区政协,县级,市辖区,县级,市辖区,"县级政协,市辖区政协,区政协",,海东市,青海省,西北,
3144,海东市平安区政协,县级,市辖区,县级,市辖区,"县级政协,市辖区政协,区政协",,海东市,青海省,西北,
3145,海东市民和回族土族自治县政协,县级,自治县,县级,自治县,"县级政协,自治县政协",,海东市,青海省,西北,
3146,海东市互助土族自治县政协,县级,自治县,县级,自治县,"县级政协,自治县政协",,海东市,青海省,西北,
3147,海东市化隆回族自治县政协,县级,自治县,县级,自治县,"县级政协,自治县政协",,海东市,青海省,西北,
3148,海东市循化撒拉族自治县政协,县级,自治县,县级,自治县,"县级政协,自治县政协",,海东市,青海省,西北,
3149,海北藏族自治州政协,地级,自治州,地级,自治州,"地级政协,自治州政协",,海北藏族自治州,青海省,西北,
3150,海北藏族自治州门源回族自治县政协,县级,自治县,县级,自治县,"县级政协,自治县政协",,海北藏族自治州,青海省,西北,
3151,海北藏族自治州祁连县政协,县级,县,县级,县,"县级政协,县政协",,海北藏族自治州,青海省,西北,
3152,海北藏族自治州海晏县政协,县级,县,县级,县,"县级政协,县政协",,海北藏族自治州,青海省,西北,
3153,海北藏族自治州刚察县政协,县级,县,县级,县,"县级政协,县政协",,海北藏族自治州,青海省,西北,
3154,黄南藏族自治州政协,地级,自治州,地级,自治州,"地级政协,自治州政协",,黄南藏族自治州,青海省,西北,
3155,黄南藏族自治州同仁市政协,县级,县级市,县级,县级市,"县级政协,县级市政协",,黄南藏族自治州,青海省,西北,
3156,黄南藏族自治州尖扎县政协,县级,县,县级,县,"县级政协,县政协",,黄南藏族自治州,青海省,西北,
3157,黄南藏族自治州泽库县政协,县级,县,县级,县,"县级政协,县政协",,黄南藏族自治州,青海省,西北,
3158,黄南藏族自治州河南蒙古族自治县政协,县级,自治县,县级,自治县,"县级政协,自治县政协",,黄南藏族自治州,青海省,西北,
3159,海南藏族自治州政协,地级,自治州,地级,自治州,"地级政协,自治州政协",,海南藏族自治州,青海省,西北,
3160,海南藏族自治州共和县政协,县级,县,县级,县,"县级政协,县政协",,海南藏族自治州,青海省,西北,
3161,海南藏族自治州同德县政协,县级,县,县级,县,"县级政协,县政协",,海南藏族自治州,青海省,西北,
3162,海南藏族自治州贵德县政协,县级,县,县级,县,"县级政协,县政协",,海南藏族自治州,青海省,西北,
3163,海南藏族自治州兴海县政协,县级,县,县级,县,"县级政协,县政协",,海南藏族自治州,青海省,西北,
3164,海南藏族自治州贵南县政协,县级,县,县级,县,"县级政协,县政协",,海南藏族自治州,青海省,西北,
3165,果洛藏族自治州政协,地级,自治州,地级,自治州,"地级政协,自治州政协",,果洛藏族自治州,青海省,西北,
3166,果洛藏族自治州玛沁县政协,县级,县,县级,县,"县级政协,县政协",,果洛藏族自治州,青海省,西北,
3167,果洛藏族自治州班玛县政协,县级,县,县级,县,"县级政协,县政协",,果洛藏族自治州,青海省,西北,
3168,果洛藏族自治州甘德县政协,县级,县,县级,县,"县级政协,县政协",,果洛藏族自治州,青海省,西北,
3169,果洛藏族自治州达日县政协,县级,县,县级,县,"县级政协,县政协",,果洛藏族自治州,青海省,西北,
3170,果洛藏族自治州久治县政协,县级,县,县级,县,"县级政协,县政协",,果洛藏族自治州,青海省,西北,
3171,果洛藏族自治州玛多县政协,县级,县,县级,县,"县级政协,县政协",,果洛藏族自治州,青海省,西北,
3172,玉树藏族自治州政协,地级,自治州,地级,自治州,"地级政协,自治州政协",,玉树藏族自治州,青海省,西北,
3173,玉树藏族自治州玉树市政协,县级,县级市,县级,县级市,"县级政协,县级市政协",,玉树藏族自治州,青海省,西北,
3174,玉树藏族自治州杂多县政协,县级,县,县级,县,"县级政协,县政协",,玉树藏族自治州,青海省,西北,
3175,玉树藏族自治州称多县政协,县级,县,县级,县,"县级政协,县政协",,玉树藏族自治州,青海省,西北,
3176,玉树藏族自治州治多县政协,县级,县,县级,县,"县级政协,县政协",,玉树藏族自治州,青海省,西北,
3177,玉树藏族自治州囊谦县政协,县级,县,县级,县,"县级政协,县政协",,玉树藏族自治州,青海省,西北,
3178,玉树藏族自治州曲麻莱县政协,县级,县,县级,县,"县级政协,县政协",,玉树藏族自治州,青海省,西北,
3179,海西蒙古族藏族自治州政协,地级,自治州,地级,自治州,"地级政协,自治州政协",,海西蒙古族藏族自治州,青海省,西北,
3180,海西蒙古族藏族自治州格尔木市政协,县级,县级市,县级,县级市,"县级政协,县级市政协",,海西蒙古族藏族自治州,青海省,西北,
3181,海西蒙古族藏族自治州德令哈市政协,县级,县级市,县级,县级市,"县级政协,县级市政协",,海西蒙古族藏族自治州,青海省,西北,
3182,海西蒙古族藏族自治州茫崖市政协,县级,县级市,县级,县级市,"县级政协,县级市政协",,海西蒙古族藏族自治州,青海省,西北,
3183,海西蒙古族藏族自治州乌兰县政协,县级,县,县级,县,"县级政协,县政协",,海西蒙古族藏族自治州,青海省,西北,
3184,海西蒙古族藏族自治州都兰县政协,县级,县,县级,县,"县级政协,县政协",,海西蒙古族藏族自治州,青海省,西北,
3185,海西蒙古族藏族自治州天峻县政协,县级,县,县级,县,"县级政协,县政协",,海西蒙古族藏族自治州,青海省,西北,
3186,宁夏回族自治区政协,省级,自治区,省级,自治区,"省级政协,自治区政协",民族自治区,,宁夏回族自治区,西北,
3187,银川市政协,地级,地级市,地级,地级市,"地级政协,地级市政协",,银川市,宁夏回族自治区,西北,
3188,银川市兴庆区政协,县级,市辖区,县级,市辖区,"县级政协,市辖区政协,区政协",,银川市,宁夏回族自治区,西北,
3189,银川市西夏区政协,县级,市辖区,县级,市辖区,"县级政协,市辖区政协,区政协",,银川市,宁夏回族自治区,西北,
3190,银川市金凤区政协,县级,市辖区,县级,市辖区,"县级政协,市辖区政协,区政协",,银川市,宁夏回族自治区,西北,
3191,银川市永宁县政协,县级,县,县级,县,"县级政协,县政协",,银川市,宁夏回族自治区,西北,
3192,银川市贺兰县政协,县级,县,县级,县,"县级政协,县政协",,银川市,宁夏回族自治区,西北,
3193,银川市灵武市政协,县级,县级市,县级,县级市,"县级政协,县级市政协",,银川市,宁夏回族自治区,西北,
3194,石嘴山市政协,地级,地级市,地级,地级市,"地级政协,地级市政协",,石嘴山市,宁夏回族自治区,西北,
3195,石嘴山市大武口区政协,县级,市辖区,县级,市辖区,"县级政协,市辖区政协,区政协",,石嘴山市,宁夏回族自治区,西北,
3196,石嘴山市惠农区政协,县级,市辖区,县级,市辖区,"县级政协,市辖区政协,区政协",,石嘴山市,宁夏回族自治区,西北,
3197,石嘴山市平罗县政协,县级,县,县级,县,"县级政协,县政协",,石嘴山市,宁夏回族自治区,西北,
3198,吴忠市政协,地级,地级市,地级,地级市,"地级政协,地级市政协",,吴忠市,宁夏回族自治区,西北,
3199,吴忠市利通区政协,县级,市辖区,县级,市辖区,"县级政协,市辖区政协,区政协",,吴忠市,宁夏回族自治区,西北,
3200,吴忠市红寺堡区政协,县级,市辖区,县级,市辖区,"县级政协,市辖区政协,区政协",,吴忠市,宁夏回族自治区,西北,
3201,吴忠市盐池县政协,县级,县,县级,县,"县级政协,县政协",,吴忠市,宁夏回族自治区,西北,
3202,吴忠市同心县政协,县级,县,县级,县,"县级政协,县政协",,吴忠市,宁夏回族自治区,西北,
3203,吴忠市青铜峡市政协,县级,县级市,县级,县级市,"县级政协,县级市政协",,吴忠市,宁夏回族自治区,西北,
3204,固原市政协,地级,地级市,地级,地级市,"地级政协,地级市政协",,固原市,宁夏回族自治区,西北,
3205,固原市原州区政协,县级,市辖区,县级,市辖区,"县级政协,市辖区政协,区政协",,固原市,宁夏回族自治区,西北,
3206,固原市西吉县政协,县级,县,县级,县,"县级政协,县政协",,固原市,宁夏回族自治区,西北,
3207,固原市隆德县政协,县级,县,县级,县,"县级政协,县政协",,固原市,宁夏回族自治区,西北,
3208,固原市泾源县政协,县级,县,县级,县,"县级政协,县政协",,固原市,宁夏回族自治区,西北,
3209,固原市彭阳县政协,县级,县,县级,县,"县级政协,县政协",,固原市,宁夏回族自治区,西北,
3210,中卫市政协,地级,地级市,地级,地级市,"地级政协,地级市政协",,中卫市,宁夏回族自治区,西北,
3211,中卫市沙坡头区政协,县级,市辖区,县级,市辖区,"县级政协,市辖区政协,区政协",,中卫市,宁夏回族自治区,西北,
3212,中卫市中宁县政协,县级,县,县级,县,"县级政协,县政协",,中卫市,宁夏回族自治区,西北,
3213,中卫市海原县政协,县级,县,县级,县,"县级政协,县政协",,中卫市,宁夏回族自治区,西北,
3214,新疆维吾尔自治区政协,省级,自治区,省级,自治区,"省级政协,自治区政协",民族自治区,,新疆维吾尔自治区,西北,
3215,乌鲁木齐市政协,地级,地级市,地级,地级市,"地级政协,地级市政协",,乌鲁木齐市,新疆维吾尔自治区,西北,
3216,乌鲁木齐市天山区政协,县级,市辖区,县级,市辖区,"县级政协,市辖区政协,区政协",,乌鲁木齐市,新疆维吾尔自治区,西北,
3217,乌鲁木齐市沙依巴克区政协,县级,市辖区,县级,市辖区,"县级政协,市辖区政协,区政协",,乌鲁木齐市,新疆维吾尔自治区,西北,
3218,乌鲁木齐市新市区政协,县级,市辖区,县级,市辖区,"县级政协,市辖区政协,区政协",,乌鲁木齐市,新疆维吾尔自治区,西北,
3219,乌鲁木齐市水磨沟区政协,县级,市辖区,县级,市辖区,"县级政协,市辖区政协,区政协",,乌鲁木齐市,新疆维吾尔自治区,西北,
3220,乌鲁木齐市头屯河区政协,县级,市辖区,县级,市辖区,"县级政协,市辖区政协,区政协",,乌鲁木齐市,新疆维吾尔自治区,西北,
3221,乌鲁木齐市达坂城区政协,县级,市辖区,县级,市辖区,"县级政协,市辖区政协,区政协",,乌鲁木齐市,新疆维吾尔自治区,西北,
3222,乌鲁木齐市米东区政协,县级,市辖区,县级,市辖区,"县级政协,市辖区政协,区政协",,乌鲁木齐市,新疆维吾尔自治区,西北,
3223,乌鲁木齐市乌鲁木齐县政协,县级,县,县级,县,"县级政协,县政协",,乌鲁木齐市,新疆维吾尔自治区,西北,
3224,克拉玛依市政协,地级,地级市,地级,地级市,"地级政协,地级市政协",,克拉玛依市,新疆维吾尔自治区,西北,
3225,克拉玛依市独山子区政协,县级,市辖区,县级,市辖区,"县级政协,市辖区政协,区政协",,克拉玛依市,新疆维吾尔自治区,西北,
3226,克拉玛依市克拉玛依区政协,县级,市辖区,县级,市辖区,"县级政协,市辖区政协,区政协",,克拉玛依市,新疆维吾尔自治区,西北,
3227,克拉玛依市白碱滩区政协,县级,市辖区,县级,市辖区,"县级政协,市辖区政协,区政协",,克拉玛依市,新疆维吾尔自治区,西北,
3228,克拉玛依市乌尔禾区政协,县级,市辖区,县级,市辖区,"县级政协,市辖区政协,区政协",,克拉玛依市,新疆维吾尔自治区,西北,
3229,吐鲁番市政协,地级,地级市,地级,地级市,"地级政协,地级市政协",,吐鲁番市,新疆维吾尔自治区,西北,
3230,吐鲁番市高昌区政协,县级,市辖区,县级,市辖区,"县级政协,市辖区政协,区政协",,吐鲁番市,新疆维吾尔自治区,西北,
3231,吐鲁番市鄯善县政协,县级,县,县级,县,"县级政协,县政协",,吐鲁番市,新疆维吾尔自治区,西北,
3232,吐鲁番市托克逊县政协,县级,县,县级,县,"县级政协,县政协",,吐鲁番市,新疆维吾尔自治区,西北,
3233,哈密市政协,地级,地级市,地级,地级市,"地级政协,地级市政协",,哈密市,新疆维吾尔自治区,西北,
3234,哈密市伊州区政协,县级,市辖区,县级,市辖区,"县级政协,市辖区政协,区政协",,哈密市,新疆维吾尔自治区,西北,
3235,哈密市巴里坤哈萨克自治县政协,县级,自治县,县级,自治县,"县级政协,自治县政协",,哈密市,新疆维吾尔自治区,西北,
3236,哈密市伊吾县政协,县级,县,县级,县,"县级政协,县政协",,哈密市,新疆维吾尔自治区,西北,
3237,昌吉回族自治州政协,地级,自治州,地级,自治州,"地级政协,自治州政协",,昌吉回族自治州,新疆维吾尔自治区,西北,
3238,昌吉回族自治州昌吉市政协,县级,县级市,县级,县级市,"县级政协,县级市政协",,昌吉回族自治州,新疆维吾尔自治区,西北,
3239,昌吉回族自治州阜康市政协,县级,县级市,县级,县级市,"县级政协,县级市政协",,昌吉回族自治州,新疆维吾尔自治区,西北,
3240,昌吉回族自治州呼图壁县政协,县级,县,县级,县,"县级政协,县政协",,昌吉回族自治州,新疆维吾尔自治区,西北,
3241,昌吉回族自治州玛纳斯县政协,县级,县,县级,县,"县级政协,县政协",,昌吉回族自治州,新疆维吾尔自治区,西北,
3242,昌吉回族自治州奇台县政协,县级,县,县级,县,"县级政协,县政协",,昌吉回族自治州,新疆维吾尔自治区,西北,
3243,昌吉回族自治州吉木萨尔县政协,县级,县,县级,县,"县级政协,县政协",,昌吉回族自治州,新疆维吾尔自治区,西北,
3244,昌吉回族自治州木垒哈萨克自治县政协,县级,自治县,县级,自治县,"县级政协,自治县政协",,昌吉回族自治州,新疆维吾尔自治区,西北,
3245,博尔塔拉蒙古自治州政协,地级,自治州,地级,自治州,"地级政协,自治州政协",,博尔塔拉蒙古自治州,新疆维吾尔自治区,西北,
3246,博尔塔拉蒙古自治州博乐市政协,县级,县级市,县级,县级市,"县级政协,县级市政协",,博尔塔拉蒙古自治州,新疆维吾尔自治区,西北,
3247,博尔塔拉蒙古自治州阿拉山口市政协,县级,县级市,县级,县级市,"县级政协,县级市政协",,博尔塔拉蒙古自治州,新疆维吾尔自治区,西北,
3248,博尔塔拉蒙古自治州精河县政协,县级,县,县级,县,"县级政协,县政协",,博尔塔拉蒙古自治州,新疆维吾尔自治区,西北,
3249,博尔塔拉蒙古自治州温泉县政协,县级,县,县级,县,"县级政协,县政协",,博尔塔拉蒙古自治州,新疆维吾尔自治区,西北,
3250,巴音郭楞蒙古自治州政协,地级,自治州,地级,自治州,"地级政协,自治州政协",,巴音郭楞蒙古自治州,新疆维吾尔自治区,西北,
3251,巴音郭楞蒙古自治州库尔勒市政协,县级,县级市,县级,县级市,"县级政协,县级市政协",,巴音郭楞蒙古自治州,新疆维吾尔自治区,西北,
3252,巴音郭楞蒙古自治州轮台县政协,县级,县,县级,县,"县级政协,县政协",,巴音郭楞蒙古自治州,新疆维吾尔自治区,西北,
3253,巴音郭楞蒙古自治州尉犁县政协,县级,县,县级,县,"县级政协,县政协",,巴音郭楞蒙古自治州,新疆维吾尔自治区,西北,
3254,巴音郭楞蒙古自治州若羌县政协,县级,县,县级,县,"县级政协,县政协",,巴音郭楞蒙古自治州,新疆维吾尔自治区,西北,
3255,巴音郭楞蒙古自治州且末县政协,县级,县,县级,县,"县级政协,县政协",,巴音郭楞蒙古自治州,新疆维吾尔自治区,西北,
3256,巴音郭楞蒙古自治州焉耆回族自治县政协,县级,自治县,县级,自治县,"县级政协,自治县政协",,巴音郭楞蒙古自治州,新疆维吾尔自治区,西北,
3257,巴音郭楞蒙古自治州和静县政协,县级,县,县级,县,"县级政协,县政协",,巴音郭楞蒙古自治州,新疆维吾尔自治区,西北,
3258,巴音郭楞蒙古自治州和硕县政协,县级,县,县级,县,"县级政协,县政协",,巴音郭楞蒙古自治州,新疆维吾尔自治区,西北,
3259,巴音郭楞蒙古自治州博湖县政协,县级,县,县级,县,"县级政协,县政协",,巴音郭楞蒙古自治州,新疆维吾尔自治区,西北,
3260,阿克苏地区政协,地级,地区,地级,地区,"地级政协,地区政协",,阿克苏地区,新疆维吾尔自治区,西北,
3261,阿克苏地区阿克苏市政协,县级,县级市,县级,县级市,"县级政协,县级市政协",,阿克苏地区,新疆维吾尔自治区,西北,
3262,阿克苏地区库车市政协,县级,县级市,县级,县级市,"县级政协,县级市政协",,阿克苏地区,新疆维吾尔自治区,西北,
3263,阿克苏地区温宿县政协,县级,县,县级,县,"县级政协,县政协",,阿克苏地区,新疆维吾尔自治区,西北,
3264,阿克苏地区沙雅县政协,县级,县,县级,县,"县级政协,县政协",,阿克苏地区,新疆维吾尔自治区,西北,
3265,阿克苏地区新和县政协,县级,县,县级,县,"县级政协,县政协",,阿克苏地区,新疆维吾尔自治区,西北,
3266,阿克苏地区拜城县政协,县级,县,县级,县,"县级政协,县政协",,阿克苏地区,新疆维吾尔自治区,西北,
3267,阿克苏地区乌什县政协,县级,县,县级,县,"县级政协,县政协",,阿克苏地区,新疆维吾尔自治区,西北,
3268,阿克苏地区阿瓦提县政协,县级,县,县级,县,"县级政协,县政协",,阿克苏地区,新疆维吾尔自治区,西北,
3269,阿克苏地区柯坪县政协,县级,县,县级,县,"县级政协,县政协",,阿克苏地区,新疆维吾尔自治区,西北,
3270,克孜勒苏柯尔克孜自治州政协,地级,自治州,地级,自治州,"地级政协,自治州政协",,克孜勒苏柯尔克孜自治州,新疆维吾尔自治区,西北,
3271,克孜勒苏柯尔克孜自治州阿图什市政协,县级,县级市,县级,县级市,"县级政协,县级市政协",,克孜勒苏柯尔克孜自治州,新疆维吾尔自治区,西北,
3272,克孜勒苏柯尔克孜自治州阿克陶县政协,县级,县,县级,县,"县级政协,县政协",,克孜勒苏柯尔克孜自治州,新疆维吾尔自治区,西北,
3273,克孜勒苏柯尔克孜自治州阿合奇县政协,县级,县,县级,县,"县级政协,县政协",,克孜勒苏柯尔克孜自治州,新疆维吾尔自治区,西北,
3274,克孜勒苏柯尔克孜自治州乌恰县政协,县级,县,县级,县,"县级政协,县政协",,克孜勒苏柯尔克孜自治州,新疆维吾尔自治区,西北,
3275,喀什地区政协,地级,地区,地级,地区,"地级政协,地区政协",,喀什地区,新疆维吾尔自治区,西北,
3276,喀什地区喀什市政协,县级,县级市,县级,县级市,"县级政协,县级市政协",,喀什地区,新疆维吾尔自治区,西北,
3277,喀什地区疏附县政协,县级,县,县级,县,"县级政协,县政协",,喀什地区,新疆维吾尔自治区,西北,
3278,喀什地区疏勒县政协,县级,县,县级,县,"县级政协,县政协",,喀什地区,新疆维吾尔自治区,西北,
3279,喀什地区英吉沙县政协,县级,县,县级,县,"县级政协,县政协",,喀什地区,新疆维吾尔自治区,西北,
3280,喀什地区泽普县政协,县级,县,县级,县,"县级政协,县政协",,喀什地区,新疆维吾尔自治区,西北,
3281,喀什地区莎车县政协,县级,县,县级,县,"县级政协,县政协",,喀什地区,新疆维吾尔自治区,西北,
3282,喀什地区叶城县政协,县级,县,县级,县,"县级政协,县政协",,喀什地区,新疆维吾尔自治区,西北,
3283,喀什地区麦盖提县政协,县级,县,县级,县,"县级政协,县政协",,喀什地区,新疆维吾尔自治区,西北,
3284,喀什地区岳普湖县政协,县级,县,县级,县,"县级政协,县政协",,喀什地区,新疆维吾尔自治区,西北,
3285,喀什地区伽师县政协,县级,县,县级,县,"县级政协,县政协",,喀什地区,新疆维吾尔自治区,西北,
3286,喀什地区巴楚县政协,县级,县,县级,县,"县级政协,县政协",,喀什地区,新疆维吾尔自治区,西北,
3287,喀什地区塔什库尔干塔吉克自治县政协,县级,自治县,县级,自治县,"县级政协,自治县政协",,喀什地区,新疆维吾尔自治区,西北,
3288,和田地区政协,地级,地区,地级,地区,"地级政协,地区政协",,和田地区,新疆维吾尔自治区,西北,
3289,和田地区和田市政协,县级,县级市,县级,县级市,"县级政协,县级市政协",,和田地区,新疆维吾尔自治区,西北,
3290,和田地区和田县政协,县级,县,县级,县,"县级政协,县政协",,和田地区,新疆维吾尔自治区,西北,
3291,和田地区墨玉县政协,县级,县,县级,县,"县级政协,县政协",,和田地区,新疆维吾尔自治区,西北,
3292,和田地区皮山县政协,县级,县,县级,县,"县级政协,县政协",,和田地区,新疆维吾尔自治区,西北,
3293,和田地区洛浦县政协,县级,县,县级,县,"县级政协,县政协",,和田地区,新疆维吾尔自治区,西北,
3294,和田地区策勒县政协,县级,县,县级,县,"县级政协,县政协",,和田地区,新疆维吾尔自治区,西北,
3295,和田地区于田县政协,县级,县,县级,县,"县级政协,县政协",,和田地区,新疆维吾尔自治区,西北,
3296,和田地区民丰县政协,县级,县,县级,县,"县级政协,县政协",,和田地区,新疆维吾尔自治区,西北,
3297,伊犁哈萨克自治州政协,地级,自治州,地级,自治州,"地级政协,自治州政协",,伊犁哈萨克自治州,新疆维吾尔自治区,西北,
3298,伊犁哈萨克自治州伊宁市政协,县级,县级市,县级,县级市,"县级政协,县级市政协",,伊犁哈萨克自治州,新疆维吾尔自治区,西北,
3299,伊犁哈萨克自治州奎屯市政协,县级,县级市,县级,县级市,"县级政协,县级市政协",,伊犁哈萨克自治州,新疆维吾尔自治区,西北,
3300,伊犁哈萨克自治州霍尔果斯市政协,县级,县级市,县级,县级市,"县级政协,县级市政协",,伊犁哈萨克自治州,新疆维吾尔自治区,西北,
3301,伊犁哈萨克自治州伊宁县政协,县级,县,县级,县,"县级政协,县政协",,伊犁哈萨克自治州,新疆维吾尔自治区,西北,
3302,伊犁哈萨克自治州察布查尔锡伯自治县政协,县级,自治县,县级,自治县,"县级政协,自治县政协",,伊犁哈萨克自治州,新疆维吾尔自治区,西北,
3303,伊犁哈萨克自治州霍城县政协,县级,县,县级,县,"县级政协,县政协",,伊犁哈萨克自治州,新疆维吾尔自治区,西北,
3304,伊犁哈萨克自治州巩留县政协,县级,县,县级,县,"县级政协,县政协",,伊犁哈萨克自治州,新疆维吾尔自治区,西北,
3305,伊犁哈萨克自治州新源县政协,县级,县,县级,县,"县级政协,县政协",,伊犁哈萨克自治州,新疆维吾尔自治区,西北,
3306,伊犁哈萨克自治州昭苏县政协,县级,县,县级,县,"县级政协,县政协",,伊犁哈萨克自治州,新疆维吾尔自治区,西北,
3307,伊犁哈萨克自治州特克斯县政协,县级,县,县级,县,"县级政协,县政协",,伊犁哈萨克自治州,新疆维吾尔自治区,西北,
3308,伊犁哈萨克自治州尼勒克县政协,县级,县,县级,县,"县级政协,县政协",,伊犁哈萨克自治州,新疆维吾尔自治区,西北,
3309,塔城地区政协,地级,地区,地级,地区,"地级政协,地区政协",,塔城地区,新疆维吾尔自治区,西北,
3310,塔城地区塔城市政协,县级,县级市,县级,县级市,"县级政协,县级市政协",,塔城地区,新疆维吾尔自治区,西北,
3311,塔城地区乌苏市政协,县级,县级市,县级,县级市,"县级政协,县级市政协",,塔城地区,新疆维吾尔自治区,西北,
3312,塔城地区沙湾市政协,县级,县级市,县级,县级市,"县级政协,县级市政协",,塔城地区,新疆维吾尔自治区,西北,
3313,塔城地区额敏县政协,县级,县,县级,县,"县级政协,县政协",,塔城地区,新疆维吾尔自治区,西北,
3314,塔城地区托里县政协,县级,县,县级,县,"县级政协,县政协",,塔城地区,新疆维吾尔自治区,西北,
3315,塔城地区裕民县政协,县级,县,县级,县,"县级政协,县政协",,塔城地区,新疆维吾尔自治区,西北,
3316,塔城地区和布克赛尔蒙古自治县政协,县级,自治县,县级,自治县,"县级政协,自治县政协",,塔城地区,新疆维吾尔自治区,西北,
3317,阿勒泰地区政协,地级,地区,地级,地区,"地级政协,地区政协",,阿勒泰地区,新疆维吾尔自治区,西北,
3318,阿勒泰地区阿勒泰市政协,县级,县级市,县级,县级市,"县级政协,县级市政协",,阿勒泰地区,新疆维吾尔自治区,西北,
3319,阿勒泰地区布尔津县政协,县级,县,县级,县,"县级政协,县政协",,阿勒泰地区,新疆维吾尔自治区,西北,
3320,阿勒泰地区富蕴县政协,县级,县,县级,县,"县级政协,县政协",,阿勒泰地区,新疆维吾尔自治区,西北,
3321,阿勒泰地区福海县政协,县级,县,县级,县,"县级政协,县政协",,阿勒泰地区,新疆维吾尔自治区,西北,
3322,阿勒泰地区哈巴河县政协,县级,县,县级,县,"县级政协,县政协",,阿勒泰地区,新疆维吾尔自治区,西北,
3323,阿勒泰地区青河县政协,县级,县,县级,县,"县级政协,县政协",,阿勒泰地区,新疆维吾尔自治区,西北,
3324,阿勒泰地区吉木乃县政协,县级,县,县级,县,"县级政协,县政协",,阿勒泰地区,新疆维吾尔自治区,西北,
3325,新疆维吾尔自治区石河子市政协,县级,县级市,县级,县级市,"县级政协,县级市政协",,新疆维吾尔自治区,新疆维吾尔自治区,西北,
3326,新疆维吾尔自治区阿拉尔市政协,县级,县级市,县级,县级市,"县级政协,县级市政协",,新疆维吾尔自治区,新疆维吾尔自治区,西北,
3327,新疆维吾尔自治区图木舒克市政协,县级,县级市,县级,县级市,"县级政协,县级市政协",,新疆维吾尔自治区,新疆维吾尔自治区,西北,
3328,新疆维吾尔自治区五家渠市政协,县级,县级市,县级,县级市,"县级政协,县级市政协",,新疆维吾尔自治区,新疆维吾尔自治区,西北,
3329,新疆维吾尔自治区北屯市政协,县级,县级市,县级,县级市,"县级政协,县级市政协",,新疆维吾尔自治区,新疆维吾尔自治区,西北,
3330,新疆维吾尔自治区铁门关市政协,县级,县级市,县级,县级市,"县级政协,县级市政协",,新疆维吾尔自治区,新疆维吾尔自治区,西北,
3331,新疆维吾尔自治区双河市政协,县级,县级市,县级,县级市,"县级政协,县级市政协",,新疆维吾尔自治区,新疆维吾尔自治区,西北,
3332,新疆维吾尔自治区可克达拉市政协,县级,县级市,县级,县级市,"县级政协,县级市政协",,新疆维吾尔自治区,新疆维吾尔自治区,西北,
3333,新疆维吾尔自治区昆玉市政协,县级,县级市,县级,县级市,"县级政协,县级市政协",,新疆维吾尔自治区,新疆维吾尔自治区,西北,
3334,新疆维吾尔自治区胡杨河市政协,县级,县级市,县级,县级市,"县级政协,县级市政协",,新疆维吾尔自治区,新疆维吾尔自治区,西北,
3335,新疆维吾尔自治区新星市政协,县级,县级市,县级,县级市,"县级政协,县级市政协",,新疆维吾尔自治区,新疆维吾尔自治区,西北,
3336,新疆维吾尔自治区白杨市政协,县级,县级市,县级,县级市,"县级政协,县级市政协",,新疆维吾尔自治区,新疆维吾尔自治区,西北,
3337,新疆生产建设兵团政协,省级,兵团,省级,兵团,"省级政协,兵团政协",,,新疆维吾尔自治区,西北,
